ts_iso,slug,market_url,window_text,buy_up_cents,buy_down_cents,sell_up_cents,sell_down_cents,buy_up_size,buy_down_size,sell_up_size,sell_down_size,mid_up_cents,mid_down_cents,spread_up_cents,spread_down_cents,bid_depth_up_5,ask_depth_up_5,bid_depth_down_5,ask_depth_down_5,level_count_bid_up,level_count_ask_up,level_count_bid_down,level_count_ask_down,target_price,final_price,trade_count_1s,trade_volume_1s
2026-08-06T20:27:12+08:00,btc-updown-5m-1786019100,https://polymarket.com/zh/event/btc-updown-5m-1786019100,20:25-20:30,49.00,52.00,48.00,51.00,1026.12,80.86,80.86,985.83,48.50,51.50,1.00,1.00,22930.79,22959.08,22952.08,22950.79,48,51,51,48,,64472.29,,
2026-08-06T20:27:14+08:00,btc-updown-5m-1786019100,https://polymarket.com/zh/event/btc-updown-5m-1786019100,20:25-20:30,49.00,52.00,48.00,51.00,1299.13,44.23,44.23,1299.13,48.50,51.50,1.00,1.00,22930.79,22853.09,22837.08,22950.79,48,51,51,48,,64472.34,,
2026-08-06T20:27:16+08:00,btc-updown-5m-1786019100,https://polymarket.com/zh/event/btc-updown-5m-1786019100,20:25-20:30,49.00,52.00,48.00,51.00,224.40,603.06,609.63,224.40,48.50,51.50,1.00,1.00,23210.39,22419.08,22487.08,23210.39,48,51,51,48,,64476.14,,
2026-08-06T20:27:18+08:00,btc-updown-5m-1786019100,https://polymarket.com/zh/event/btc-updown-5m-1786019100,20:25-20:30,50.00,51.00,49.00,50.00,45.38,977.32,418.90,45.38,49.50,50.50,1.00,1.00,22970.39,22654.08,22545.08,23005.39,49,50,50,49,,64476.14,,
2026-08-06T20:27:20+08:00,btc-updown-5m-1786019100,https://polymarket.com/zh/event/btc-updown-5m-1786019100,20:25-20:30,51.00,50.00,50.00,49.00,175.19,933.84,986.64,170.19,50.50,49.50,1.00,1.00,23315.39,22539.08,22534.08,24210.39,50,49,49,50,,64476.14,,
2026-08-06T20:27:22+08:00,btc-updown-5m-1786019100,https://polymarket.com/zh/event/btc-updown-5m-1786019100,20:25-20:30,51.00,50.00,50.00,49.00,161.26,1900.42,1886.86,161.26,50.50,49.50,1.00,1.00,23800.39,22799.08,22794.08,24320.40,50,49,49,50,,64476.14,,
2026-08-06T20:27:24+08:00,btc-updown-5m-1786019100,https://polymarket.com/zh/event/btc-updown-5m-1786019100,20:25-20:30,51.00,50.00,50.00,49.00,132.31,1666.39,1894.63,132.31,50.50,49.50,1.00,1.00,23115.39,22809.08,22789.08,23700.39,50,49,49,50,,64475.86,,
2026-08-06T20:27:26+08:00,btc-updown-5m-1786019100,https://polymarket.com/zh/event/btc-updown-5m-1786019100,20:25-20:30,51.00,50.00,50.00,49.00,126.92,1630.27,1689.73,120.92,50.50,49.50,1.00,1.00,23125.39,22799.08,22804.08,23630.39,50,49,49,50,,64475.87,,
2026-08-06T20:27:28+08:00,btc-updown-5m-1786019100,https://polymarket.com/zh/event/btc-updown-5m-1786019100,20:25-20:30,51.00,50.00,50.00,49.00,79.92,751.14,1751.14,79.92,50.50,49.50,1.00,1.00,23531.39,22687.08,22672.08,23131.39,50,49,49,50,,64475.86,,
2026-08-06T20:27:30+08:00,btc-updown-5m-1786019100,https://polymarket.com/zh/event/btc-updown-5m-1786019100,20:25-20:30,51.00,50.00,50.00,49.00,52.95,606.54,711.13,52.95,50.50,49.50,1.00,1.00,23781.39,22677.08,22682.08,23896.39,50,49,49,50,,64475.86,,
2026-08-06T20:27:32+08:00,btc-updown-5m-1786019100,https://polymarket.com/zh/event/btc-updown-5m-1786019100,20:25-20:30,57.00,43.00,56.00,42.00,12.50,881.04,728.42,138.30,56.50,42.50,1.00,1.00,23961.40,22657.08,23370.41,23001.39,56,43,42,57,,64476.15,,
2026-08-06T20:27:34+08:00,btc-updown-5m-1786019100,https://polymarket.com/zh/event/btc-updown-5m-1786019100,20:25-20:30,56.00,45.00,55.00,44.00,242.07,1377.28,1363.97,212.07,55.50,44.50,1.00,1.00,24006.39,24527.07,24537.07,23121.40,55,44,44,55,,64476.31,,
2026-08-06T20:27:36+08:00,btc-updown-5m-1786019100,https://polymarket.com/zh/event/btc-updown-5m-1786019100,20:25-20:30,55.00,46.00,54.00,45.00,55.79,1835.18,1845.18,103.99,54.50,45.50,1.00,1.00,23366.40,24532.07,24532.07,23271.39,54,45,45,54,,64476.31,,
2026-08-06T20:27:38+08:00,btc-updown-5m-1786019100,https://polymarket.com/zh/event/btc-updown-5m-1786019100,20:25-20:30,55.00,46.00,54.00,45.00,537.66,15.86,15.86,547.66,54.50,45.50,1.00,1.00,22861.39,24787.07,24777.07,23361.39,54,45,45,54,,64476.32,,
2026-08-06T20:27:40+08:00,btc-updown-5m-1786019100,https://polymarket.com/zh/event/btc-updown-5m-1786019100,20:25-20:30,56.00,45.00,55.00,44.00,233.57,1614.44,1622.80,228.57,55.50,44.50,1.00,1.00,23856.39,24537.07,24542.07,23376.39,55,44,44,55,,64476.32,,
2026-08-06T20:27:42+08:00,btc-updown-5m-1786019100,https://polymarket.com/zh/event/btc-updown-5m-1786019100,20:25-20:30,61.00,40.00,60.00,39.00,169.95,57.94,644.68,315.81,60.50,39.50,1.00,1.00,23011.39,24532.07,24532.07,24101.39,60,39,39,60,,64476.31,,
2026-08-06T20:27:44+08:00,btc-updown-5m-1786019100,https://polymarket.com/zh/event/btc-updown-5m-1786019100,20:25-20:30,61.00,40.00,60.00,39.00,420.22,99.44,30.46,363.28,60.50,39.50,1.00,1.00,23501.39,24537.07,24527.07,23106.39,60,39,39,60,,64476.37,,
2026-08-06T20:27:46+08:00,btc-updown-5m-1786019100,https://polymarket.com/zh/event/btc-updown-5m-1786019100,20:25-20:30,59.00,42.00,58.00,41.00,339.55,13.71,8.71,353.36,58.50,41.50,1.00,1.00,22926.40,22302.08,22317.08,22766.39,58,41,41,58,,64476.31,,
2026-08-06T20:27:48+08:00,btc-updown-5m-1786019100,https://polymarket.com/zh/event/btc-updown-5m-1786019100,20:25-20:30,59.00,42.00,58.00,41.00,170.26,438.12,464.77,195.89,58.50,41.50,1.00,1.00,23411.39,22307.08,22312.08,22906.39,58,41,41,58,,64476.32,,
2026-08-06T20:27:50+08:00,btc-updown-5m-1786019100,https://polymarket.com/zh/event/btc-updown-5m-1786019100,20:25-20:30,61.00,40.00,60.00,39.00,295.14,65.00,88.11,351.83,60.50,39.50,1.00,1.00,23521.39,22297.08,22297.08,23616.39,60,39,39,60,,64475.72,,
2026-08-06T20:27:52+08:00,btc-updown-5m-1786019100,https://polymarket.com/zh/event/btc-updown-5m-1786019100,20:25-20:30,61.00,40.00,60.00,39.00,265.40,75.00,75.00,245.95,60.50,39.50,1.00,1.00,23411.39,22292.08,22307.08,22926.40,60,39,39,60,,64476.58,,
2026-08-06T20:27:54+08:00,btc-updown-5m-1786019100,https://polymarket.com/zh/event/btc-updown-5m-1786019100,20:25-20:30,61.00,40.00,60.00,39.00,311.74,20.00,20.00,276.11,60.50,39.50,1.00,1.00,23906.39,22297.08,22307.08,23021.40,60,39,39,60,,64476.58,,
2026-08-06T20:27:56+08:00,btc-updown-5m-1786019100,https://polymarket.com/zh/event/btc-updown-5m-1786019100,20:25-20:30,62.00,39.00,61.00,38.00,238.82,174.30,181.72,238.82,61.50,38.50,1.00,1.00,23906.39,22297.08,22302.08,22916.39,61,38,38,61,,64476.58,,
2026-08-06T20:27:58+08:00,btc-updown-5m-1786019100,https://polymarket.com/zh/event/btc-updown-5m-1786019100,20:25-20:30,62.00,39.00,61.00,38.00,261.97,352.29,392.29,233.08,61.50,38.50,1.00,1.00,23656.39,22302.08,22292.08,23006.39,61,38,38,61,,64476.58,,
2026-08-06T20:28:00+08:00,btc-updown-5m-1786019100,https://polymarket.com/zh/event/btc-updown-5m-1786019100,20:25-20:30,63.00,38.00,62.00,37.00,288.74,312.24,319.68,293.74,62.50,37.50,1.00,1.00,24011.39,22182.08,22187.08,23401.40,62,37,37,62,,64476.58,,
2026-08-06T20:28:02+08:00,btc-updown-5m-1786019100,https://polymarket.com/zh/event/btc-updown-5m-1786019100,20:25-20:30,63.00,38.00,62.00,37.00,186.48,571.79,608.12,266.48,62.50,37.50,1.00,1.00,23804.09,21947.08,21947.08,22904.10,62,37,37,62,,64476.59,,
2026-08-06T20:28:04+08:00,btc-updown-5m-1786019100,https://polymarket.com/zh/event/btc-updown-5m-1786019100,20:25-20:30,64.00,37.00,63.00,36.00,100.68,948.30,929.22,100.68,63.50,36.50,1.00,1.00,23244.10,21902.08,21907.08,22754.09,63,36,36,63,,64476.58,,
2026-08-06T20:28:06+08:00,btc-updown-5m-1786019100,https://polymarket.com/zh/event/btc-updown-5m-1786019100,20:25-20:30,64.00,37.00,63.00,36.00,40.09,1213.71,1204.56,40.09,63.50,36.50,1.00,1.00,23639.10,21902.08,21912.08,22654.09,63,36,36,63,,64476.58,,
2026-08-06T20:28:08+08:00,btc-updown-5m-1786019100,https://polymarket.com/zh/event/btc-updown-5m-1786019100,20:25-20:30,65.00,36.00,64.00,35.00,206.92,1167.84,1167.84,210.36,64.50,35.50,1.00,1.00,22739.09,21907.08,21907.08,23149.09,64,35,35,64,,64476.59,,
2026-08-06T20:28:10+08:00,btc-updown-5m-1786019100,https://polymarket.com/zh/event/btc-updown-5m-1786019100,20:25-20:30,65.00,36.00,64.00,35.00,103.07,1083.39,1198.95,103.07,64.50,35.50,1.00,1.00,22744.09,21907.08,21897.08,23139.09,64,35,35,64,,64476.58,,
2026-08-06T20:28:12+08:00,btc-updown-5m-1786019100,https://polymarket.com/zh/event/btc-updown-5m-1786019100,20:25-20:30,66.00,35.00,65.00,34.00,117.91,905.96,897.92,109.43,65.50,34.50,1.00,1.00,23739.09,22302.08,22297.08,23139.09,65,34,34,65,,64476.59,,
2026-08-06T20:28:14+08:00,btc-updown-5m-1786019100,https://polymarket.com/zh/event/btc-updown-5m-1786019100,20:25-20:30,68.00,33.00,67.00,32.00,20.57,1155.55,1155.55,20.57,67.50,32.50,1.00,1.00,23644.09,24722.07,24727.07,22754.10,67,32,32,67,,64476.59,,
2026-08-06T20:28:16+08:00,btc-updown-5m-1786019100,https://polymarket.com/zh/event/btc-updown-5m-1786019100,20:25-20:30,67.00,34.00,66.00,33.00,231.68,239.13,211.89,185.60,66.50,33.50,1.00,1.00,22999.09,24284.07,24264.07,22894.09,66,33,33,66,,64476.58,,
2026-08-06T20:28:18+08:00,btc-updown-5m-1786019100,https://polymarket.com/zh/event/btc-updown-5m-1786019100,20:25-20:30,67.00,34.00,66.00,33.00,108.14,276.68,412.51,108.14,66.50,33.50,1.00,1.00,22509.09,24294.07,24279.07,22914.09,66,33,33,66,,64474.98,,
2026-08-06T20:28:20+08:00,btc-updown-5m-1786019100,https://polymarket.com/zh/event/btc-updown-5m-1786019100,20:25-20:30,68.00,33.00,67.00,32.00,164.27,705.91,699.89,85.36,67.50,32.50,1.00,1.00,23125.09,24059.07,24049.07,22125.09,67,32,32,67,,64474.98,,
2026-08-06T20:28:22+08:00,btc-updown-5m-1786019100,https://polymarket.com/zh/event/btc-updown-5m-1786019100,20:25-20:30,69.00,32.00,68.00,31.00,207.58,797.86,797.86,200.33,68.50,31.50,1.00,1.00,22700.09,23684.07,23684.07,22705.09,68,31,31,68,,64474.98,,
2026-08-06T20:28:24+08:00,btc-updown-5m-1786019100,https://polymarket.com/zh/event/btc-updown-5m-1786019100,20:25-20:30,69.00,32.00,68.00,31.00,173.98,681.66,716.51,227.53,68.50,31.50,1.00,1.00,22679.09,23679.07,23669.07,22574.09,68,31,31,68,,64474.97,,
2026-08-06T20:28:26+08:00,btc-updown-5m-1786019100,https://polymarket.com/zh/event/btc-updown-5m-1786019100,20:25-20:30,70.00,31.00,69.00,30.00,296.00,456.27,465.10,255.00,69.50,30.50,1.00,1.00,22669.09,23674.07,23674.07,22679.09,69,30,30,69,,64474.97,,
2026-08-06T20:28:28+08:00,btc-updown-5m-1786019100,https://polymarket.com/zh/event/btc-updown-5m-1786019100,20:25-20:30,70.00,31.00,69.00,30.00,206.99,670.79,670.79,6.99,69.50,30.50,1.00,1.00,22679.10,23674.07,23669.07,22574.09,69,30,30,69,,64473.44,,
2026-08-06T20:28:30+08:00,btc-updown-5m-1786019100,https://polymarket.com/zh/event/btc-updown-5m-1786019100,20:25-20:30,71.00,30.00,70.00,29.00,209.27,125.92,157.36,184.27,70.50,29.50,1.00,1.00,22465.75,23703.98,23923.98,22455.66,70,29,29,70,,64474.97,,
2026-08-06T20:28:32+08:00,btc-updown-5m-1786019100,https://polymarket.com/zh/event/btc-updown-5m-1786019100,20:25-20:30,72.00,29.00,71.00,28.00,163.47,955.07,960.07,167.08,71.50,28.50,1.00,1.00,22780.66,23763.98,23708.98,22290.66,71,28,28,71,,64474.97,,
2026-08-06T20:28:34+08:00,btc-updown-5m-1786019100,https://polymarket.com/zh/event/btc-updown-5m-1786019100,20:25-20:30,65.00,36.00,64.00,35.00,94.24,378.88,390.43,104.24,64.50,35.50,1.00,1.00,21550.66,23593.63,23743.63,22455.66,64,35,35,64,,64474.12,,
2026-08-06T20:28:36+08:00,btc-updown-5m-1786019100,https://polymarket.com/zh/event/btc-updown-5m-1786019100,20:25-20:30,66.00,35.00,65.00,34.00,1178.16,11.54,11.54,1198.09,65.50,34.50,1.00,1.00,21980.66,23648.63,23553.63,22000.66,65,34,34,65,,64473.12,,
2026-08-06T20:28:38+08:00,btc-updown-5m-1786019100,https://polymarket.com/zh/event/btc-updown-5m-1786019100,20:25-20:30,65.00,36.00,64.00,35.00,174.74,451.58,381.10,163.81,64.50,35.50,1.00,1.00,23925.66,23458.63,23443.63,23020.66,64,35,35,64,,64473.13,,
2026-08-06T20:28:40+08:00,btc-updown-5m-1786019100,https://polymarket.com/zh/event/btc-updown-5m-1786019100,20:25-20:30,65.00,36.00,64.00,35.00,231.67,353.46,377.55,205.67,64.50,35.50,1.00,1.00,23520.66,23448.63,23438.63,23515.66,64,35,35,64,,64473.13,,
2026-08-06T20:28:42+08:00,btc-updown-5m-1786019100,https://polymarket.com/zh/event/btc-updown-5m-1786019100,20:25-20:30,66.00,35.00,65.00,34.00,1156.30,25.00,25.00,1156.30,65.50,34.50,1.00,1.00,22931.66,23848.63,23843.63,23921.66,65,34,34,65,,64473.12,,
2026-08-06T20:28:44+08:00,btc-updown-5m-1786019100,https://polymarket.com/zh/event/btc-updown-5m-1786019100,20:25-20:30,66.00,35.00,65.00,34.00,873.80,8.56,13.56,873.80,65.50,34.50,1.00,1.00,23131.66,23603.63,23613.63,23751.66,65,34,34,65,,64473.13,,
2026-08-06T20:28:46+08:00,btc-updown-5m-1786019100,https://polymarket.com/zh/event/btc-updown-5m-1786019100,20:25-20:30,63.00,38.00,62.00,37.00,882.00,343.40,321.57,577.27,62.50,37.50,1.00,1.00,23781.66,23848.63,22040.63,22063.67,62,37,37,62,,64471.84,,
2026-08-06T20:28:48+08:00,btc-updown-5m-1786019100,https://polymarket.com/zh/event/btc-updown-5m-1786019100,20:25-20:30,58.00,43.00,57.00,42.00,1408.34,51.00,31.00,1938.72,57.50,42.50,1.00,1.00,21753.66,21910.63,21925.63,22763.66,57,42,42,57,,64471.50,,
2026-08-06T20:28:50+08:00,btc-updown-5m-1786019100,https://polymarket.com/zh/event/btc-updown-5m-1786019100,20:25-20:30,55.00,46.00,54.00,45.00,1460.43,17.60,33.70,1470.95,54.50,45.50,1.00,1.00,22453.66,21848.20,21828.20,22453.67,54,45,45,54,,64471.50,,
2026-08-06T20:28:52+08:00,btc-updown-5m-1786019100,https://polymarket.com/zh/event/btc-updown-5m-1786019100,20:25-20:30,54.00,47.00,53.00,46.00,32.64,413.52,294.06,64.64,53.50,46.50,1.00,1.00,22048.66,21833.20,21843.20,22558.66,53,45,45,53,,64470.83,,
2026-08-06T20:28:54+08:00,btc-updown-5m-1786019100,https://polymarket.com/zh/event/btc-updown-5m-1786019100,20:25-20:30,52.00,49.00,51.00,48.00,95.17,25.38,88.33,170.17,51.50,48.50,1.00,1.00,22043.66,21828.20,21833.20,22563.67,50,48,48,49,,64470.84,,
2026-08-06T20:28:56+08:00,btc-updown-5m-1786019100,https://polymarket.com/zh/event/btc-updown-5m-1786019100,20:25-20:30,52.00,49.00,51.00,48.00,235.47,50.85,50.85,204.94,51.50,48.50,1.00,1.00,21957.67,21853.20,21828.20,22547.66,51,47,47,51,,64470.19,,
2026-08-06T20:28:58+08:00,btc-updown-5m-1786019100,https://polymarket.com/zh/event/btc-updown-5m-1786019100,20:25-20:30,50.00,51.00,49.00,50.00,449.62,45.00,20.00,444.33,49.50,50.50,1.00,1.00,22537.65,21944.20,21844.21,22537.65,48,49,49,48,,64470.19,,
2026-08-06T20:29:00+08:00,btc-updown-5m-1786019100,https://polymarket.com/zh/event/btc-updown-5m-1786019100,20:25-20:30,48.00,53.00,47.00,52.00,370.87,114.01,161.76,408.66,47.50,52.50,1.00,1.00,22542.65,21888.20,22005.18,22542.63,47,51,50,47,,64470.82,,
2026-08-06T20:29:02+08:00,btc-updown-5m-1786019100,https://polymarket.com/zh/event/btc-updown-5m-1786019100,20:25-20:30,49.00,52.00,48.00,51.00,124.63,256.42,256.42,114.63,48.50,51.50,1.00,1.00,21048.97,21658.19,21653.18,21048.97,46,51,51,46,,64470.83,,
2026-08-06T20:29:04+08:00,btc-updown-5m-1786019100,https://polymarket.com/zh/event/btc-updown-5m-1786019100,20:25-20:30,48.00,53.00,47.00,52.00,106.99,101.92,101.92,80.32,47.50,52.50,1.00,1.00,21053.97,21648.18,21669.19,21043.97,47,51,51,47,,64470.83,,
2026-08-06T20:29:06+08:00,btc-updown-5m-1786019100,https://polymarket.com/zh/event/btc-updown-5m-1786019100,20:25-20:30,51.00,50.00,50.00,49.00,41.30,497.33,494.33,41.30,50.50,49.50,1.00,1.00,21498.97,21337.18,21352.18,21413.98,49,46,46,49,,64470.83,,
2026-08-06T20:29:08+08:00,btc-updown-5m-1786019100,https://polymarket.com/zh/event/btc-updown-5m-1786019100,20:25-20:30,54.00,47.00,53.00,46.00,102.89,235.51,235.51,102.89,53.50,46.50,1.00,1.00,21348.97,21347.18,21342.18,21933.97,52,46,46,52,,64470.83,,
2026-08-06T20:29:10+08:00,btc-updown-5m-1786019100,https://polymarket.com/zh/event/btc-updown-5m-1786019100,20:25-20:30,54.00,47.00,53.00,46.00,124.18,199.33,199.33,124.18,53.50,46.50,1.00,1.00,20923.98,21337.18,21362.18,20928.97,52,44,44,52,,64470.82,,
2026-08-06T20:29:12+08:00,btc-updown-5m-1786019100,https://polymarket.com/zh/event/btc-updown-5m-1786019100,20:25-20:30,45.00,56.00,44.00,55.00,186.80,66.15,72.32,196.80,44.50,55.50,1.00,1.00,20550.09,21437.18,21357.18,20560.09,44,55,55,44,,64470.83,,
2026-08-06T20:29:14+08:00,btc-updown-5m-1786019100,https://polymarket.com/zh/event/btc-updown-5m-1786019100,20:25-20:30,43.00,58.00,42.00,57.00,514.18,84.75,84.75,508.41,42.50,57.50,1.00,1.00,20550.09,21348.18,21352.18,20560.09,42,57,57,42,,64470.07,,
2026-08-06T20:29:16+08:00,btc-updown-5m-1786019100,https://polymarket.com/zh/event/btc-updown-5m-1786019100,20:25-20:30,43.00,58.00,42.00,57.00,385.66,118.15,118.15,380.66,42.50,57.50,1.00,1.00,20490.09,21357.18,21458.18,20480.09,42,57,57,42,,64470.08,,
2026-08-06T20:29:18+08:00,btc-updown-5m-1786019100,https://polymarket.com/zh/event/btc-updown-5m-1786019100,20:25-20:30,38.00,66.00,37.00,64.00,365.55,3.85,53.14,225.00,37.50,65.00,1.00,2.00,20484.09,21441.18,21431.18,20474.09,34,62,64,33,,64470.08,,
2026-08-06T20:29:20+08:00,btc-updown-5m-1786019100,https://polymarket.com/zh/event/btc-updown-5m-1786019100,20:25-20:30,41.00,59.00,40.00,58.00,6.12,410.25,209.60,183.09,40.50,58.50,1.00,1.00,20699.09,21457.18,21591.19,20612.97,40,59,57,40,,64470.08,,
2026-08-06T20:29:22+08:00,btc-updown-5m-1786019100,https://polymarket.com/zh/event/btc-updown-5m-1786019100,20:25-20:30,42.00,59.00,41.00,58.00,187.59,324.44,334.44,220.28,41.50,58.50,1.00,1.00,20704.97,21457.18,21467.19,20719.97,37,58,58,38,,64470.08,,
2026-08-06T20:29:23+08:00,btc-updown-5m-1786019100,https://polymarket.com/zh/event/btc-updown-5m-1786019100,20:25-20:30,41.00,60.00,40.00,59.00,206.21,39.83,20.00,233.54,40.50,59.50,1.00,1.00,20429.97,21802.18,21813.18,20444.97,39,59,59,39,,64470.07,,
2026-08-06T20:29:25+08:00,btc-updown-5m-1786019100,https://polymarket.com/zh/event/btc-updown-5m-1786019100,20:25-20:30,39.00,62.00,38.00,61.00,346.27,25.66,30.50,346.27,38.50,61.50,1.00,1.00,20421.09,21653.19,21653.18,20436.09,35,61,61,36,,64470.08,,
2026-08-06T20:29:27+08:00,btc-updown-5m-1786019100,https://polymarket.com/zh/event/btc-updown-5m-1786019100,20:25-20:30,39.00,62.00,38.00,61.00,561.85,7.09,7.09,502.73,38.50,61.50,1.00,1.00,20419.09,21732.19,21613.18,20419.09,35,61,61,35,,64470.08,,
2026-08-06T20:29:29+08:00,btc-updown-5m-1786019100,https://polymarket.com/zh/event/btc-updown-5m-1786019100,20:25-20:30,42.00,59.00,41.00,58.00,16.77,598.60,488.60,16.77,41.50,58.50,1.00,1.00,20652.09,21494.18,21523.18,20632.09,40,55,55,40,,64470.08,,
2026-08-06T20:29:31+08:00,btc-updown-5m-1786019100,https://polymarket.com/zh/event/btc-updown-5m-1786019100,20:25-20:30,38.00,63.00,37.00,62.00,150.00,10.33,113.64,175.00,37.50,62.50,1.00,1.00,19727.09,20317.18,20297.18,19727.09,34,62,62,34,,64470.08,,
2026-08-06T20:29:33+08:00,btc-updown-5m-1786019100,https://polymarket.com/zh/event/btc-updown-5m-1786019100,20:25-20:30,30.00,71.00,29.00,70.00,315.15,47.21,37.93,320.15,29.50,70.50,1.00,1.00,19612.09,20211.18,20206.18,19607.09,26,68,68,26,,64470.08,,
2026-08-06T20:29:35+08:00,btc-updown-5m-1786019100,https://polymarket.com/zh/event/btc-updown-5m-1786019100,20:25-20:30,35.00,66.00,34.00,65.00,29.79,65.00,65.00,64.97,34.50,65.50,1.00,1.00,18478.76,21137.48,20820.82,18498.76,29,65,65,28,,64470.08,,
2026-08-06T20:29:37+08:00,btc-updown-5m-1786019100,https://polymarket.com/zh/event/btc-updown-5m-1786019100,20:25-20:30,35.00,66.00,34.00,65.00,88.11,875.38,374.98,88.11,34.50,65.50,1.00,1.00,18535.64,21134.04,21127.04,18550.64,27,65,65,27,,64470.07,,
2026-08-06T20:29:40+08:00,btc-updown-5m-1786019100,https://polymarket.com/zh/event/btc-updown-5m-1786019100,20:25-20:30,35.00,66.00,34.00,65.00,59.09,689.48,689.48,59.09,34.50,65.50,1.00,1.00,18505.64,21965.47,21961.47,18555.64,28,65,65,28,,64470.08,,
2026-08-06T20:29:42+08:00,btc-updown-5m-1786019100,https://polymarket.com/zh/event/btc-updown-5m-1786019100,20:25-20:30,41.00,59.00,40.00,58.00,74.04,320.00,265.00,60.00,40.50,58.50,1.00,1.00,17546.63,24598.76,24607.77,17536.63,32,56,54,31,,64473.63,,
2026-08-06T20:29:44+08:00,btc-updown-5m-1786019100,https://polymarket.com/zh/event/btc-updown-5m-1786019100,20:25-20:30,46.00,55.00,45.00,54.00,15.00,254.26,254.26,15.00,45.50,54.50,1.00,1.00,17501.63,24738.76,24727.77,17506.63,32,53,53,32,,64473.63,,
2026-08-06T20:29:46+08:00,btc-updown-5m-1786019100,https://polymarket.com/zh/event/btc-updown-5m-1786019100,20:25-20:30,53.00,48.00,52.00,47.00,374.90,1599.72,1599.72,385.64,52.50,47.50,1.00,1.00,17606.63,24347.76,24442.76,17701.63,37,47,47,36,,64473.63,,
2026-08-06T20:29:48+08:00,btc-updown-5m-1786019100,https://polymarket.com/zh/event/btc-updown-5m-1786019100,20:25-20:30,53.00,48.00,52.00,47.00,28.11,1396.44,1396.44,26.64,52.50,47.50,1.00,1.00,16868.63,24324.76,24324.76,17353.63,38,47,47,38,,64473.63,,
2026-08-06T20:29:50+08:00,btc-updown-5m-1786019100,https://polymarket.com/zh/event/btc-updown-5m-1786019100,20:25-20:30,54.00,47.00,53.00,46.00,170.29,205.72,125.00,170.29,53.50,46.50,1.00,1.00,16858.64,24319.76,23576.39,16803.60,35,45,45,35,,64473.63,,
2026-08-06T20:29:52+08:00,btc-updown-5m-1786019100,https://polymarket.com/zh/event/btc-updown-5m-1786019100,20:25-20:30,67.00,33.00,65.00,32.00,5.00,118.00,82.54,21.35,66.00,32.50,2.00,1.00,9705.26,15845.39,15955.39,9710.26,43,32,31,44,,64473.63,,
2026-08-06T20:29:54+08:00,btc-updown-5m-1786019100,https://polymarket.com/zh/event/btc-updown-5m-1786019100,20:25-20:30,80.00,20.00,79.00,18.00,14.67,16.00,18.80,22.01,79.50,19.00,1.00,2.00,10988.10,10730.16,10735.16,10493.10,68,19,18,69,,64473.63,,
2026-08-06T20:29:56+08:00,btc-updown-5m-1786019100,https://polymarket.com/zh/event/btc-updown-5m-1786019100,20:25-20:30,87.00,13.00,86.00,12.00,5.00,40.00,95.38,529.40,86.50,12.50,1.00,1.00,16167.93,7154.53,7174.66,17752.99,68,13,12,67,,64473.64,,
2026-08-06T20:29:58+08:00,btc-updown-5m-1786019100,https://polymarket.com/zh/event/btc-updown-5m-1786019100,20:25-20:30,92.00,21.00,91.00,20.00,7.00,75.94,292.33,329.12,91.50,20.50,1.00,1.00,16398.31,12584.28,11944.34,15594.31,56,6,10,54,,64473.63,,
2026-08-06T20:30:00+08:00,btc-updown-5m-1786019100,https://polymarket.com/zh/event/btc-updown-5m-1786019100,20:25-20:30,97.00,8.00,92.00,3.00,424.43,62.93,5.98,82.01,94.50,5.50,5.00,5.00,7937.27,2931.12,2414.95,4721.33,61,3,3,39,,64473.64,,
2026-08-06T20:30:02+08:00,btc-updown-5m-1786019400,https://polymarket.com/zh/event/btc-updown-5m-1786019400,20:30-20:35,49.00,52.00,48.00,51.00,1863.57,177.38,194.88,1818.57,48.50,51.50,1.00,1.00,24084.70,25294.99,25299.99,24114.70,48,51,51,48,64468.44,64468.44,,
2026-08-06T20:30:04+08:00,btc-updown-5m-1786019400,https://polymarket.com/zh/event/btc-updown-5m-1786019400,20:30-20:35,49.00,52.00,48.00,51.00,1779.14,13.07,15.00,1799.63,48.50,51.50,1.00,1.00,24985.70,25090.99,25216.00,24975.70,48,51,51,48,64468.44,64469.47,,
2026-08-06T20:30:06+08:00,btc-updown-5m-1786019400,https://polymarket.com/zh/event/btc-updown-5m-1786019400,20:30-20:35,49.00,52.00,48.00,51.00,2847.76,24.52,24.52,2787.12,48.50,51.50,1.00,1.00,24940.70,25235.99,25351.00,24970.70,48,51,51,48,64468.44,64467.36,,
2026-08-06T20:30:08+08:00,btc-updown-5m-1786019400,https://polymarket.com/zh/event/btc-updown-5m-1786019400,20:30-20:35,26.00,75.00,25.00,74.00,366.84,60.62,156.92,538.04,25.50,74.50,1.00,1.00,27963.21,25809.99,25794.99,27953.21,25,74,74,25,64468.44,64445.08,,
2026-08-06T20:30:10+08:00,btc-updown-5m-1786019400,https://polymarket.com/zh/event/btc-updown-5m-1786019400,20:30-20:35,22.00,79.00,21.00,78.00,1752.12,731.91,795.21,1833.89,21.50,78.50,1.00,1.00,27705.21,23659.99,23664.99,27705.21,21,78,78,21,64468.44,64441.74,,
2026-08-06T20:30:12+08:00,btc-updown-5m-1786019400,https://polymarket.com/zh/event/btc-updown-5m-1786019400,20:30-20:35,19.00,82.00,18.00,81.00,524.94,84.16,79.16,745.78,18.50,81.50,1.00,1.00,28432.21,23621.99,23506.99,28487.21,18,81,81,18,64468.44,64441.73,,
2026-08-06T20:30:14+08:00,btc-updown-5m-1786019400,https://polymarket.com/zh/event/btc-updown-5m-1786019400,20:30-20:35,16.00,85.00,15.00,84.00,2225.53,174.55,132.79,2249.71,15.50,84.50,1.00,1.00,29871.31,24184.60,24179.59,30008.81,15,84,84,15,64468.44,64432.80,,
2026-08-06T20:30:16+08:00,btc-updown-5m-1786019400,https://polymarket.com/zh/event/btc-updown-5m-1786019400,20:30-20:35,16.00,85.00,15.00,84.00,2364.16,91.39,164.43,2399.03,15.50,84.50,1.00,1.00,30207.21,24601.32,24506.32,30446.94,15,84,84,15,64468.44,64429.01,,
2026-08-06T20:30:18+08:00,btc-updown-5m-1786019400,https://polymarket.com/zh/event/btc-updown-5m-1786019400,20:30-20:35,15.00,86.00,14.00,85.00,1476.22,198.60,198.60,1458.44,14.50,85.50,1.00,1.00,30572.94,24031.32,23796.32,30532.94,14,85,85,14,64468.44,64429.00,,
2026-08-06T20:30:20+08:00,btc-updown-5m-1786019400,https://polymarket.com/zh/event/btc-updown-5m-1786019400,20:30-20:35,22.00,79.00,21.00,78.00,174.81,488.98,504.45,98.03,21.50,78.50,1.00,1.00,26194.70,22351.32,22451.32,26204.70,21,78,78,21,64468.44,64443.21,,
2026-08-06T20:30:22+08:00,btc-updown-5m-1786019400,https://polymarket.com/zh/event/btc-updown-5m-1786019400,20:30-20:35,22.00,79.00,21.00,78.00,64.03,531.44,531.44,64.03,21.50,78.50,1.00,1.00,26154.70,22336.32,22416.32,26144.70,21,78,78,21,64468.44,64445.59,,
2026-08-06T20:30:25+08:00,btc-updown-5m-1786019400,https://polymarket.com/zh/event/btc-updown-5m-1786019400,20:30-20:35,29.00,72.00,28.00,71.00,799.80,377.42,377.42,704.01,28.50,71.50,1.00,1.00,24404.16,24311.31,24301.31,24404.16,28,71,71,28,64468.44,64450.09,,
2026-08-06T20:30:27+08:00,btc-updown-5m-1786019400,https://polymarket.com/zh/event/btc-updown-5m-1786019400,20:30-20:35,29.00,72.00,28.00,71.00,749.12,115.00,185.77,779.12,28.50,71.50,1.00,1.00,23650.69,21921.33,21821.32,23675.69,28,71,71,28,64468.44,64450.09,,
2026-08-06T20:30:29+08:00,btc-updown-5m-1786019400,https://polymarket.com/zh/event/btc-updown-5m-1786019400,20:30-20:35,29.00,72.00,28.00,71.00,628.26,83.46,150.96,860.79,28.50,71.50,1.00,1.00,23480.69,21586.32,21681.32,23706.40,28,71,71,28,64468.44,64450.09,,
2026-08-06T20:30:31+08:00,btc-updown-5m-1786019400,https://polymarket.com/zh/event/btc-updown-5m-1786019400,20:30-20:35,28.00,73.00,27.00,72.00,939.47,546.38,546.38,939.47,27.50,72.50,1.00,1.00,23029.21,21106.32,21091.32,23029.21,27,72,72,27,64468.44,64450.09,,
2026-08-06T20:30:33+08:00,btc-updown-5m-1786019400,https://polymarket.com/zh/event/btc-updown-5m-1786019400,20:30-20:35,32.00,69.00,31.00,68.00,12.91,892.42,842.18,12.00,31.50,68.50,1.00,1.00,23313.21,22441.32,22461.33,23333.21,31,68,68,31,64468.44,64455.59,,
2026-08-06T20:30:35+08:00,btc-updown-5m-1786019400,https://polymarket.com/zh/event/btc-updown-5m-1786019400,20:30-20:35,33.00,68.00,32.00,67.00,406.62,50.97,62.97,461.62,32.50,67.50,1.00,1.00,23243.21,22306.32,22211.32,23253.21,32,67,67,32,64468.44,64455.59,,
2026-08-06T20:30:37+08:00,btc-updown-5m-1786019400,https://polymarket.com/zh/event/btc-updown-5m-1786019400,20:30-20:35,32.00,69.00,31.00,68.00,808.03,287.69,246.93,715.51,31.50,68.50,1.00,1.00,23213.21,20996.32,21021.33,23223.21,31,68,68,31,64468.44,64455.59,,
2026-08-06T20:30:39+08:00,btc-updown-5m-1786019400,https://polymarket.com/zh/event/btc-updown-5m-1786019400,20:30-20:35,32.00,70.00,31.00,69.00,704.59,62.51,120.50,511.54,31.50,69.50,1.00,1.00,23239.21,20996.32,21016.33,23254.21,31,68,69,30,64468.44,64455.64,,
2026-08-06T20:30:40+08:00,btc-updown-5m-1786019400,https://polymarket.com/zh/event/btc-updown-5m-1786019400,20:30-20:35,40.00,61.00,39.00,60.00,24.37,503.96,279.60,24.37,39.50,60.50,1.00,1.00,23209.21,22835.32,22730.31,23194.21,39,60,60,39,64468.44,64455.64,,
2026-08-06T20:30:42+08:00,btc-updown-5m-1786019400,https://polymarket.com/zh/event/btc-updown-5m-1786019400,20:30-20:35,43.00,58.00,42.00,57.00,101.00,593.01,876.13,101.00,42.50,57.50,1.00,1.00,22407.88,24193.31,24308.31,22412.88,42,57,57,42,64468.44,64459.39,,
2026-08-06T20:30:44+08:00,btc-updown-5m-1786019400,https://polymarket.com/zh/event/btc-updown-5m-1786019400,20:30-20:35,51.00,50.00,50.00,49.00,1239.73,7.58,136.58,1242.59,50.50,49.50,1.00,1.00,23141.21,22898.98,22888.98,21611.22,50,49,49,50,64468.44,64473.67,,
2026-08-06T20:30:47+08:00,btc-updown-5m-1786019400,https://polymarket.com/zh/event/btc-updown-5m-1786019400,20:30-20:35,49.00,52.00,48.00,51.00,244.06,48.10,58.57,472.17,48.50,51.50,1.00,1.00,23051.21,23687.31,23687.32,23051.21,48,51,51,48,64468.44,64475.00,,
2026-08-06T20:30:48+08:00,btc-updown-5m-1786019400,https://polymarket.com/zh/event/btc-updown-5m-1786019400,20:30-20:35,52.00,49.00,51.00,48.00,254.70,165.65,130.42,211.85,51.50,48.50,1.00,1.00,23076.22,23313.98,23303.98,23061.21,51,48,48,51,64468.44,64475.00,,
2026-08-06T20:30:50+08:00,btc-updown-5m-1786019400,https://polymarket.com/zh/event/btc-updown-5m-1786019400,20:30-20:35,52.00,49.00,51.00,48.00,62.82,565.24,490.53,62.82,51.50,48.50,1.00,1.00,23081.21,23094.98,23084.98,23171.21,51,48,48,51,64468.44,64475.00,,
2026-08-06T20:30:52+08:00,btc-updown-5m-1786019400,https://polymarket.com/zh/event/btc-updown-5m-1786019400,20:30-20:35,53.00,48.00,52.00,47.00,104.03,266.39,316.53,81.67,52.50,47.50,1.00,1.00,23246.22,23079.98,23089.98,23151.21,52,47,47,52,64468.44,64475.00,,
2026-08-06T20:30:55+08:00,btc-updown-5m-1786019400,https://polymarket.com/zh/event/btc-updown-5m-1786019400,20:30-20:35,49.00,52.00,48.00,51.00,14.49,537.83,644.76,63.13,48.50,51.50,1.00,1.00,22896.21,23199.98,23204.99,22906.21,48,51,51,48,64468.44,64475.00,,
2026-08-06T20:30:57+08:00,btc-updown-5m-1786019400,https://polymarket.com/zh/event/btc-updown-5m-1786019400,20:30-20:35,49.00,51.00,48.00,50.00,82.53,345.00,373.01,101.87,48.50,50.50,1.00,1.00,22656.21,23149.98,23159.98,22661.21,48,51,50,49,64468.44,64475.00,,
2026-08-06T20:30:58+08:00,btc-updown-5m-1786019400,https://polymarket.com/zh/event/btc-updown-5m-1786019400,20:30-20:35,48.00,53.00,47.00,52.00,415.33,55.00,55.00,442.67,47.50,52.50,1.00,1.00,22406.21,23059.99,23059.98,22416.21,47,52,52,47,64468.44,64469.54,,
2026-08-06T20:31:00+08:00,btc-updown-5m-1786019400,https://polymarket.com/zh/event/btc-updown-5m-1786019400,20:30-20:35,33.00,68.00,32.00,67.00,268.01,5.00,10.00,329.49,32.50,67.50,1.00,1.00,26029.54,26610.99,26500.99,26064.54,32,67,67,32,64468.44,64467.00,,
2026-08-06T20:31:02+08:00,btc-updown-5m-1786019400,https://polymarket.com/zh/event/btc-updown-5m-1786019400,20:30-20:35,34.00,67.00,33.00,66.00,464.42,108.92,103.92,426.47,33.50,66.50,1.00,1.00,25807.21,26535.99,26545.99,25812.21,33,66,66,33,64468.44,64460.01,,
2026-08-06T20:31:04+08:00,btc-updown-5m-1786019400,https://polymarket.com/zh/event/btc-updown-5m-1786019400,20:30-20:35,37.00,64.00,36.00,63.00,60.23,607.74,641.07,60.23,36.50,63.50,1.00,1.00,26689.54,26499.32,26394.32,26689.54,36,63,63,36,64468.44,64459.76,,
2026-08-06T20:31:06+08:00,btc-updown-5m-1786019400,https://polymarket.com/zh/event/btc-updown-5m-1786019400,20:30-20:35,39.00,62.00,38.00,61.00,631.77,64.03,64.03,633.35,38.50,61.50,1.00,1.00,26211.54,26173.32,26261.32,26221.54,38,61,61,38,64468.44,64462.61,,
2026-08-06T20:31:08+08:00,btc-updown-5m-1786019400,https://polymarket.com/zh/event/btc-updown-5m-1786019400,20:30-20:35,35.00,66.00,34.00,65.00,928.21,64.76,64.76,921.85,34.50,65.50,1.00,1.00,25961.54,25928.32,25932.33,25981.54,34,65,65,34,64468.44,64462.62,,
2026-08-06T20:31:10+08:00,btc-updown-5m-1786019400,https://polymarket.com/zh/event/btc-updown-5m-1786019400,20:30-20:35,34.00,68.00,33.00,67.00,1123.50,1.78,22.90,400.00,33.50,67.50,1.00,1.00,25796.54,26033.32,25948.33,25811.54,33,66,67,32,64468.44,64462.62,,
2026-08-06T20:31:12+08:00,btc-updown-5m-1786019400,https://polymarket.com/zh/event/btc-updown-5m-1786019400,20:30-20:35,31.00,70.00,30.00,69.00,458.93,330.78,300.78,553.34,30.50,69.50,1.00,1.00,25669.54,26038.32,26012.32,25664.54,30,69,69,30,64468.44,64459.41,,
2026-08-06T20:31:14+08:00,btc-updown-5m-1786019400,https://polymarket.com/zh/event/btc-updown-5m-1786019400,20:30-20:35,30.00,71.00,29.00,70.00,605.95,234.20,210.08,635.95,29.50,70.50,1.00,1.00,25639.54,26029.32,25943.33,25644.54,29,70,70,29,64468.44,64459.40,,
2026-08-06T20:31:16+08:00,btc-updown-5m-1786019400,https://polymarket.com/zh/event/btc-updown-5m-1786019400,20:30-20:35,29.00,72.00,28.00,71.00,436.07,469.98,326.44,24.00,28.50,71.50,1.00,1.00,25219.54,25927.32,26049.32,25194.54,28,71,71,28,64468.44,64458.11,,
2026-08-06T20:31:18+08:00,btc-updown-5m-1786019400,https://polymarket.com/zh/event/btc-updown-5m-1786019400,20:30-20:35,32.00,69.00,31.00,68.00,609.70,99.58,118.58,737.60,31.50,68.50,1.00,1.00,25336.54,26027.32,26023.32,25326.54,31,68,68,31,64468.44,64458.78,,
2026-08-06T20:31:20+08:00,btc-updown-5m-1786019400,https://polymarket.com/zh/event/btc-updown-5m-1786019400,20:30-20:35,32.00,69.00,31.00,68.00,648.64,25.71,90.26,741.33,31.50,68.50,1.00,1.00,25331.54,26028.32,25922.33,25326.54,31,68,68,31,64468.44,64458.79,,
2026-08-06T20:31:22+08:00,btc-updown-5m-1786019400,https://polymarket.com/zh/event/btc-updown-5m-1786019400,20:30-20:35,31.00,70.00,30.00,69.00,865.41,157.71,157.71,865.41,30.50,69.50,1.00,1.00,25331.54,26016.32,26043.32,25341.54,30,69,69,30,64468.44,64458.79,,
2026-08-06T20:31:24+08:00,btc-updown-5m-1786019400,https://polymarket.com/zh/event/btc-updown-5m-1786019400,20:30-20:35,31.00,70.00,30.00,69.00,869.92,174.55,146.28,869.92,30.50,69.50,1.00,1.00,25336.54,26021.33,25938.32,25326.54,30,69,69,30,64468.44,64458.78,,
2026-08-06T20:31:26+08:00,btc-updown-5m-1786019400,https://polymarket.com/zh/event/btc-updown-5m-1786019400,20:30-20:35,31.00,70.00,30.00,69.00,899.11,66.67,66.67,899.27,30.50,69.50,1.00,1.00,25326.54,26016.33,26042.32,25341.54,30,69,69,30,64468.44,64458.78,,
2026-08-06T20:31:28+08:00,btc-updown-5m-1786019400,https://polymarket.com/zh/event/btc-updown-5m-1786019400,20:30-20:35,26.00,75.00,25.00,74.00,857.18,39.95,39.95,949.56,25.50,74.50,1.00,1.00,24609.58,25169.32,25264.32,24822.69,25,74,74,25,64468.44,64457.88,,
2026-08-06T20:31:30+08:00,btc-updown-5m-1786019400,https://polymarket.com/zh/event/btc-updown-5m-1786019400,20:30-20:35,19.00,82.00,18.00,81.00,113.00,659.99,641.99,107.00,18.50,81.50,1.00,1.00,22271.15,24203.33,24089.32,22271.15,18,81,81,18,64468.44,64451.80,,
2026-08-06T20:31:32+08:00,btc-updown-5m-1786019400,https://polymarket.com/zh/event/btc-updown-5m-1786019400,20:30-20:35,27.00,74.00,26.00,73.00,591.49,66.73,68.78,584.31,26.50,73.50,1.00,1.00,20265.60,23082.33,22978.32,20265.60,26,73,73,26,64468.44,64451.86,,
2026-08-06T20:31:34+08:00,btc-updown-5m-1786019400,https://polymarket.com/zh/event/btc-updown-5m-1786019400,20:30-20:35,25.00,76.00,24.00,75.00,904.08,71.68,73.00,969.08,24.50,75.50,1.00,1.00,20950.56,23291.32,23317.32,20828.89,24,75,75,24,64468.44,64450.85,,
2026-08-06T20:31:36+08:00,btc-updown-5m-1786019400,https://polymarket.com/zh/event/btc-updown-5m-1786019400,20:30-20:35,36.00,65.00,35.00,64.00,354.67,30.67,55.67,332.67,35.50,64.50,1.00,1.00,23192.11,25511.31,25526.31,23197.11,35,64,64,35,64468.44,64459.39,,
2026-08-06T20:31:38+08:00,btc-updown-5m-1786019400,https://polymarket.com/zh/event/btc-updown-5m-1786019400,20:30-20:35,38.00,63.00,37.00,62.00,68.50,719.41,700.23,43.50,37.50,62.50,1.00,1.00,24691.77,25521.32,25521.31,24681.77,37,62,62,37,64468.44,64462.47,,
2026-08-06T20:31:40+08:00,btc-updown-5m-1786019400,https://polymarket.com/zh/event/btc-updown-5m-1786019400,20:30-20:35,39.00,62.00,38.00,61.00,1206.93,236.00,236.00,1245.25,38.50,61.50,1.00,1.00,24826.77,25422.31,25516.31,24821.77,38,61,61,38,64468.44,64462.47,,
2026-08-06T20:31:42+08:00,btc-updown-5m-1786019400,https://polymarket.com/zh/event/btc-updown-5m-1786019400,20:30-20:35,37.00,64.00,36.00,63.00,910.65,407.69,170.63,483.12,36.50,63.50,1.00,1.00,24636.77,25473.31,25487.32,24656.77,36,63,63,36,64468.44,64462.47,,
2026-08-06T20:31:44+08:00,btc-updown-5m-1786019400,https://polymarket.com/zh/event/btc-updown-5m-1786019400,20:30-20:35,37.00,64.00,36.00,63.00,78.48,492.51,494.11,78.48,36.50,63.50,1.00,1.00,24826.77,23353.32,23362.33,24836.77,36,63,63,36,64468.44,64462.53,,
2026-08-06T20:31:46+08:00,btc-updown-5m-1786019400,https://polymarket.com/zh/event/btc-updown-5m-1786019400,20:30-20:35,38.00,62.00,37.00,61.00,15.00,95.00,1619.02,19.10,37.50,61.50,1.00,1.00,24876.77,23462.33,23381.65,24871.77,37,62,61,38,64468.44,64462.52,,
2026-08-06T20:31:49+08:00,btc-updown-5m-1786019400,https://polymarket.com/zh/event/btc-updown-5m-1786019400,20:30-20:35,40.00,61.00,39.00,60.00,412.35,269.01,269.01,412.35,39.50,60.50,1.00,1.00,24871.77,26549.31,26664.31,24881.77,39,60,60,39,64468.44,64462.52,,
2026-08-06T20:31:51+08:00,btc-updown-5m-1786019400,https://polymarket.com/zh/event/btc-updown-5m-1786019400,20:30-20:35,34.00,67.00,33.00,66.00,24.94,643.71,953.29,74.94,33.50,66.50,1.00,1.00,24911.77,26059.32,25965.32,24906.77,33,66,66,33,64468.44,64462.52,,
2026-08-06T20:31:53+08:00,btc-updown-5m-1786019400,https://polymarket.com/zh/event/btc-updown-5m-1786019400,20:30-20:35,34.00,70.00,33.00,69.00,877.05,65.78,9.00,387.24,33.50,69.50,1.00,1.00,24911.77,25969.32,25964.32,24856.77,32,66,69,30,64468.44,64462.53,,
2026-08-06T20:31:55+08:00,btc-updown-5m-1786019400,https://polymarket.com/zh/event/btc-updown-5m-1786019400,20:30-20:35,33.00,68.00,32.00,67.00,29.17,788.71,786.26,24.17,32.50,67.50,1.00,1.00,24748.77,26060.32,25979.33,24753.77,32,67,67,32,64468.44,64458.08,,
2026-08-06T20:31:56+08:00,btc-updown-5m-1786019400,https://polymarket.com/zh/event/btc-updown-5m-1786019400,20:30-20:35,34.00,67.00,33.00,66.00,552.94,9.04,9.04,562.94,33.50,66.50,1.00,1.00,24650.77,26059.32,25975.32,24665.77,33,66,66,33,64468.44,64458.07,,
2026-08-06T20:31:58+08:00,btc-updown-5m-1786019400,https://polymarket.com/zh/event/btc-updown-5m-1786019400,20:30-20:35,33.00,68.00,32.00,67.00,917.06,28.74,28.74,1064.44,32.50,67.50,1.00,1.00,24645.77,25959.32,26070.32,24660.77,32,67,67,32,64468.44,64458.07,,
2026-08-06T20:32:01+08:00,btc-updown-5m-1786019400,https://polymarket.com/zh/event/btc-updown-5m-1786019400,20:30-20:35,29.00,72.00,28.00,71.00,150.91,383.94,300.44,44.00,28.50,71.50,1.00,1.00,23414.11,25946.32,25851.32,23429.11,28,71,71,28,64468.44,64458.07,,
2026-08-06T20:32:03+08:00,btc-updown-5m-1786019400,https://polymarket.com/zh/event/btc-updown-5m-1786019400,20:30-20:35,24.00,77.00,23.00,76.00,647.00,84.14,93.85,844.57,23.50,76.50,1.00,1.00,22774.03,24727.32,24633.32,22824.03,23,76,76,23,64468.44,64454.42,,
2026-08-06T20:32:05+08:00,btc-updown-5m-1786019400,https://polymarket.com/zh/event/btc-updown-5m-1786019400,20:30-20:35,29.00,72.00,28.00,71.00,464.91,29.00,34.67,477.20,28.50,71.50,1.00,1.00,22524.48,23495.32,23486.32,22519.48,28,71,71,28,64468.44,64454.42,,
2026-08-06T20:32:07+08:00,btc-updown-5m-1786019400,https://polymarket.com/zh/event/btc-updown-5m-1786019400,20:30-20:35,28.00,73.00,27.00,72.00,885.69,15.00,15.00,885.69,27.50,72.50,1.00,1.00,23436.36,23486.32,23590.32,23236.36,27,72,72,27,64468.44,64454.43,,
2026-08-06T20:32:09+08:00,btc-updown-5m-1786019400,https://polymarket.com/zh/event/btc-updown-5m-1786019400,20:30-20:35,25.00,75.00,24.00,74.00,74.00,426.66,817.35,100.00,24.50,74.50,1.00,1.00,23662.89,23337.33,23237.32,23487.11,24,75,74,25,64468.44,64454.11,,
2026-08-06T20:32:11+08:00,btc-updown-5m-1786019400,https://polymarket.com/zh/event/btc-updown-5m-1786019400,20:30-20:35,27.00,74.00,26.00,73.00,909.39,13.58,13.58,1024.53,26.50,73.50,1.00,1.00,25937.04,23231.32,23215.32,26871.08,26,73,73,25,64468.44,64454.11,,
2026-08-06T20:32:13+08:00,btc-updown-5m-1786019400,https://polymarket.com/zh/event/btc-updown-5m-1786019400,20:30-20:35,26.00,75.00,25.00,74.00,446.00,216.54,216.54,336.84,25.50,74.50,1.00,1.00,24788.87,23928.32,23923.32,24798.87,25,74,74,25,64468.44,64452.53,,
2026-08-06T20:32:15+08:00,btc-updown-5m-1786019400,https://polymarket.com/zh/event/btc-updown-5m-1786019400,20:30-20:35,25.00,76.00,24.00,75.00,707.86,281.87,251.87,670.86,24.50,75.50,1.00,1.00,25035.26,24400.32,24311.32,24975.26,24,75,75,24,64468.44,64452.52,,
2026-08-06T20:32:17+08:00,btc-updown-5m-1786019400,https://polymarket.com/zh/event/btc-updown-5m-1786019400,20:30-20:35,25.00,76.00,24.00,75.00,761.27,57.54,57.54,782.84,24.50,75.50,1.00,1.00,25460.79,24295.32,24510.33,25460.79,24,75,75,24,64468.44,64452.53,,
2026-08-06T20:32:19+08:00,btc-updown-5m-1786019400,https://polymarket.com/zh/event/btc-updown-5m-1786019400,20:30-20:35,25.00,76.00,24.00,75.00,552.82,9.69,12.16,545.75,24.50,75.50,1.00,1.00,25821.92,24511.32,24390.32,25599.67,24,75,75,24,64468.44,64452.53,,
2026-08-06T20:32:20+08:00,btc-updown-5m-1786019400,https://polymarket.com/zh/event/btc-updown-5m-1786019400,20:30-20:35,19.00,82.00,18.00,81.00,301.39,633.97,295.40,68.92,18.50,81.50,1.00,1.00,23917.09,24046.32,24057.32,23904.09,18,81,81,18,64468.44,64452.53,,
2026-08-06T20:32:22+08:00,btc-updown-5m-1786019400,https://polymarket.com/zh/event/btc-updown-5m-1786019400,20:30-20:35,22.00,79.00,21.00,78.00,613.12,11.82,11.82,606.12,21.50,78.50,1.00,1.00,25345.73,23821.33,23796.32,25345.73,21,78,78,21,64468.44,64451.81,,
2026-08-06T20:32:24+08:00,btc-updown-5m-1786019400,https://polymarket.com/zh/event/btc-updown-5m-1786019400,20:30-20:35,22.00,79.00,21.00,78.00,285.15,182.73,241.33,336.83,21.50,78.50,1.00,1.00,25714.92,23923.32,23816.32,25714.92,21,78,78,21,64468.44,64451.13,,
2026-08-06T20:32:27+08:00,btc-updown-5m-1786019400,https://polymarket.com/zh/event/btc-updown-5m-1786019400,20:30-20:35,21.00,80.00,20.00,79.00,499.60,100.12,100.12,509.60,20.50,79.50,1.00,1.00,26596.70,23918.32,23901.32,25408.73,20,79,79,20,64468.44,64451.13,,
2026-08-06T20:32:29+08:00,btc-updown-5m-1786019400,https://polymarket.com/zh/event/btc-updown-5m-1786019400,20:30-20:35,21.00,80.00,20.00,79.00,448.52,64.64,64.64,448.52,20.50,79.50,1.00,1.00,26886.77,24057.32,23811.32,26886.77,20,79,79,20,64468.44,64451.13,,
2026-08-06T20:32:31+08:00,btc-updown-5m-1786019400,https://polymarket.com/zh/event/btc-updown-5m-1786019400,20:30-20:35,20.00,81.00,19.00,80.00,745.08,5.46,17.81,739.08,19.50,80.50,1.00,1.00,27890.64,24152.32,24151.32,27895.64,19,80,80,19,64468.44,64451.12,,
2026-08-06T20:32:33+08:00,btc-updown-5m-1786019400,https://polymarket.com/zh/event/btc-updown-5m-1786019400,20:30-20:35,18.00,83.00,17.00,82.00,603.22,55.00,40.58,584.93,17.50,82.50,1.00,1.00,27726.64,24037.32,23937.32,27813.30,17,82,82,17,64468.44,64451.00,,
2026-08-06T20:32:35+08:00,btc-updown-5m-1786019400,https://polymarket.com/zh/event/btc-updown-5m-1786019400,20:30-20:35,15.00,86.00,14.00,85.00,15.45,582.30,580.85,15.45,14.50,85.50,1.00,1.00,23688.30,23733.32,23742.32,23688.30,14,85,85,14,64468.44,64451.01,,
2026-08-06T20:32:37+08:00,btc-updown-5m-1786019400,https://polymarket.com/zh/event/btc-updown-5m-1786019400,20:30-20:35,15.00,86.00,14.00,85.00,660.88,161.00,111.00,660.69,14.50,85.50,1.00,1.00,23715.64,23626.32,23653.32,23715.64,14,85,85,14,64468.44,64451.01,,
2026-08-06T20:32:39+08:00,btc-updown-5m-1786019400,https://polymarket.com/zh/event/btc-updown-5m-1786019400,20:30-20:35,13.00,88.00,12.00,87.00,180.73,296.14,296.14,180.73,12.50,87.50,1.00,1.00,23500.64,23611.33,23633.32,23500.64,12,87,87,12,64468.44,64450.53,,
2026-08-06T20:32:41+08:00,btc-updown-5m-1786019400,https://polymarket.com/zh/event/btc-updown-5m-1786019400,20:30-20:35,12.00,89.00,11.00,88.00,230.37,507.37,507.37,230.37,11.50,88.50,1.00,1.00,24276.64,23606.33,23727.32,24276.64,11,88,88,11,64468.44,64447.24,,
2026-08-06T20:32:43+08:00,btc-updown-5m-1786019400,https://polymarket.com/zh/event/btc-updown-5m-1786019400,20:30-20:35,13.00,88.00,12.00,87.00,20.83,445.00,484.70,20.83,12.50,87.50,1.00,1.00,23293.64,23622.32,23707.32,23293.64,12,87,87,12,64468.44,64447.16,,
2026-08-06T20:32:45+08:00,btc-updown-5m-1786019400,https://polymarket.com/zh/event/btc-updown-5m-1786019400,20:30-20:35,14.00,87.00,13.00,86.00,81.20,1416.64,1371.64,71.20,13.50,86.50,1.00,1.00,23876.64,23711.32,23701.32,23876.64,13,86,86,13,64468.44,64447.16,,
2026-08-06T20:32:47+08:00,btc-updown-5m-1786019400,https://polymarket.com/zh/event/btc-updown-5m-1786019400,20:30-20:35,16.00,85.00,15.00,84.00,381.68,94.93,79.93,357.68,15.50,84.50,1.00,1.00,23989.64,23727.32,23611.33,23989.64,15,84,84,15,64468.44,64447.16,,
2026-08-06T20:32:49+08:00,btc-updown-5m-1786019400,https://polymarket.com/zh/event/btc-updown-5m-1786019400,20:30-20:35,17.00,84.00,16.00,83.00,224.43,334.36,334.36,216.91,16.50,83.50,1.00,1.00,24336.30,23451.32,23368.32,24149.64,16,83,83,16,64468.44,64447.17,,
2026-08-06T20:32:51+08:00,btc-updown-5m-1786019400,https://polymarket.com/zh/event/btc-updown-5m-1786019400,20:30-20:35,17.00,84.00,16.00,83.00,397.30,18.31,42.21,407.30,16.50,83.50,1.00,1.00,24336.30,23717.32,23616.32,24336.30,16,83,83,16,64468.44,64447.17,,
2026-08-06T20:32:53+08:00,btc-updown-5m-1786019400,https://polymarket.com/zh/event/btc-updown-5m-1786019400,20:30-20:35,15.00,86.00,14.00,85.00,634.63,63.05,59.06,639.63,14.50,85.50,1.00,1.00,24086.98,23723.32,23612.32,24086.98,14,85,85,14,64468.44,64447.16,,
2026-08-06T20:32:55+08:00,btc-updown-5m-1786019400,https://polymarket.com/zh/event/btc-updown-5m-1786019400,20:30-20:35,15.00,86.00,14.00,85.00,260.63,306.13,320.13,271.00,14.50,85.50,1.00,1.00,24039.64,23716.33,23712.32,24079.64,14,85,85,14,64468.44,64447.16,,
2026-08-06T20:32:57+08:00,btc-updown-5m-1786019400,https://polymarket.com/zh/event/btc-updown-5m-1786019400,20:30-20:35,26.00,74.00,25.00,73.00,13.34,521.97,746.86,46.75,25.50,73.50,1.00,1.00,24624.67,25816.31,25817.31,24624.67,25,74,73,26,64468.44,64447.17,,
2026-08-06T20:32:59+08:00,btc-updown-5m-1786019400,https://polymarket.com/zh/event/btc-updown-5m-1786019400,20:30-20:35,27.00,74.00,26.00,73.00,852.34,112.19,26.00,797.30,26.50,73.50,1.00,1.00,24639.67,24164.65,24190.65,24639.67,25,73,73,26,64468.44,64455.59,,
2026-08-06T20:33:01+08:00,btc-updown-5m-1786019400,https://polymarket.com/zh/event/btc-updown-5m-1786019400,20:30-20:35,22.00,79.00,21.00,78.00,581.97,13.00,20.00,581.97,21.50,78.50,1.00,1.00,26372.12,24215.65,24200.65,26332.12,21,78,78,21,64468.44,64457.53,,
2026-08-06T20:33:03+08:00,btc-updown-5m-1786019400,https://polymarket.com/zh/event/btc-updown-5m-1786019400,20:30-20:35,22.00,79.00,21.00,78.00,526.31,464.18,330.00,513.65,21.50,78.50,1.00,1.00,26707.76,24768.98,25373.31,26720.43,21,78,78,21,64468.44,64456.93,,
2026-08-06T20:33:05+08:00,btc-updown-5m-1786019400,https://polymarket.com/zh/event/btc-updown-5m-1786019400,20:30-20:35,22.00,79.00,21.00,78.00,368.57,344.27,345.03,368.46,21.50,78.50,1.00,1.00,27486.23,25377.31,24061.65,27486.23,21,78,78,21,64468.44,64455.68,,
2026-08-06T20:33:07+08:00,btc-updown-5m-1786019400,https://polymarket.com/zh/event/btc-updown-5m-1786019400,20:30-20:35,22.00,79.00,21.00,78.00,291.49,362.17,302.18,391.41,21.50,78.50,1.00,1.00,27586.23,25462.31,25371.32,27586.23,21,78,78,21,64468.44,64455.68,,
2026-08-06T20:33:09+08:00,btc-updown-5m-1786019400,https://polymarket.com/zh/event/btc-updown-5m-1786019400,20:30-20:35,18.00,83.00,17.00,82.00,381.36,220.96,220.96,381.36,17.50,82.50,1.00,1.00,27551.23,25377.31,25456.31,27551.23,17,82,82,17,64468.44,64455.67,,
2026-08-06T20:33:11+08:00,btc-updown-5m-1786019400,https://polymarket.com/zh/event/btc-updown-5m-1786019400,20:30-20:35,17.00,84.00,16.00,83.00,220.92,167.99,193.00,225.92,16.50,83.50,1.00,1.00,27596.23,25436.32,25341.31,27596.23,16,83,83,16,64468.44,64454.64,,
2026-08-06T20:33:13+08:00,btc-updown-5m-1786019400,https://polymarket.com/zh/event/btc-updown-5m-1786019400,20:30-20:35,17.00,84.00,16.00,83.00,261.39,132.36,226.32,284.28,16.50,83.50,1.00,1.00,27762.89,25356.31,25377.31,27762.89,16,83,83,16,64468.44,64454.76,,
2026-08-06T20:33:15+08:00,btc-updown-5m-1786019400,https://polymarket.com/zh/event/btc-updown-5m-1786019400,20:30-20:35,19.00,82.00,18.00,81.00,109.87,288.29,407.10,189.87,18.50,81.50,1.00,1.00,27111.23,25406.32,25382.31,27277.89,18,81,81,18,64468.44,64451.92,,
2026-08-06T20:33:17+08:00,btc-updown-5m-1786019400,https://polymarket.com/zh/event/btc-updown-5m-1786019400,20:30-20:35,19.00,82.00,18.00,81.00,235.85,260.21,153.57,245.85,18.50,81.50,1.00,1.00,26967.89,25192.31,25102.31,26967.89,18,81,81,18,64468.44,64451.92,,
2026-08-06T20:33:19+08:00,btc-updown-5m-1786019400,https://polymarket.com/zh/event/btc-updown-5m-1786019400,20:30-20:35,19.00,82.00,18.00,81.00,319.65,68.48,18.48,326.17,18.50,81.50,1.00,1.00,27215.89,25092.31,25206.32,27215.89,18,81,81,18,64468.44,64453.52,,
2026-08-06T20:33:21+08:00,btc-updown-5m-1786019400,https://polymarket.com/zh/event/btc-updown-5m-1786019400,20:30-20:35,16.00,85.00,15.00,84.00,16.15,649.75,627.75,16.15,15.50,84.50,1.00,1.00,27101.21,24858.31,24948.32,26924.55,15,84,84,15,64468.44,64453.52,,
2026-08-06T20:33:23+08:00,btc-updown-5m-1786019400,https://polymarket.com/zh/event/btc-updown-5m-1786019400,20:30-20:35,16.00,86.00,15.00,85.00,511.06,80.00,40.00,230.00,15.50,85.50,1.00,1.00,26939.55,24842.32,24837.31,27126.21,15,84,85,14,64468.44,64453.53,,
2026-08-06T20:33:25+08:00,btc-updown-5m-1786019400,https://polymarket.com/zh/event/btc-updown-5m-1786019400,20:30-20:35,14.00,87.00,13.00,86.00,404.33,720.73,770.79,396.60,13.50,86.50,1.00,1.00,28526.55,24826.32,24853.31,28539.55,13,86,86,13,64468.44,64453.34,,
2026-08-06T20:33:27+08:00,btc-updown-5m-1786019400,https://polymarket.com/zh/event/btc-updown-5m-1786019400,20:30-20:35,14.00,87.00,13.00,86.00,760.00,160.75,346.75,689.38,13.50,86.50,1.00,1.00,22746.09,24901.31,24822.31,23336.62,13,86,86,13,64468.44,64450.02,,
2026-08-06T20:33:29+08:00,btc-updown-5m-1786019400,https://polymarket.com/zh/event/btc-updown-5m-1786019400,20:30-20:35,12.00,89.00,11.00,88.00,1675.18,355.97,38.56,1639.16,11.50,88.50,1.00,1.00,24106.62,23297.32,23707.23,21304.64,11,88,88,11,64468.44,64450.02,,
2026-08-06T20:33:31+08:00,btc-updown-5m-1786019400,https://polymarket.com/zh/event/btc-updown-5m-1786019400,20:30-20:35,11.00,90.00,10.00,89.00,1557.69,57.15,57.15,1572.69,10.50,89.50,1.00,1.00,22438.99,23828.88,23928.88,22538.99,10,89,89,10,64468.44,64446.24,,
2026-08-06T20:33:33+08:00,btc-updown-5m-1786019400,https://polymarket.com/zh/event/btc-updown-5m-1786019400,20:30-20:35,10.00,91.00,9.00,90.00,583.81,141.99,34.32,702.99,9.50,90.50,1.00,1.00,23765.80,23827.88,23849.88,23978.28,9,90,90,9,64468.44,64446.23,,
2026-08-06T20:33:35+08:00,btc-updown-5m-1786019400,https://polymarket.com/zh/event/btc-updown-5m-1786019400,20:30-20:35,10.00,91.00,9.00,90.00,379.11,50.00,105.23,879.11,9.50,90.50,1.00,1.00,23854.48,23948.88,23838.88,23854.48,9,90,90,9,64468.44,64446.24,,
2026-08-06T20:33:37+08:00,btc-updown-5m-1786019400,https://polymarket.com/zh/event/btc-updown-5m-1786019400,20:30-20:35,10.00,91.00,9.00,90.00,907.95,45.47,45.47,913.07,9.50,90.50,1.00,1.00,23869.48,23922.88,23832.88,23869.48,9,90,90,9,64468.44,64446.23,,
2026-08-06T20:33:39+08:00,btc-updown-5m-1786019400,https://polymarket.com/zh/event/btc-updown-5m-1786019400,20:30-20:35,8.00,93.00,7.00,92.00,397.56,340.51,340.51,403.67,7.50,92.50,1.00,1.00,23732.69,23831.89,23953.88,23832.69,7,92,92,7,64468.44,64446.23,,
2026-08-06T20:33:41+08:00,btc-updown-5m-1786019400,https://polymarket.com/zh/event/btc-updown-5m-1786019400,20:30-20:35,8.00,93.00,7.00,92.00,442.17,283.62,284.70,442.17,7.50,92.50,1.00,1.00,23042.07,23904.88,23888.88,23007.07,7,92,92,7,64468.44,64446.23,,
2026-08-06T20:33:43+08:00,btc-updown-5m-1786019400,https://polymarket.com/zh/event/btc-updown-5m-1786019400,20:30-20:35,6.00,95.00,5.00,94.00,372.68,1328.71,1302.93,382.68,5.50,94.50,1.00,1.00,19571.77,23898.88,23798.88,19742.38,5,94,94,5,64468.44,64446.23,,
2026-08-06T20:33:45+08:00,btc-updown-5m-1786019400,https://polymarket.com/zh/event/btc-updown-5m-1786019400,20:30-20:35,6.00,95.00,5.00,94.00,271.09,1067.78,1155.03,299.34,5.50,94.50,1.00,1.00,19288.87,23898.88,23903.88,19221.62,5,94,94,5,64468.44,64445.67,,
2026-08-06T20:33:47+08:00,btc-updown-5m-1786019400,https://polymarket.com/zh/event/btc-updown-5m-1786019400,20:30-20:35,6.00,95.00,5.00,94.00,295.14,378.18,378.18,339.96,5.50,94.50,1.00,1.00,18588.29,23909.88,23788.88,18377.82,5,94,94,5,64468.44,64445.67,,
2026-08-06T20:33:49+08:00,btc-updown-5m-1786019400,https://polymarket.com/zh/event/btc-updown-5m-1786019400,20:30-20:35,6.00,95.00,5.00,94.00,345.57,348.90,353.90,345.57,5.50,94.50,1.00,1.00,18566.14,23910.88,23903.88,18555.14,5,94,94,5,64468.44,64445.67,,
2026-08-06T20:33:51+08:00,btc-updown-5m-1786019400,https://polymarket.com/zh/event/btc-updown-5m-1786019400,20:30-20:35,5.00,96.00,4.00,95.00,1194.34,219.34,219.34,1194.34,4.50,95.50,1.00,1.00,18110.46,23791.88,23764.88,18100.46,4,95,95,4,64468.44,64448.10,,
2026-08-06T20:33:53+08:00,btc-updown-5m-1786019400,https://polymarket.com/zh/event/btc-updown-5m-1786019400,20:30-20:35,4.00,97.00,3.00,96.00,402.49,1267.88,1313.88,357.49,3.50,96.50,1.00,1.00,15449.80,23673.88,23671.88,15172.80,3,96,96,3,64468.44,64448.08,,
2026-08-06T20:33:55+08:00,btc-updown-5m-1786019400,https://polymarket.com/zh/event/btc-updown-5m-1786019400,20:30-20:35,4.00,97.00,3.00,96.00,1153.92,1137.23,1137.23,1158.92,3.50,96.50,1.00,1.00,12014.28,23360.88,23464.88,12020.28,3,96,96,3,64468.44,64444.20,,
2026-08-06T20:33:58+08:00,btc-updown-5m-1786019400,https://polymarket.com/zh/event/btc-updown-5m-1786019400,20:30-20:35,4.00,97.00,3.00,96.00,1179.11,1186.97,1186.97,1179.11,3.50,96.50,1.00,1.00,11636.92,21919.88,21844.89,11636.92,3,96,96,3,64468.44,64440.00,,
2026-08-06T20:34:00+08:00,btc-updown-5m-1786019400,https://polymarket.com/zh/event/btc-updown-5m-1786019400,20:30-20:35,3.00,98.00,2.00,97.00,581.58,1299.86,1299.86,439.39,2.50,97.50,1.00,1.00,10286.88,21624.88,21733.86,5466.20,2,97,97,2,64468.44,64436.71,,
2026-08-06T20:34:02+08:00,btc-updown-5m-1786019400,https://polymarket.com/zh/event/btc-updown-5m-1786019400,20:30-20:35,3.00,98.00,2.00,97.00,498.09,1155.06,1283.05,635.59,2.50,97.50,1.00,1.00,4661.06,21697.87,21688.86,4533.07,2,97,97,2,64468.44,64436.71,,
2026-08-06T20:34:04+08:00,btc-updown-5m-1786019400,https://polymarket.com/zh/event/btc-updown-5m-1786019400,20:30-20:35,3.00,98.00,2.00,97.00,750.85,917.92,842.92,1603.39,2.50,97.50,1.00,1.00,4135.95,21578.86,21699.86,4210.95,2,97,97,2,64468.44,64436.71,,
2026-08-06T20:34:06+08:00,btc-updown-5m-1786019400,https://polymarket.com/zh/event/btc-updown-5m-1786019400,20:30-20:35,3.00,98.00,2.00,97.00,1628.39,445.47,465.89,1628.39,2.50,97.50,1.00,1.00,3925.55,21504.86,21492.86,3501.13,2,97,97,2,64468.44,64433.15,,
2026-08-06T20:34:08+08:00,btc-updown-5m-1786019400,https://polymarket.com/zh/event/btc-updown-5m-1786019400,20:30-20:35,3.00,98.00,2.00,97.00,1631.73,414.77,414.77,1623.39,2.50,97.50,1.00,1.00,3368.40,21602.86,21623.86,3388.40,2,97,97,2,64468.44,64433.15,,
2026-08-06T20:34:10+08:00,btc-updown-5m-1786019400,https://polymarket.com/zh/event/btc-updown-5m-1786019400,20:30-20:35,2.00,99.00,1.00,98.00,811.67,2716.35,2741.61,859.50,1.50,98.50,1.00,1.00,2741.61,21451.94,21467.93,2716.35,1,98,98,1,64468.44,64433.15,,
2026-08-06T20:34:12+08:00,btc-updown-5m-1786019400,https://polymarket.com/zh/event/btc-updown-5m-1786019400,20:30-20:35,2.00,99.00,1.00,98.00,950.66,1944.91,2013.66,950.66,1.50,98.50,1.00,1.00,2013.66,21462.93,21451.93,1944.91,1,98,98,1,64468.44,64433.14,,
2026-08-06T20:34:14+08:00,btc-updown-5m-1786019400,https://polymarket.com/zh/event/btc-updown-5m-1786019400,20:30-20:35,2.00,99.00,1.00,98.00,2070.95,2130.68,2110.68,2037.03,1.50,98.50,1.00,1.00,2110.68,21451.93,21547.93,2130.68,1,98,98,1,64468.44,64433.15,,
2026-08-06T20:34:16+08:00,btc-updown-5m-1786019400,https://polymarket.com/zh/event/btc-updown-5m-1786019400,20:30-20:35,1.00,,,99.00,2028.56,,,2028.56,,,,,,21357.93,21357.93,,0,99,99,0,64468.44,64433.15,,
2026-08-06T20:34:18+08:00,btc-updown-5m-1786019400,https://polymarket.com/zh/event/btc-updown-5m-1786019400,20:30-20:35,1.00,,,99.00,2039.30,,,2039.30,,,,,,21374.93,21368.93,,0,99,99,0,64468.44,64433.14,,
2026-08-06T20:34:20+08:00,btc-updown-5m-1786019400,https://polymarket.com/zh/event/btc-updown-5m-1786019400,20:30-20:35,1.00,,,99.00,556.97,,,556.97,,,,,,21203.93,21209.93,,0,99,99,0,64468.44,64441.84,,
2026-08-06T20:34:22+08:00,btc-updown-5m-1786019400,https://polymarket.com/zh/event/btc-updown-5m-1786019400,20:30-20:35,1.00,,,99.00,426.97,,,426.97,,,,,,21199.93,21208.93,,0,99,99,0,64468.44,64441.85,,
2026-08-06T20:34:24+08:00,btc-updown-5m-1786019400,https://polymarket.com/zh/event/btc-updown-5m-1786019400,20:30-20:35,1.00,,,99.00,1057.96,,,1057.96,,,,,,20955.93,20943.93,,0,99,99,0,64468.44,64441.84,,
2026-08-06T20:34:26+08:00,btc-updown-5m-1786019400,https://polymarket.com/zh/event/btc-updown-5m-1786019400,20:30-20:35,1.00,,,99.00,1152.09,,,1152.09,,,,,,20954.93,20949.93,,0,99,99,0,64468.44,64441.83,,
2026-08-06T20:34:28+08:00,btc-updown-5m-1786019400,https://polymarket.com/zh/event/btc-updown-5m-1786019400,20:30-20:35,1.00,,,99.00,1228.47,,,1228.47,,,,,,20944.93,20943.93,,0,99,99,0,64468.44,64440.90,,
2026-08-06T20:34:31+08:00,btc-updown-5m-1786019400,https://polymarket.com/zh/event/btc-updown-5m-1786019400,20:30-20:35,1.00,,,99.00,1238.37,,,1238.37,,,,,,20478.93,20428.93,,0,99,99,0,64468.44,64439.29,,
2026-08-06T20:34:33+08:00,btc-updown-5m-1786019400,https://polymarket.com/zh/event/btc-updown-5m-1786019400,20:30-20:35,1.00,,,99.00,1683.90,,,1683.90,,,,,,19977.93,19962.93,,0,99,99,0,64468.44,64439.30,,
2026-08-06T20:34:35+08:00,btc-updown-5m-1786019400,https://polymarket.com/zh/event/btc-updown-5m-1786019400,20:30-20:35,1.00,,,99.00,1674.28,,,1674.28,,,,,,19967.93,19973.93,,0,99,99,0,64468.44,64441.84,,
2026-08-06T20:34:37+08:00,btc-updown-5m-1786019400,https://polymarket.com/zh/event/btc-updown-5m-1786019400,20:30-20:35,1.00,,,99.00,1664.01,,,1664.01,,,,,,19978.93,19972.93,,0,99,99,0,64468.44,64441.84,,
2026-08-06T20:34:39+08:00,btc-updown-5m-1786019400,https://polymarket.com/zh/event/btc-updown-5m-1786019400,20:30-20:35,1.00,,,99.00,1655.92,,,1655.92,,,,,,19962.93,19963.93,,0,99,99,0,64468.44,64441.85,,
2026-08-06T20:34:41+08:00,btc-updown-5m-1786019400,https://polymarket.com/zh/event/btc-updown-5m-1786019400,20:30-20:35,1.00,,,99.00,1660.97,,,1660.97,,,,,,19023.91,19024.91,,0,75,75,0,64468.44,64441.84,,
2026-08-06T20:34:43+08:00,btc-updown-5m-1786019400,https://polymarket.com/zh/event/btc-updown-5m-1786019400,20:30-20:35,1.00,,,99.00,4640.98,,,4640.98,,,,,,19028.92,19028.91,,0,75,75,0,64468.44,64441.84,,
2026-08-06T20:34:45+08:00,btc-updown-5m-1786019400,https://polymarket.com/zh/event/btc-updown-5m-1786019400,20:30-20:35,1.00,,,99.00,7185.98,,,7225.98,,,,,,18895.58,18777.51,,0,75,75,0,64468.44,64441.85,,
2026-08-06T20:34:47+08:00,btc-updown-5m-1786019400,https://polymarket.com/zh/event/btc-updown-5m-1786019400,20:30-20:35,1.00,,,99.00,7225.98,,,9725.98,,,,,,18636.51,18646.51,,0,75,75,0,64468.44,64441.85,,
2026-08-06T20:34:49+08:00,btc-updown-5m-1786019400,https://polymarket.com/zh/event/btc-updown-5m-1786019400,20:30-20:35,1.00,,,99.00,12235.98,,,12235.98,,,,,,18635.51,18621.51,,0,75,75,0,64468.44,64441.84,,
2026-08-06T20:34:51+08:00,btc-updown-5m-1786019400,https://polymarket.com/zh/event/btc-updown-5m-1786019400,20:30-20:35,1.00,,,99.00,12396.03,,,12396.03,,,,,,11636.47,11635.48,,0,75,75,0,64468.44,64439.49,,
2026-08-06T20:34:53+08:00,btc-updown-5m-1786019400,https://polymarket.com/zh/event/btc-updown-5m-1786019400,20:30-20:35,1.00,,,99.00,12526.03,,,12526.03,,,,,,11880.47,11891.47,,0,69,69,0,64468.44,64439.49,,
2026-08-06T20:34:55+08:00,btc-updown-5m-1786019400,https://polymarket.com/zh/event/btc-updown-5m-1786019400,20:30-20:35,1.00,,,99.00,13276.23,,,13276.23,,,,,,11874.47,11845.47,,0,69,67,0,64468.44,64439.19,,
2026-08-06T20:34:57+08:00,btc-updown-5m-1786019400,https://polymarket.com/zh/event/btc-updown-5m-1786019400,20:30-20:35,1.00,,,99.00,22056.29,,,22118.22,,,,,,10354.47,18412.47,,0,56,57,0,64468.44,64438.63,,
2026-08-06T20:34:59+08:00,btc-updown-5m-1786019400,https://polymarket.com/zh/event/btc-updown-5m-1786019400,20:30-20:35,1.00,,,99.00,40693.72,,,41154.24,,,,,,30010.47,24489.47,,0,54,51,0,64468.44,64438.34,,
2026-08-06T20:35:01+08:00,btc-updown-5m-1786019700,https://polymarket.com/zh/event/btc-updown-5m-1786019700,20:35-20:40,53.00,48.00,52.00,47.00,88.00,679.27,667.99,88.00,52.50,47.50,1.00,1.00,23374.02,22216.48,22211.48,23464.03,47,47,47,47,64438.34,64438.34,,
2026-08-06T20:35:03+08:00,btc-updown-5m-1786019700,https://polymarket.com/zh/event/btc-updown-5m-1786019700,20:35-20:40,48.00,53.00,47.00,52.00,741.04,38.42,38.42,721.02,47.50,52.50,1.00,1.00,24724.57,24152.05,24232.04,24907.57,47,52,52,47,64438.34,64433.15,,
2026-08-06T20:35:05+08:00,btc-updown-5m-1786019700,https://polymarket.com/zh/event/btc-updown-5m-1786019700,20:35-20:40,46.00,55.00,45.00,54.00,800.27,31.38,31.38,875.16,45.50,54.50,1.00,1.00,25108.57,24036.04,24031.04,25088.57,45,54,54,45,64438.34,64433.16,,
2026-08-06T20:35:07+08:00,btc-updown-5m-1786019700,https://polymarket.com/zh/event/btc-updown-5m-1786019700,20:35-20:40,45.00,56.00,44.00,55.00,2182.97,37.71,11.64,2262.86,44.50,55.50,1.00,1.00,25141.57,24126.04,24189.04,25136.57,44,55,55,44,64438.34,64433.16,,
2026-08-06T20:35:09+08:00,btc-updown-5m-1786019700,https://polymarket.com/zh/event/btc-updown-5m-1786019700,20:35-20:40,44.00,57.00,43.00,56.00,832.99,90.00,90.00,832.99,43.50,56.50,1.00,1.00,23161.57,22195.04,22075.04,23151.57,43,56,56,43,64438.34,64433.15,,
2026-08-06T20:35:11+08:00,btc-updown-5m-1786019700,https://polymarket.com/zh/event/btc-updown-5m-1786019700,20:35-20:40,44.00,57.00,43.00,56.00,738.32,55.74,73.24,741.93,43.50,56.50,1.00,1.00,24169.90,24113.04,24598.04,24154.90,43,56,56,43,64438.34,64433.16,,
2026-08-06T20:35:13+08:00,btc-updown-5m-1786019700,https://polymarket.com/zh/event/btc-updown-5m-1786019700,20:35-20:40,45.00,56.00,44.00,55.00,499.44,1008.95,967.11,378.88,44.50,55.50,1.00,1.00,24169.90,24822.55,24717.54,24164.90,44,55,55,44,64438.34,64433.15,,
2026-08-06T20:35:15+08:00,btc-updown-5m-1786019700,https://polymarket.com/zh/event/btc-updown-5m-1786019700,20:35-20:40,53.00,48.00,52.00,47.00,601.84,55.95,65.84,705.54,52.50,47.50,1.00,1.00,26086.40,24528.47,24617.67,26191.41,52,47,47,52,64438.34,64437.72,,
2026-08-06T20:35:17+08:00,btc-updown-5m-1786019700,https://polymarket.com/zh/event/btc-updown-5m-1786019700,20:35-20:40,53.00,48.00,52.00,47.00,17.56,1390.84,1409.84,35.06,52.50,47.50,1.00,1.00,26105.49,24343.54,24328.54,26200.49,52,47,47,52,64438.34,64438.83,,
2026-08-06T20:35:19+08:00,btc-updown-5m-1786019700,https://polymarket.com/zh/event/btc-updown-5m-1786019700,20:35-20:40,53.00,48.00,52.00,47.00,109.40,767.11,761.70,109.40,52.50,47.50,1.00,1.00,25381.49,23623.54,23637.54,25381.49,52,47,47,52,64438.34,64437.84,,
2026-08-06T20:35:21+08:00,btc-updown-5m-1786019700,https://polymarket.com/zh/event/btc-updown-5m-1786019700,20:35-20:40,58.00,43.00,57.00,42.00,255.55,397.88,396.71,251.85,57.50,42.50,1.00,1.00,24116.49,22373.54,22373.54,24216.49,57,42,42,57,64438.34,64439.07,,
2026-08-06T20:35:23+08:00,btc-updown-5m-1786019700,https://polymarket.com/zh/event/btc-updown-5m-1786019700,20:35-20:40,58.00,43.00,57.00,42.00,203.04,308.39,308.39,203.04,57.50,42.50,1.00,1.00,23436.49,22378.54,22373.54,23421.49,57,42,42,57,64438.34,64439.08,,
2026-08-06T20:35:25+08:00,btc-updown-5m-1786019700,https://polymarket.com/zh/event/btc-updown-5m-1786019700,20:35-20:40,59.00,41.00,58.00,40.00,8.09,695.76,1259.45,10.00,58.50,40.50,1.00,1.00,23854.49,22798.54,22883.54,23796.50,58,38,37,59,64438.34,64439.13,,
2026-08-06T20:35:27+08:00,btc-updown-5m-1786019700,https://polymarket.com/zh/event/btc-updown-5m-1786019700,20:35-20:40,66.00,35.00,65.00,34.00,212.53,1711.79,1715.91,116.34,65.50,34.50,1.00,1.00,24188.16,24213.53,24346.86,24398.17,65,34,34,65,64438.34,64451.79,,
2026-08-06T20:35:29+08:00,btc-updown-5m-1786019700,https://polymarket.com/zh/event/btc-updown-5m-1786019700,20:35-20:40,67.00,34.00,66.00,33.00,48.64,2467.12,2268.98,15.00,66.50,33.50,1.00,1.00,24271.49,24096.86,24106.86,24181.49,66,33,33,66,64438.34,64454.50,,
2026-08-06T20:35:31+08:00,btc-updown-5m-1786019700,https://polymarket.com/zh/event/btc-updown-5m-1786019700,20:35-20:40,69.00,32.00,68.00,31.00,114.42,1928.57,1924.05,24.42,68.50,31.50,1.00,1.00,23801.50,23676.86,23451.86,23466.49,68,31,31,68,64438.34,64454.49,,
2026-08-06T20:35:33+08:00,btc-updown-5m-1786019700,https://polymarket.com/zh/event/btc-updown-5m-1786019700,20:35-20:40,70.00,31.00,69.00,30.00,392.18,1021.41,1038.94,397.18,69.50,30.50,1.00,1.00,23401.49,23466.86,23476.86,23401.49,69,30,30,69,64438.34,64454.50,,
2026-08-06T20:35:35+08:00,btc-updown-5m-1786019700,https://polymarket.com/zh/event/btc-updown-5m-1786019700,20:35-20:40,70.00,31.00,69.00,30.00,327.48,1514.06,1521.43,304.36,69.50,30.50,1.00,1.00,23283.50,23201.86,23191.86,23173.49,69,30,30,69,64438.34,64454.50,,
2026-08-06T20:35:37+08:00,btc-updown-5m-1786019700,https://polymarket.com/zh/event/btc-updown-5m-1786019700,20:35-20:40,70.00,30.00,69.00,29.00,118.47,245.00,1553.24,45.00,69.50,29.50,1.00,1.00,23243.49,23334.38,23236.86,23138.49,69,30,29,70,64438.34,64454.50,,
2026-08-06T20:35:39+08:00,btc-updown-5m-1786019700,https://polymarket.com/zh/event/btc-updown-5m-1786019700,20:35-20:40,71.00,30.00,70.00,29.00,27.03,2336.38,2336.38,25.62,70.50,29.50,1.00,1.00,23205.99,23601.95,23601.95,23125.99,70,29,29,70,64438.34,64454.51,,
2026-08-06T20:35:41+08:00,btc-updown-5m-1786019700,https://polymarket.com/zh/event/btc-updown-5m-1786019700,20:35-20:40,72.00,29.00,71.00,28.00,73.10,1515.29,1281.51,73.10,71.50,28.50,1.00,1.00,23080.99,22991.86,22986.86,23195.99,71,28,28,71,64438.34,64454.51,,
2026-08-06T20:35:43+08:00,btc-updown-5m-1786019700,https://polymarket.com/zh/event/btc-updown-5m-1786019700,20:35-20:40,79.00,22.00,78.00,21.00,465.95,1557.12,30.00,654.88,78.50,21.50,1.00,1.00,22262.99,24944.03,24964.03,21659.99,78,21,21,78,64438.34,64459.39,,
2026-08-06T20:35:45+08:00,btc-updown-5m-1786019700,https://polymarket.com/zh/event/btc-updown-5m-1786019700,20:35-20:40,83.00,18.00,82.00,17.00,6.00,2152.18,200.00,72.10,82.50,17.50,1.00,1.00,21316.99,31019.69,31024.69,21020.99,82,17,17,82,64438.34,64466.99,,
2026-08-06T20:35:47+08:00,btc-updown-5m-1786019700,https://polymarket.com/zh/event/btc-updown-5m-1786019700,20:35-20:40,83.00,20.00,82.00,19.00,761.83,643.67,10.99,150.00,82.50,19.50,1.00,1.00,21348.00,26016.59,26016.59,21347.99,82,17,19,80,64438.34,64468.25,,
2026-08-06T20:35:49+08:00,btc-updown-5m-1786019700,https://polymarket.com/zh/event/btc-updown-5m-1786019700,20:35-20:40,80.00,21.00,79.00,20.00,216.42,789.88,516.26,178.06,79.50,20.50,1.00,1.00,21342.99,24937.76,24740.69,21243.00,79,20,20,79,64438.34,64468.25,,
2026-08-06T20:35:51+08:00,btc-updown-5m-1786019700,https://polymarket.com/zh/event/btc-updown-5m-1786019700,20:35-20:40,80.00,21.00,79.00,20.00,105.56,1354.29,859.07,88.68,79.50,20.50,1.00,1.00,21332.99,25586.98,25586.98,21238.00,79,20,20,79,64438.34,64468.25,,
2026-08-06T20:35:53+08:00,btc-updown-5m-1786019700,https://polymarket.com/zh/event/btc-updown-5m-1786019700,20:35-20:40,80.00,21.00,79.00,20.00,30.05,1843.58,1848.58,30.05,79.50,20.50,1.00,1.00,21392.99,25980.02,25750.02,21252.99,79,20,20,79,64438.34,64468.25,,
2026-08-06T20:35:55+08:00,btc-updown-5m-1786019700,https://polymarket.com/zh/event/btc-updown-5m-1786019700,20:35-20:40,81.00,20.00,80.00,19.00,166.70,1482.00,1449.75,153.38,80.50,19.50,1.00,1.00,21157.99,26205.51,26205.51,21153.00,80,19,19,80,64438.34,64468.25,,
2026-08-06T20:35:57+08:00,btc-updown-5m-1786019700,https://polymarket.com/zh/event/btc-updown-5m-1786019700,20:35-20:40,83.00,18.00,82.00,17.00,73.09,1070.37,1426.23,88.09,82.50,17.50,1.00,1.00,21022.99,28028.96,28028.96,21018.00,82,17,17,82,64438.34,64466.97,,
2026-08-06T20:35:59+08:00,btc-updown-5m-1786019700,https://polymarket.com/zh/event/btc-updown-5m-1786019700,20:35-20:40,83.00,18.00,82.00,17.00,36.22,1190.65,1185.74,36.22,82.50,17.50,1.00,1.00,20677.99,27990.96,27995.96,20673.00,82,17,17,82,64438.34,64466.96,,
2026-08-06T20:36:01+08:00,btc-updown-5m-1786019700,https://polymarket.com/zh/event/btc-updown-5m-1786019700,20:35-20:40,83.00,17.00,82.00,16.00,2.93,854.76,1237.25,85.49,82.50,16.50,1.00,1.00,25239.99,28425.96,28425.96,25239.99,82,17,16,83,64438.34,64466.97,,
2026-08-06T20:36:03+08:00,btc-updown-5m-1786019700,https://polymarket.com/zh/event/btc-updown-5m-1786019700,20:35-20:40,89.00,12.00,88.00,11.00,200.16,526.38,574.82,165.04,88.50,11.50,1.00,1.00,24894.99,27895.80,27980.80,24899.99,88,11,11,88,64438.34,64470.79,,
2026-08-06T20:36:05+08:00,btc-updown-5m-1786019700,https://polymarket.com/zh/event/btc-updown-5m-1786019700,20:35-20:40,89.00,12.00,88.00,11.00,149.79,483.14,457.53,260.24,88.50,11.50,1.00,1.00,24829.99,27513.05,27227.64,24740.00,88,11,11,88,64438.34,64474.59,,
2026-08-06T20:36:07+08:00,btc-updown-5m-1786019700,https://polymarket.com/zh/event/btc-updown-5m-1786019700,20:35-20:40,90.00,11.00,89.00,10.00,234.67,903.94,926.40,278.67,89.50,10.50,1.00,1.00,25194.99,27581.38,27581.38,24294.99,89,10,10,89,64438.34,64475.48,,
2026-08-06T20:36:09+08:00,btc-updown-5m-1786019700,https://polymarket.com/zh/event/btc-updown-5m-1786019700,20:35-20:40,92.00,9.00,91.00,8.00,50.83,1120.95,1063.69,60.83,91.50,8.50,1.00,1.00,24255.00,26147.30,26186.30,24359.99,91,8,8,91,64438.34,64478.39,,
2026-08-06T20:36:11+08:00,btc-updown-5m-1786019700,https://polymarket.com/zh/event/btc-updown-5m-1786019700,20:35-20:40,92.00,9.00,91.00,8.00,87.11,1429.78,1375.97,134.85,91.50,8.50,1.00,1.00,23834.99,26276.29,26276.29,23825.99,91,8,8,91,64438.34,64478.39,,
2026-08-06T20:36:13+08:00,btc-updown-5m-1786019700,https://polymarket.com/zh/event/btc-updown-5m-1786019700,20:35-20:40,93.00,8.00,92.00,7.00,603.23,792.24,811.10,676.44,92.50,7.50,1.00,1.00,23840.99,26059.29,26116.29,23735.99,92,7,7,92,64438.34,64478.40,,
2026-08-06T20:36:15+08:00,btc-updown-5m-1786019700,https://polymarket.com/zh/event/btc-updown-5m-1786019700,20:35-20:40,93.00,8.00,92.00,7.00,99.37,1321.13,1204.53,104.37,92.50,7.50,1.00,1.00,22915.99,25658.78,25918.05,23315.99,92,7,7,92,64438.34,64478.39,,
2026-08-06T20:36:17+08:00,btc-updown-5m-1786019700,https://polymarket.com/zh/event/btc-updown-5m-1786019700,20:35-20:40,94.00,7.00,93.00,6.00,651.70,171.01,282.15,864.08,93.50,6.50,1.00,1.00,22810.99,25889.39,25816.39,22915.99,93,6,6,93,64438.34,64478.40,,
2026-08-06T20:36:19+08:00,btc-updown-5m-1786019700,https://polymarket.com/zh/event/btc-updown-5m-1786019700,20:35-20:40,94.00,7.00,93.00,6.00,961.56,486.32,153.30,301.95,93.50,6.50,1.00,1.00,22820.99,25770.40,25517.40,23915.99,93,6,6,93,64438.34,64478.40,,
2026-08-06T20:36:21+08:00,btc-updown-5m-1786019700,https://polymarket.com/zh/event/btc-updown-5m-1786019700,20:35-20:40,93.00,8.00,92.00,7.00,260.22,1558.71,1558.71,260.22,92.50,7.50,1.00,1.00,22915.99,25751.92,25771.92,23825.99,92,7,7,92,64438.34,64479.15,,
2026-08-06T20:36:23+08:00,btc-updown-5m-1786019700,https://polymarket.com/zh/event/btc-updown-5m-1786019700,20:35-20:40,94.00,7.00,93.00,6.00,450.97,1251.55,699.78,433.47,93.50,6.50,1.00,1.00,22805.99,25570.19,25640.19,23305.99,93,6,6,93,64438.34,64479.07,,
2026-08-06T20:36:25+08:00,btc-updown-5m-1786019700,https://polymarket.com/zh/event/btc-updown-5m-1786019700,20:35-20:40,94.00,7.00,93.00,6.00,54.00,1565.92,1571.38,43.62,93.50,6.50,1.00,1.00,22955.99,22856.48,22933.18,22865.99,93,6,6,93,64438.34,64479.05,,
2026-08-06T20:36:27+08:00,btc-updown-5m-1786019700,https://polymarket.com/zh/event/btc-updown-5m-1786019700,20:35-20:40,95.00,6.00,94.00,5.00,1115.57,1232.58,1159.26,1105.05,94.50,5.50,1.00,1.00,22960.99,23292.58,23282.06,23470.99,94,5,5,94,64438.34,64479.15,,
2026-08-06T20:36:29+08:00,btc-updown-5m-1786019700,https://polymarket.com/zh/event/btc-updown-5m-1786019700,20:35-20:40,95.00,6.00,94.00,5.00,1133.30,256.63,503.47,1044.10,94.50,5.50,1.00,1.00,22955.99,23173.84,23084.64,23860.99,94,5,5,94,64438.34,64479.14,,
2026-08-06T20:36:31+08:00,btc-updown-5m-1786019700,https://polymarket.com/zh/event/btc-updown-5m-1786019700,20:35-20:40,96.00,5.00,95.00,4.00,241.29,971.54,940.54,371.11,95.50,4.50,1.00,1.00,22855.84,18238.06,18372.88,23160.84,95,4,4,95,64438.34,64483.66,,
2026-08-06T20:36:33+08:00,btc-updown-5m-1786019700,https://polymarket.com/zh/event/btc-updown-5m-1786019700,20:35-20:40,96.00,5.00,95.00,4.00,43.07,1096.51,1013.73,139.97,95.50,4.50,1.00,1.00,22499.84,17543.98,17321.35,23599.84,95,4,4,95,64438.34,64485.99,,
2026-08-06T20:36:35+08:00,btc-updown-5m-1786019700,https://polymarket.com/zh/event/btc-updown-5m-1786019700,20:35-20:40,97.00,4.00,96.00,3.00,1289.50,876.19,812.24,1274.50,96.50,3.50,1.00,1.00,22990.84,16454.59,16439.59,23085.84,96,3,3,96,64438.34,64485.99,,
2026-08-06T20:36:37+08:00,btc-updown-5m-1786019700,https://polymarket.com/zh/event/btc-updown-5m-1786019700,20:35-20:40,97.00,4.00,96.00,3.00,1007.39,1062.82,879.36,1002.39,96.50,3.50,1.00,1.00,22430.84,11524.48,6314.48,23020.84,96,3,3,96,64438.34,64488.87,,
2026-08-06T20:36:39+08:00,btc-updown-5m-1786019700,https://polymarket.com/zh/event/btc-updown-5m-1786019700,20:35-20:40,99.00,2.00,98.00,1.00,4506.35,577.42,568.42,4440.35,98.50,1.50,1.00,1.00,22366.63,4506.35,4440.35,22841.63,98,1,1,98,64438.34,64509.69,,
2026-08-06T20:36:41+08:00,btc-updown-5m-1786019700,https://polymarket.com/zh/event/btc-updown-5m-1786019700,20:35-20:40,99.00,2.00,98.00,1.00,4770.84,862.90,862.90,4770.84,98.50,1.50,1.00,1.00,22117.30,4770.84,4770.84,22607.30,98,1,1,98,64438.34,64510.63,,
2026-08-06T20:36:43+08:00,btc-updown-5m-1786019700,https://polymarket.com/zh/event/btc-updown-5m-1786019700,20:35-20:40,98.00,3.00,97.00,2.00,275.84,2157.86,2162.86,295.73,97.50,2.50,1.00,1.00,22300.63,5196.24,5216.13,22805.63,97,2,2,97,64438.34,64507.40,,
2026-08-06T20:36:45+08:00,btc-updown-5m-1786019700,https://polymarket.com/zh/event/btc-updown-5m-1786019700,20:35-20:40,99.00,2.00,98.00,1.00,4930.81,71.50,131.50,4930.81,98.50,1.50,1.00,1.00,22210.63,4930.81,4930.81,23305.63,98,1,1,98,64438.34,64505.18,,
2026-08-06T20:36:47+08:00,btc-updown-5m-1786019700,https://polymarket.com/zh/event/btc-updown-5m-1786019700,20:35-20:40,99.00,2.00,98.00,1.00,4966.10,778.34,773.34,4966.10,98.50,1.50,1.00,1.00,22320.63,4966.10,4966.10,22300.63,98,1,1,98,64438.34,64505.18,,
2026-08-06T20:36:49+08:00,btc-updown-5m-1786019700,https://polymarket.com/zh/event/btc-updown-5m-1786019700,20:35-20:40,98.00,3.00,97.00,2.00,1276.51,1852.87,1790.91,1236.51,97.50,2.50,1.00,1.00,22795.63,5939.87,5889.87,22700.64,97,2,2,97,64438.34,64505.17,,
2026-08-06T20:36:51+08:00,btc-updown-5m-1786019700,https://polymarket.com/zh/event/btc-updown-5m-1786019700,20:35-20:40,98.00,3.00,97.00,2.00,938.32,1337.73,1342.74,933.21,97.50,2.50,1.00,1.00,22794.63,4918.28,4913.17,22289.63,97,2,2,97,64438.34,64505.18,,
2026-08-06T20:36:53+08:00,btc-updown-5m-1786019700,https://polymarket.com/zh/event/btc-updown-5m-1786019700,20:35-20:40,98.00,3.00,97.00,2.00,917.89,1773.81,1773.81,871.03,97.50,2.50,1.00,1.00,22809.63,4877.85,4830.99,22199.64,97,2,2,97,64438.34,64505.22,,
2026-08-06T20:36:55+08:00,btc-updown-5m-1786019700,https://polymarket.com/zh/event/btc-updown-5m-1786019700,20:35-20:40,98.00,3.00,97.00,2.00,949.59,1528.58,1518.25,944.48,97.50,2.50,1.00,1.00,22284.64,5942.60,5937.49,22794.63,97,2,2,97,64438.34,64501.20,,
2026-08-06T20:36:57+08:00,btc-updown-5m-1786019700,https://polymarket.com/zh/event/btc-updown-5m-1786019700,20:35-20:40,98.00,3.00,97.00,2.00,522.76,1668.52,1638.09,435.92,97.50,2.50,1.00,1.00,22252.63,5505.17,5418.33,22162.63,97,2,2,97,64438.34,64500.07,,
2026-08-06T20:36:59+08:00,btc-updown-5m-1786019700,https://polymarket.com/zh/event/btc-updown-5m-1786019700,20:35-20:40,98.00,3.00,97.00,2.00,545.92,1423.05,1411.83,585.92,97.50,2.50,1.00,1.00,22657.63,5543.33,5583.33,22772.63,97,2,2,97,64438.34,64500.08,,
2026-08-06T20:37:01+08:00,btc-updown-5m-1786019700,https://polymarket.com/zh/event/btc-updown-5m-1786019700,20:35-20:40,97.00,4.00,96.00,3.00,2161.92,882.87,452.33,566.28,96.50,3.50,1.00,1.00,21512.63,7022.26,4931.62,21717.63,96,3,3,96,64438.34,64495.27,,
2026-08-06T20:37:03+08:00,btc-updown-5m-1786019700,https://polymarket.com/zh/event/btc-updown-5m-1786019700,20:35-20:40,97.00,4.00,96.00,3.00,234.14,1063.42,1057.76,196.82,96.50,3.50,1.00,1.00,21652.63,4260.57,4723.25,21772.63,96,3,3,96,64438.34,64495.27,,
2026-08-06T20:37:05+08:00,btc-updown-5m-1786019700,https://polymarket.com/zh/event/btc-updown-5m-1786019700,20:35-20:40,97.00,3.00,96.00,2.00,154.10,349.44,1129.49,290.14,96.50,2.50,1.00,1.00,22272.63,3685.53,3274.18,21662.63,96,3,2,97,64438.34,64492.40,,
2026-08-06T20:37:07+08:00,btc-updown-5m-1786019700,https://polymarket.com/zh/event/btc-updown-5m-1786019700,20:35-20:40,98.00,3.00,97.00,2.00,343.88,948.08,1058.12,343.88,97.50,2.50,1.00,1.00,21762.63,4119.31,3025.31,21667.64,97,2,2,97,64438.34,64492.40,,
2026-08-06T20:37:09+08:00,btc-updown-5m-1786019700,https://polymarket.com/zh/event/btc-updown-5m-1786019700,20:35-20:40,98.00,3.00,97.00,2.00,386.85,998.02,998.02,386.85,97.50,2.50,1.00,1.00,21668.64,3038.28,3038.28,22278.63,97,2,2,97,64438.34,64491.37,,
2026-08-06T20:37:11+08:00,btc-updown-5m-1786019700,https://polymarket.com/zh/event/btc-updown-5m-1786019700,20:35-20:40,99.00,2.00,98.00,1.00,2290.67,1790.97,1730.91,2317.67,98.50,1.50,1.00,1.00,21763.63,2290.67,2317.67,22268.63,98,1,1,98,64438.34,64501.19,,
2026-08-06T20:37:13+08:00,btc-updown-5m-1786019700,https://polymarket.com/zh/event/btc-updown-5m-1786019700,20:35-20:40,99.00,2.00,98.00,1.00,2328.42,1640.72,1645.72,2688.84,98.50,1.50,1.00,1.00,21708.63,2328.42,2688.84,22223.63,98,1,1,98,64438.34,64501.19,,
2026-08-06T20:37:15+08:00,btc-updown-5m-1786019700,https://polymarket.com/zh/event/btc-updown-5m-1786019700,20:35-20:40,99.00,2.00,98.00,1.00,2631.44,2019.04,2037.33,2641.44,98.50,1.50,1.00,1.00,22128.63,2631.44,2641.44,22128.64,98,1,1,98,64438.34,64491.51,,
2026-08-06T20:37:17+08:00,btc-updown-5m-1786019700,https://polymarket.com/zh/event/btc-updown-5m-1786019700,20:35-20:40,99.00,2.00,98.00,1.00,4536.62,1955.47,1950.47,3747.62,98.50,1.50,1.00,1.00,22238.63,4536.62,3747.62,21628.64,98,1,1,98,64438.34,64491.51,,
2026-08-06T20:37:19+08:00,btc-updown-5m-1786019700,https://polymarket.com/zh/event/btc-updown-5m-1786019700,20:35-20:40,99.00,2.00,98.00,1.00,1273.94,2145.86,2145.86,1093.94,98.50,1.50,1.00,1.00,22523.63,1273.94,1093.94,21618.64,98,1,1,98,64438.34,64491.51,,
2026-08-06T20:37:21+08:00,btc-updown-5m-1786019700,https://polymarket.com/zh/event/btc-updown-5m-1786019700,20:35-20:40,99.00,2.00,98.00,1.00,798.05,2079.21,2024.29,813.05,98.50,1.50,1.00,1.00,22463.63,798.05,813.05,21953.63,98,1,1,98,64438.34,64491.51,,
2026-08-06T20:37:23+08:00,btc-updown-5m-1786019700,https://polymarket.com/zh/event/btc-updown-5m-1786019700,20:35-20:40,99.00,2.00,98.00,1.00,927.88,2106.91,2082.59,927.88,98.50,1.50,1.00,1.00,21380.64,927.88,927.88,21970.63,98,1,1,98,64438.34,64491.51,,
2026-08-06T20:37:25+08:00,btc-updown-5m-1786019700,https://polymarket.com/zh/event/btc-updown-5m-1786019700,20:35-20:40,99.00,2.00,98.00,1.00,1081.56,2082.59,2082.59,1071.56,98.50,1.50,1.00,1.00,21895.63,1081.56,1071.56,21970.63,98,1,1,98,64438.34,64491.52,,
2026-08-06T20:37:27+08:00,btc-updown-5m-1786019700,https://polymarket.com/zh/event/btc-updown-5m-1786019700,20:35-20:40,99.00,2.00,98.00,1.00,1099.77,1879.38,1909.35,1099.77,98.50,1.50,1.00,1.00,21140.63,1099.77,1099.77,21725.63,98,1,1,98,64438.34,64491.51,,
2026-08-06T20:37:29+08:00,btc-updown-5m-1786019700,https://polymarket.com/zh/event/btc-updown-5m-1786019700,20:35-20:40,,1.00,99.00,,,3120.67,3125.68,,,,,,21140.63,,,22130.63,99,0,0,99,64438.34,64491.51,,
2026-08-06T20:37:31+08:00,btc-updown-5m-1786019700,https://polymarket.com/zh/event/btc-updown-5m-1786019700,20:35-20:40,,1.00,99.00,,,1513.31,1513.31,,,,,,22125.63,,,21145.63,99,0,0,99,64438.34,64491.51,,
2026-08-06T20:37:33+08:00,btc-updown-5m-1786019700,https://polymarket.com/zh/event/btc-updown-5m-1786019700,20:35-20:40,,1.00,99.00,,,923.37,932.07,,,,,,21615.63,,,21125.63,99,0,0,99,64438.34,64491.52,,
2026-08-06T20:37:36+08:00,btc-updown-5m-1786019700,https://polymarket.com/zh/event/btc-updown-5m-1786019700,20:35-20:40,,1.00,99.00,,,1125.26,1120.25,,,,,,21520.63,,,21035.64,99,0,0,99,64438.34,64491.51,,
2026-08-06T20:37:38+08:00,btc-updown-5m-1786019700,https://polymarket.com/zh/event/btc-updown-5m-1786019700,20:35-20:40,,1.00,99.00,,,537.67,507.67,,,,,,21545.63,,,21020.63,99,0,0,99,64438.34,64491.51,,
2026-08-06T20:37:40+08:00,btc-updown-5m-1786019700,https://polymarket.com/zh/event/btc-updown-5m-1786019700,20:35-20:40,,1.00,99.00,,,542.59,542.59,,,,,,21545.63,,,21520.63,99,0,0,99,64438.34,64491.51,,
2026-08-06T20:37:42+08:00,btc-updown-5m-1786019700,https://polymarket.com/zh/event/btc-updown-5m-1786019700,20:35-20:40,,1.00,99.00,,,325.40,333.52,,,,,,21525.63,,,21125.63,99,0,0,99,64438.34,64491.51,,
2026-08-06T20:37:44+08:00,btc-updown-5m-1786019700,https://polymarket.com/zh/event/btc-updown-5m-1786019700,20:35-20:40,,1.00,99.00,,,339.49,339.49,,,,,,21545.64,,,21535.63,99,0,0,99,64438.34,64491.51,,
2026-08-06T20:37:46+08:00,btc-updown-5m-1786019700,https://polymarket.com/zh/event/btc-updown-5m-1786019700,20:35-20:40,,1.00,99.00,,,121.66,121.66,,,,,,22035.63,,,21030.63,99,0,0,99,64438.34,64491.52,,
2026-08-06T20:37:48+08:00,btc-updown-5m-1786019700,https://polymarket.com/zh/event/btc-updown-5m-1786019700,20:35-20:40,99.00,2.00,98.00,1.00,362.78,1599.40,1582.41,311.30,98.50,1.50,1.00,1.00,21530.63,362.78,311.30,21515.63,98,1,1,98,64438.34,64491.52,,
2026-08-06T20:37:50+08:00,btc-updown-5m-1786019700,https://polymarket.com/zh/event/btc-updown-5m-1786019700,20:35-20:40,99.00,2.00,98.00,1.00,434.18,1594.63,1594.63,434.18,98.50,1.50,1.00,1.00,21630.63,434.18,434.18,21125.63,98,1,1,98,64438.34,64491.52,,
2026-08-06T20:37:52+08:00,btc-updown-5m-1786019700,https://polymarket.com/zh/event/btc-updown-5m-1786019700,20:35-20:40,99.00,2.00,98.00,1.00,463.16,1665.64,1721.17,463.16,98.50,1.50,1.00,1.00,21635.63,463.16,463.16,21140.63,98,1,1,98,64438.34,64491.51,,
2026-08-06T20:37:54+08:00,btc-updown-5m-1786019700,https://polymarket.com/zh/event/btc-updown-5m-1786019700,20:35-20:40,99.00,2.00,98.00,1.00,495.89,1751.90,1757.22,456.49,98.50,1.50,1.00,1.00,21645.63,495.89,456.49,21035.64,98,1,1,98,64438.34,64491.52,,
2026-08-06T20:37:56+08:00,btc-updown-5m-1786019700,https://polymarket.com/zh/event/btc-updown-5m-1786019700,20:35-20:40,99.00,2.00,98.00,1.00,395.09,1787.23,1787.23,375.09,98.50,1.50,1.00,1.00,21635.63,395.09,375.09,21045.64,98,1,1,98,64438.34,64491.52,,
2026-08-06T20:37:58+08:00,btc-updown-5m-1786019700,https://polymarket.com/zh/event/btc-updown-5m-1786019700,20:35-20:40,99.00,2.00,98.00,1.00,1344.40,1577.39,1572.39,515.40,98.50,1.50,1.00,1.00,22125.63,1344.40,515.40,21040.64,98,1,1,98,64438.34,64491.52,,
2026-08-06T20:38:00+08:00,btc-updown-5m-1786019700,https://polymarket.com/zh/event/btc-updown-5m-1786019700,20:35-20:40,99.00,2.00,98.00,1.00,190.91,1350.91,1355.91,187.17,98.50,1.50,1.00,1.00,21605.63,190.91,187.17,21010.63,98,1,1,98,64438.34,64491.51,,
2026-08-06T20:38:02+08:00,btc-updown-5m-1786019700,https://polymarket.com/zh/event/btc-updown-5m-1786019700,20:35-20:40,,1.00,99.00,,,511.45,511.45,,,,,,21275.63,,,21295.63,99,0,0,99,64438.34,64491.52,,
2026-08-06T20:38:04+08:00,btc-updown-5m-1786019700,https://polymarket.com/zh/event/btc-updown-5m-1786019700,20:35-20:40,,1.00,99.00,,,531.45,531.45,,,,,,21790.63,,,21275.63,99,0,0,99,64438.34,64491.52,,
2026-08-06T20:38:06+08:00,btc-updown-5m-1786019700,https://polymarket.com/zh/event/btc-updown-5m-1786019700,20:35-20:40,,1.00,99.00,,,436.50,436.50,,,,,,21805.63,,,20775.63,99,0,0,99,64438.34,64491.52,,
2026-08-06T20:38:08+08:00,btc-updown-5m-1786019700,https://polymarket.com/zh/event/btc-updown-5m-1786019700,20:35-20:40,,1.00,99.00,,,608.13,608.13,,,,,,21290.63,,,21275.63,99,0,0,99,64438.34,64494.41,,
2026-08-06T20:38:10+08:00,btc-updown-5m-1786019700,https://polymarket.com/zh/event/btc-updown-5m-1786019700,20:35-20:40,,1.00,99.00,,,795.49,790.48,,,,,,21775.63,,,20795.64,99,0,0,99,64438.34,64496.18,,
2026-08-06T20:38:12+08:00,btc-updown-5m-1786019700,https://polymarket.com/zh/event/btc-updown-5m-1786019700,20:35-20:40,,1.00,99.00,,,834.24,784.24,,,,,,20795.63,,,21790.63,99,0,0,99,64438.34,64496.18,,
2026-08-06T20:38:14+08:00,btc-updown-5m-1786019700,https://polymarket.com/zh/event/btc-updown-5m-1786019700,20:35-20:40,,1.00,99.00,,,865.58,860.57,,,,,,21780.63,,,20785.64,99,0,0,99,64438.34,64496.18,,
2026-08-06T20:38:16+08:00,btc-updown-5m-1786019700,https://polymarket.com/zh/event/btc-updown-5m-1786019700,20:35-20:40,,1.00,99.00,,,848.94,848.94,,,,,,21770.63,,,21290.63,99,0,0,99,64438.34,64493.84,,
2026-08-06T20:38:18+08:00,btc-updown-5m-1786019700,https://polymarket.com/zh/event/btc-updown-5m-1786019700,20:35-20:40,,1.00,99.00,,,848.94,848.94,,,,,,20780.63,,,21805.63,99,0,0,99,64438.34,64493.84,,
2026-08-06T20:38:20+08:00,btc-updown-5m-1786019700,https://polymarket.com/zh/event/btc-updown-5m-1786019700,20:35-20:40,,1.00,99.00,,,914.95,919.96,,,,,,20780.64,,,21795.63,99,0,0,99,64438.34,64493.84,,
2026-08-06T20:38:22+08:00,btc-updown-5m-1786019700,https://polymarket.com/zh/event/btc-updown-5m-1786019700,20:35-20:40,,1.00,99.00,,,934.95,934.95,,,,,,20522.30,,,21037.29,99,0,0,99,64438.34,64493.83,,
2026-08-06T20:38:24+08:00,btc-updown-5m-1786019700,https://polymarket.com/zh/event/btc-updown-5m-1786019700,20:35-20:40,,1.00,99.00,,,934.95,939.96,,,,,,20527.29,,,21527.29,99,0,0,99,64438.34,64499.29,,
2026-08-06T20:38:26+08:00,btc-updown-5m-1786019700,https://polymarket.com/zh/event/btc-updown-5m-1786019700,20:35-20:40,,1.00,99.00,,,899.95,899.95,,,,,,21017.29,,,21032.29,99,0,0,99,64438.34,64498.59,,
2026-08-06T20:38:28+08:00,btc-updown-5m-1786019700,https://polymarket.com/zh/event/btc-updown-5m-1786019700,20:35-20:40,,1.00,99.00,,,899.95,904.96,,,,,,20522.30,,,20537.29,99,0,0,99,64438.34,64498.88,,
2026-08-06T20:38:30+08:00,btc-updown-5m-1786019700,https://polymarket.com/zh/event/btc-updown-5m-1786019700,20:35-20:40,,1.00,99.00,,,930.21,925.20,,,,,,21507.20,,,21022.21,99,0,0,99,64438.34,64496.02,,
2026-08-06T20:38:32+08:00,btc-updown-5m-1786019700,https://polymarket.com/zh/event/btc-updown-5m-1786019700,20:35-20:40,,1.00,99.00,,,1274.92,1274.92,,,,,,21029.70,,,21019.70,99,0,0,99,64438.34,64496.23,,
2026-08-06T20:38:34+08:00,btc-updown-5m-1786019700,https://polymarket.com/zh/event/btc-updown-5m-1786019700,20:35-20:40,,1.00,99.00,,,1274.92,1274.92,,,,,,21029.70,,,21014.70,99,0,0,99,64438.34,64499.94,,
2026-08-06T20:38:36+08:00,btc-updown-5m-1786019700,https://polymarket.com/zh/event/btc-updown-5m-1786019700,20:35-20:40,,1.00,99.00,,,1301.68,1296.67,,,,,,21514.70,,,20514.71,99,0,0,99,64438.34,64499.95,,
2026-08-06T20:38:38+08:00,btc-updown-5m-1786019700,https://polymarket.com/zh/event/btc-updown-5m-1786019700,20:35-20:40,,1.00,99.00,,,1296.63,1291.62,,,,,,21499.70,,,21014.70,99,0,0,99,64438.34,64499.95,,
2026-08-06T20:38:40+08:00,btc-updown-5m-1786019700,https://polymarket.com/zh/event/btc-updown-5m-1786019700,20:35-20:40,,1.00,99.00,,,1346.65,1346.65,,,,,,20499.70,,,21514.70,99,0,0,99,64438.34,64499.95,,
2026-08-06T20:38:42+08:00,btc-updown-5m-1786019700,https://polymarket.com/zh/event/btc-updown-5m-1786019700,20:35-20:40,,1.00,99.00,,,1341.60,1341.60,,,,,,21009.70,,,21024.70,99,0,0,99,64438.34,64497.57,,
2026-08-06T20:38:44+08:00,btc-updown-5m-1786019700,https://polymarket.com/zh/event/btc-updown-5m-1786019700,20:35-20:40,,1.00,99.00,,,1321.70,1321.70,,,,,,20509.70,,,21029.70,99,0,0,99,64438.34,64497.57,,
2026-08-06T20:38:46+08:00,btc-updown-5m-1786019700,https://polymarket.com/zh/event/btc-updown-5m-1786019700,20:35-20:40,,1.00,99.00,,,1156.70,1156.70,,,,,,20509.70,,,21514.70,99,0,0,99,64438.34,64497.36,,
2026-08-06T20:38:48+08:00,btc-updown-5m-1786019700,https://polymarket.com/zh/event/btc-updown-5m-1786019700,20:35-20:40,,1.00,99.00,,,1291.76,1211.75,,,,,,20509.70,,,21009.71,99,0,0,99,64438.34,64497.35,,
2026-08-06T20:38:50+08:00,btc-updown-5m-1786019700,https://polymarket.com/zh/event/btc-updown-5m-1786019700,20:35-20:40,,1.00,99.00,,,1236.70,1311.70,,,,,,20509.70,,,21509.70,99,0,0,99,64438.34,64499.94,,
2026-08-06T20:38:52+08:00,btc-updown-5m-1786019700,https://polymarket.com/zh/event/btc-updown-5m-1786019700,20:35-20:40,,1.00,99.00,,,1291.75,1291.75,,,,,,20504.70,,,20509.70,99,0,0,99,64438.34,64499.91,,
2026-08-06T20:38:54+08:00,btc-updown-5m-1786019700,https://polymarket.com/zh/event/btc-updown-5m-1786019700,20:35-20:40,,1.00,99.00,,,4272.76,4247.76,,,,,,20519.70,,,20519.70,99,0,0,99,64438.34,64499.94,,
2026-08-06T20:38:56+08:00,btc-updown-5m-1786019700,https://polymarket.com/zh/event/btc-updown-5m-1786019700,20:35-20:40,,1.00,99.00,,,7840.78,7835.77,,,,,,20993.70,,,20493.71,99,0,0,99,64438.34,64506.57,,
2026-08-06T20:38:58+08:00,btc-updown-5m-1786019700,https://polymarket.com/zh/event/btc-updown-5m-1786019700,20:35-20:40,,1.00,99.00,,,7662.80,7657.80,,,,,,20498.70,,,20993.70,99,0,0,99,64438.34,64506.56,,
2026-08-06T20:39:00+08:00,btc-updown-5m-1786019700,https://polymarket.com/zh/event/btc-updown-5m-1786019700,20:35-20:40,,1.00,99.00,,,7752.80,7752.80,,,,,,20493.69,,,20488.68,99,0,0,99,64438.34,64506.56,,
2026-08-06T20:39:02+08:00,btc-updown-5m-1786019700,https://polymarket.com/zh/event/btc-updown-5m-1786019700,20:35-20:40,,1.00,99.00,,,7912.57,7912.57,,,,,,20767.68,,,20257.68,99,0,0,99,64438.34,64506.56,,
2026-08-06T20:39:04+08:00,btc-updown-5m-1786019700,https://polymarket.com/zh/event/btc-updown-5m-1786019700,20:35-20:40,,1.00,99.00,,,10751.62,10751.62,,,,,,20772.68,,,20762.68,99,0,0,99,64438.34,64506.56,,
2026-08-06T20:39:06+08:00,btc-updown-5m-1786019700,https://polymarket.com/zh/event/btc-updown-5m-1786019700,20:35-20:40,,1.00,99.00,,,10746.57,10746.57,,,,,,20772.68,,,20282.68,99,0,0,99,64438.34,64506.56,,
2026-08-06T20:39:08+08:00,btc-updown-5m-1786019700,https://polymarket.com/zh/event/btc-updown-5m-1786019700,20:35-20:40,,1.00,99.00,,,13352.63,10852.63,,,,,,20762.68,,,20777.68,99,0,0,99,64438.34,64506.56,,
2026-08-06T20:39:10+08:00,btc-updown-5m-1786019700,https://polymarket.com/zh/event/btc-updown-5m-1786019700,20:35-20:40,,1.00,99.00,,,13842.63,13847.64,,,,,,20767.69,,,20767.68,99,0,0,99,64438.34,64506.56,,
2026-08-06T20:39:12+08:00,btc-updown-5m-1786019700,https://polymarket.com/zh/event/btc-updown-5m-1786019700,20:35-20:40,,1.00,99.00,,,13842.63,13842.63,,,,,,20772.68,,,20272.68,99,0,0,99,64438.34,64506.57,,
2026-08-06T20:39:14+08:00,btc-updown-5m-1786019700,https://polymarket.com/zh/event/btc-updown-5m-1786019700,20:35-20:40,,1.00,99.00,,,13842.63,13842.63,,,,,,21272.68,,,20277.69,99,0,0,99,64438.34,64506.56,,
2026-08-06T20:39:16+08:00,btc-updown-5m-1786019700,https://polymarket.com/zh/event/btc-updown-5m-1786019700,20:35-20:40,,1.00,99.00,,,16902.63,16902.63,,,,,,20772.68,,,20772.68,99,0,0,99,64438.34,64506.56,,
2026-08-06T20:39:18+08:00,btc-updown-5m-1786019700,https://polymarket.com/zh/event/btc-updown-5m-1786019700,20:35-20:40,,1.00,99.00,,,17362.63,17357.58,,,,,,20267.68,,,20262.68,99,0,0,99,64438.34,64511.01,,
2026-08-06T20:39:20+08:00,btc-updown-5m-1786019700,https://polymarket.com/zh/event/btc-updown-5m-1786019700,20:35-20:40,,1.00,99.00,,,17342.16,17342.16,,,,,,20282.68,,,20262.68,99,0,0,99,64438.34,64511.01,,
2026-08-06T20:39:22+08:00,btc-updown-5m-1786019700,https://polymarket.com/zh/event/btc-updown-5m-1786019700,20:35-20:40,,1.00,99.00,,,23861.35,23861.35,,,,,,20267.68,,,20762.68,99,0,0,99,64438.34,64516.39,,
2026-08-06T20:39:24+08:00,btc-updown-5m-1786019700,https://polymarket.com/zh/event/btc-updown-5m-1786019700,20:35-20:40,,0.10,99.90,,,6087.11,6087.11,,,,,,18463.30,,,18478.30,104,0,0,104,64438.34,64518.05,,
2026-08-06T20:39:26+08:00,btc-updown-5m-1786019700,https://polymarket.com/zh/event/btc-updown-5m-1786019700,20:35-20:40,,0.10,99.90,,,5987.01,5987.01,,,,,,19568.30,,,18553.30,105,0,0,105,64438.34,64516.45,,
2026-08-06T20:39:28+08:00,btc-updown-5m-1786019700,https://polymarket.com/zh/event/btc-updown-5m-1786019700,20:35-20:40,,0.10,99.90,,,6087.11,6087.11,,,,,,19553.30,,,19058.31,104,0,0,104,64438.34,64518.06,,
2026-08-06T20:39:30+08:00,btc-updown-5m-1786019700,https://polymarket.com/zh/event/btc-updown-5m-1786019700,20:35-20:40,,0.10,99.90,,,5860.75,5860.75,,,,,,19217.75,,,18222.75,106,0,0,106,64438.34,64518.06,,
2026-08-06T20:39:32+08:00,btc-updown-5m-1786019700,https://polymarket.com/zh/event/btc-updown-5m-1786019700,20:35-20:40,,0.10,99.90,,,5187.83,5187.83,,,,,,18392.75,,,18417.75,108,0,0,108,64438.34,64518.05,,
2026-08-06T20:39:34+08:00,btc-updown-5m-1786019700,https://polymarket.com/zh/event/btc-updown-5m-1786019700,20:35-20:40,,0.10,99.90,,,5187.83,5187.83,,,,,,18292.75,,,18297.75,110,0,0,110,64438.34,64518.05,,
2026-08-06T20:39:36+08:00,btc-updown-5m-1786019700,https://polymarket.com/zh/event/btc-updown-5m-1786019700,20:35-20:40,,0.10,99.90,,,5177.83,5177.83,,,,,,18287.75,,,17807.75,110,0,0,110,64438.34,64518.05,,
2026-08-06T20:39:38+08:00,btc-updown-5m-1786019700,https://polymarket.com/zh/event/btc-updown-5m-1786019700,20:35-20:40,,0.10,99.90,,,5170.80,5170.80,,,,,,18297.75,,,17797.75,108,0,0,108,64438.34,64519.99,,
2026-08-06T20:39:40+08:00,btc-updown-5m-1786019700,https://polymarket.com/zh/event/btc-updown-5m-1786019700,20:35-20:40,,0.10,99.90,,,4170.80,4170.80,,,,,,17437.94,,,17457.94,108,0,0,108,64438.34,64520.00,,
2026-08-06T20:39:42+08:00,btc-updown-5m-1786019700,https://polymarket.com/zh/event/btc-updown-5m-1786019700,20:35-20:40,,0.10,99.90,,,4215.75,4215.75,,,,,,16932.94,,,17452.94,108,0,0,108,64438.34,64519.99,,
2026-08-06T20:39:44+08:00,btc-updown-5m-1786019700,https://polymarket.com/zh/event/btc-updown-5m-1786019700,20:35-20:40,,0.10,99.90,,,7412.16,7412.16,,,,,,16834.61,,,17339.61,108,0,0,108,64438.34,64519.99,,
2026-08-06T20:39:46+08:00,btc-updown-5m-1786019700,https://polymarket.com/zh/event/btc-updown-5m-1786019700,20:35-20:40,,0.10,99.90,,,7412.16,7412.16,,,,,,16829.61,,,17329.61,108,0,0,108,64438.34,64519.24,,
2026-08-06T20:39:48+08:00,btc-updown-5m-1786019700,https://polymarket.com/zh/event/btc-updown-5m-1786019700,20:35-20:40,,0.10,99.90,,,7617.16,7437.16,,,,,,16513.61,,,16993.61,110,0,0,114,64438.34,64519.30,,
2026-08-06T20:39:50+08:00,btc-updown-5m-1786019700,https://polymarket.com/zh/event/btc-updown-5m-1786019700,20:35-20:40,,0.10,99.90,,,7617.16,7617.16,,,,,,16493.61,,,11988.58,113,0,0,113,64438.34,64519.30,,
2026-08-06T20:39:52+08:00,btc-updown-5m-1786019700,https://polymarket.com/zh/event/btc-updown-5m-1786019700,20:35-20:40,,0.10,99.90,,,7617.16,7617.16,,,,,,10488.58,,,10488.58,113,0,0,113,64438.34,64519.99,,
2026-08-06T20:39:54+08:00,btc-updown-5m-1786019700,https://polymarket.com/zh/event/btc-updown-5m-1786019700,20:35-20:40,,0.10,99.90,,,7632.16,7632.16,,,,,,10208.58,,,11183.58,113,0,0,113,64438.34,64519.99,,
2026-08-06T20:39:56+08:00,btc-updown-5m-1786019700,https://polymarket.com/zh/event/btc-updown-5m-1786019700,20:35-20:40,,0.10,99.90,,,13426.75,13397.46,,,,,,15556.58,,,14291.58,113,0,0,113,64438.34,64523.99,,
2026-08-06T20:39:58+08:00,btc-updown-5m-1786019700,https://polymarket.com/zh/event/btc-updown-5m-1786019700,20:35-20:40,,0.10,99.90,,,22067.66,22067.66,,,,,,14296.58,,,14034.58,113,0,0,113,64438.34,64523.99,,
2026-08-06T20:40:00+08:00,btc-updown-5m-1786019700,https://polymarket.com/zh/event/btc-updown-5m-1786019700,20:35-20:40,,0.10,99.90,,,54375.01,54575.21,,,,,,8994.58,,,3476.58,113,0,0,110,64438.34,64522.70,,
2026-08-06T20:40:02+08:00,btc-updown-5m-1786020000,https://polymarket.com/zh/event/btc-updown-5m-1786020000,20:40-20:45,49.00,52.00,48.00,51.00,841.42,1218.21,1238.21,891.62,48.50,51.50,1.00,1.00,23299.94,22195.12,22370.13,23838.28,48,51,51,48,64522.70,64523.10,,
2026-08-06T20:40:04+08:00,btc-updown-5m-1786020000,https://polymarket.com/zh/event/btc-updown-5m-1786020000,20:40-20:45,47.00,60.00,40.00,59.00,30.00,26.00,100.50,102.50,43.50,59.50,7.00,1.00,24484.28,23770.13,24175.12,24434.28,40,53,59,40,64522.70,64512.60,,
2026-08-06T20:40:06+08:00,btc-updown-5m-1786020000,https://polymarket.com/zh/event/btc-updown-5m-1786020000,20:40-20:45,33.00,68.00,32.00,67.00,35.00,683.17,615.32,35.00,32.50,67.50,1.00,1.00,24569.28,24536.13,24416.12,24569.28,32,67,67,32,64522.70,64505.50,,
2026-08-06T20:40:08+08:00,btc-updown-5m-1786020000,https://polymarket.com/zh/event/btc-updown-5m-1786020000,20:40-20:45,34.00,67.00,33.00,66.00,498.43,183.14,246.58,511.43,33.50,66.50,1.00,1.00,22432.28,24567.12,24552.12,22442.28,33,66,66,33,64522.70,64505.51,,
2026-08-06T20:40:10+08:00,btc-updown-5m-1786020000,https://polymarket.com/zh/event/btc-updown-5m-1786020000,20:40-20:45,35.00,66.00,34.00,65.00,685.27,48.00,48.00,532.69,34.50,65.50,1.00,1.00,21692.28,22572.12,22652.12,21707.28,34,65,65,34,64522.70,64505.51,,
2026-08-06T20:40:12+08:00,btc-updown-5m-1786020000,https://polymarket.com/zh/event/btc-updown-5m-1786020000,20:40-20:45,36.00,67.00,35.00,66.00,1139.03,25.00,17.03,740.87,35.50,66.50,1.00,1.00,23397.28,24090.12,24095.12,23422.28,35,64,66,33,64522.70,64505.50,,
2026-08-06T20:40:14+08:00,btc-updown-5m-1786020000,https://polymarket.com/zh/event/btc-updown-5m-1786020000,20:40-20:45,34.00,67.00,33.00,66.00,861.44,129.78,129.78,866.44,33.50,66.50,1.00,1.00,24366.28,24401.12,24521.12,24366.28,33,66,66,33,64522.70,64505.50,,
2026-08-06T20:40:16+08:00,btc-updown-5m-1786020000,https://polymarket.com/zh/event/btc-updown-5m-1786020000,20:40-20:45,34.00,67.00,33.00,66.00,548.81,573.48,458.48,643.91,33.50,66.50,1.00,1.00,24376.28,25059.45,25069.45,24356.28,33,66,66,33,64522.70,64505.50,,
2026-08-06T20:40:18+08:00,btc-updown-5m-1786020000,https://polymarket.com/zh/event/btc-updown-5m-1786020000,20:40-20:45,34.00,67.00,33.00,66.00,833.42,112.00,112.00,835.47,33.50,66.50,1.00,1.00,24376.28,25074.45,24349.45,23636.28,33,66,66,33,64522.70,64505.50,,
2026-08-06T20:40:20+08:00,btc-updown-5m-1786020000,https://polymarket.com/zh/event/btc-updown-5m-1786020000,20:40-20:45,32.00,69.00,31.00,68.00,604.43,368.24,400.78,610.43,31.50,68.50,1.00,1.00,22706.28,23394.45,23509.46,22711.28,31,68,68,31,64522.70,64505.50,,
2026-08-06T20:40:22+08:00,btc-updown-5m-1786020000,https://polymarket.com/zh/event/btc-updown-5m-1786020000,20:40-20:45,28.00,73.00,27.00,72.00,1130.15,20.28,36.52,1130.15,27.50,72.50,1.00,1.00,25061.07,21111.45,21021.45,25081.07,27,72,72,27,64522.70,64501.20,,
2026-08-06T20:40:24+08:00,btc-updown-5m-1786020000,https://polymarket.com/zh/event/btc-updown-5m-1786020000,20:40-20:45,26.00,75.00,25.00,74.00,926.26,97.31,97.31,926.26,25.50,74.50,1.00,1.00,25153.54,20766.45,20876.46,25158.54,25,74,74,25,64522.70,64501.20,,
2026-08-06T20:40:26+08:00,btc-updown-5m-1786020000,https://polymarket.com/zh/event/btc-updown-5m-1786020000,20:40-20:45,26.00,77.00,25.00,76.00,1181.45,224.38,34.17,882.30,25.50,76.50,1.00,1.00,25369.04,20591.45,20391.45,25359.04,25,74,76,23,64522.70,64501.20,,
2026-08-06T20:40:28+08:00,btc-updown-5m-1786020000,https://polymarket.com/zh/event/btc-updown-5m-1786020000,20:40-20:45,24.00,77.00,23.00,76.00,478.64,515.23,515.23,475.84,23.50,76.50,1.00,1.00,24857.04,20041.46,20051.45,24847.04,23,76,76,23,64522.70,64500.01,,
2026-08-06T20:40:30+08:00,btc-updown-5m-1786020000,https://polymarket.com/zh/event/btc-updown-5m-1786020000,20:40-20:45,24.00,77.00,23.00,76.00,684.17,26.00,26.00,762.05,23.50,76.50,1.00,1.00,25828.77,19655.46,19570.45,25813.77,23,76,76,23,64522.70,64500.00,,
2026-08-06T20:40:32+08:00,btc-updown-5m-1786020000,https://polymarket.com/zh/event/btc-updown-5m-1786020000,20:40-20:45,22.00,79.00,21.00,78.00,911.98,212.47,212.47,868.98,21.50,78.50,1.00,1.00,26123.61,19405.45,19420.45,26113.61,21,78,78,21,64522.70,64497.41,,
2026-08-06T20:40:34+08:00,btc-updown-5m-1786020000,https://polymarket.com/zh/event/btc-updown-5m-1786020000,20:40-20:45,23.00,78.00,22.00,77.00,551.25,119.00,125.00,653.26,22.50,77.50,1.00,1.00,23912.14,19076.45,19201.45,23902.14,22,77,77,22,64522.70,64497.41,,
2026-08-06T20:40:36+08:00,btc-updown-5m-1786020000,https://polymarket.com/zh/event/btc-updown-5m-1786020000,20:40-20:45,22.00,79.00,21.00,78.00,1426.90,106.65,116.34,1450.39,21.50,78.50,1.00,1.00,28468.38,19341.46,19351.45,28468.38,21,78,78,21,64522.70,64497.41,,
2026-08-06T20:40:38+08:00,btc-updown-5m-1786020000,https://polymarket.com/zh/event/btc-updown-5m-1786020000,20:40-20:45,18.00,83.00,17.00,82.00,367.00,56.16,84.25,656.61,17.50,82.50,1.00,1.00,29713.99,19331.45,19336.46,29713.99,17,82,82,17,64522.70,64497.40,,
2026-08-06T20:40:40+08:00,btc-updown-5m-1786020000,https://polymarket.com/zh/event/btc-updown-5m-1786020000,20:40-20:45,13.00,88.00,12.00,87.00,488.16,228.38,220.04,563.42,12.50,87.50,1.00,1.00,28560.82,19441.46,19446.45,28672.99,12,87,87,12,64522.70,64486.00,,
2026-08-06T20:40:43+08:00,btc-updown-5m-1786020000,https://polymarket.com/zh/event/btc-updown-5m-1786020000,20:40-20:45,13.00,88.00,12.00,87.00,411.50,159.29,244.61,553.28,12.50,87.50,1.00,1.00,28476.44,19331.45,19361.45,28471.44,12,87,87,12,64522.70,64482.21,,
2026-08-06T20:40:45+08:00,btc-updown-5m-1786020000,https://polymarket.com/zh/event/btc-updown-5m-1786020000,20:40-20:45,12.00,89.00,11.00,88.00,2257.39,316.32,378.01,2309.15,11.50,88.50,1.00,1.00,27351.37,19451.45,19436.45,27346.37,11,88,88,11,64522.70,64476.73,,
2026-08-06T20:40:47+08:00,btc-updown-5m-1786020000,https://polymarket.com/zh/event/btc-updown-5m-1786020000,20:40-20:45,10.00,91.00,9.00,90.00,795.85,385.71,370.71,839.85,9.50,90.50,1.00,1.00,27381.65,19441.45,19451.45,27371.65,9,90,90,9,64522.70,64476.73,,
2026-08-06T20:40:49+08:00,btc-updown-5m-1786020000,https://polymarket.com/zh/event/btc-updown-5m-1786020000,20:40-20:45,12.00,89.00,11.00,88.00,443.19,132.29,209.00,431.31,11.50,88.50,1.00,1.00,29212.26,19336.45,19346.45,29207.26,11,88,88,11,64522.70,64484.50,,
2026-08-06T20:40:51+08:00,btc-updown-5m-1786020000,https://polymarket.com/zh/event/btc-updown-5m-1786020000,20:40-20:45,11.00,90.00,10.00,89.00,572.57,71.74,81.00,811.20,10.50,89.50,1.00,1.00,29144.99,19341.45,19456.46,29144.99,10,89,89,10,64522.70,64481.44,,
2026-08-06T20:40:53+08:00,btc-updown-5m-1786020000,https://polymarket.com/zh/event/btc-updown-5m-1786020000,20:40-20:45,10.00,91.00,9.00,90.00,631.80,104.86,145.00,560.74,9.50,90.50,1.00,1.00,29383.84,19346.45,19091.45,29143.84,9,90,90,9,64522.70,64481.22,,
2026-08-06T20:40:55+08:00,btc-updown-5m-1786020000,https://polymarket.com/zh/event/btc-updown-5m-1786020000,20:40-20:45,10.00,91.00,9.00,90.00,475.48,99.35,277.06,568.75,9.50,90.50,1.00,1.00,28964.56,19097.45,19202.45,28959.56,9,90,90,9,64522.70,64478.78,,
2026-08-06T20:40:57+08:00,btc-updown-5m-1786020000,https://polymarket.com/zh/event/btc-updown-5m-1786020000,20:40-20:45,8.00,93.00,7.00,92.00,745.39,174.87,168.87,792.84,7.50,92.50,1.00,1.00,28666.14,18037.45,17937.45,28661.14,7,92,92,7,64522.70,64478.82,,
2026-08-06T20:40:59+08:00,btc-updown-5m-1786020000,https://polymarket.com/zh/event/btc-updown-5m-1786020000,20:40-20:45,8.00,93.00,7.00,92.00,644.32,219.29,236.37,634.22,7.50,92.50,1.00,1.00,25847.60,18052.45,18037.45,25862.60,7,92,92,7,64522.70,64476.73,,
2026-08-06T20:41:01+08:00,btc-updown-5m-1786020000,https://polymarket.com/zh/event/btc-updown-5m-1786020000,20:40-20:45,8.00,92.00,7.00,91.00,282.12,279.04,495.23,1444.33,7.50,91.50,1.00,1.00,25298.95,22262.45,22157.45,25318.95,7,92,91,8,64522.70,64476.73,,
2026-08-06T20:41:03+08:00,btc-updown-5m-1786020000,https://polymarket.com/zh/event/btc-updown-5m-1786020000,20:40-20:45,9.00,92.00,8.00,91.00,1801.82,501.27,506.71,1811.60,8.50,91.50,1.00,1.00,24086.03,21772.45,21687.46,24086.03,8,91,91,8,64522.70,64476.73,,
2026-08-06T20:41:05+08:00,btc-updown-5m-1786020000,https://polymarket.com/zh/event/btc-updown-5m-1786020000,20:40-20:45,9.00,92.00,8.00,91.00,1830.61,459.66,459.66,1845.61,8.50,91.50,1.00,1.00,24127.15,21667.45,21767.45,24132.15,8,91,91,8,64522.70,64476.73,,
2026-08-06T20:41:07+08:00,btc-updown-5m-1786020000,https://polymarket.com/zh/event/btc-updown-5m-1786020000,20:40-20:45,9.00,92.00,8.00,91.00,1643.09,594.40,569.72,1653.09,8.50,91.50,1.00,1.00,23715.15,21364.45,21364.45,23720.15,8,91,91,8,64522.70,64476.72,,
2026-08-06T20:41:09+08:00,btc-updown-5m-1786020000,https://polymarket.com/zh/event/btc-updown-5m-1786020000,20:40-20:45,8.00,93.00,7.00,92.00,1903.19,1.24,55.45,1908.70,7.50,92.50,1.00,1.00,23429.03,21289.45,21281.45,23245.28,7,92,92,7,64522.70,64476.73,,
2026-08-06T20:41:11+08:00,btc-updown-5m-1786020000,https://polymarket.com/zh/event/btc-updown-5m-1786020000,20:40-20:45,8.00,93.00,7.00,92.00,3122.02,294.21,294.21,3137.80,7.50,92.50,1.00,1.00,23978.89,21374.45,21379.45,24003.89,7,92,92,7,64522.70,64476.72,,
2026-08-06T20:41:13+08:00,btc-updown-5m-1786020000,https://polymarket.com/zh/event/btc-updown-5m-1786020000,20:40-20:45,8.00,93.00,7.00,92.00,3245.11,251.62,255.98,3250.21,7.50,92.50,1.00,1.00,23912.89,21385.45,21375.45,23962.89,7,92,92,7,64522.70,64476.72,,
2026-08-06T20:41:15+08:00,btc-updown-5m-1786020000,https://polymarket.com/zh/event/btc-updown-5m-1786020000,20:40-20:45,8.00,93.00,7.00,92.00,3223.62,118.75,118.75,3263.54,7.50,92.50,1.00,1.00,23816.80,21289.46,21280.45,22086.75,7,92,92,7,64522.70,64476.73,,
2026-08-06T20:41:17+08:00,btc-updown-5m-1786020000,https://polymarket.com/zh/event/btc-updown-5m-1786020000,20:40-20:45,6.00,95.00,5.00,94.00,574.65,653.42,663.42,582.16,5.50,94.50,1.00,1.00,19218.95,21380.45,21375.45,19208.95,5,94,94,5,64522.70,64474.61,,
2026-08-06T20:41:19+08:00,btc-updown-5m-1786020000,https://polymarket.com/zh/event/btc-updown-5m-1786020000,20:40-20:45,6.00,95.00,5.00,94.00,964.30,557.07,557.07,950.28,5.50,94.50,1.00,1.00,18153.68,21274.45,21375.45,18153.68,5,94,94,5,64522.70,64470.80,,
2026-08-06T20:41:21+08:00,btc-updown-5m-1786020000,https://polymarket.com/zh/event/btc-updown-5m-1786020000,20:40-20:45,5.00,96.00,4.00,95.00,593.00,412.07,412.07,635.48,4.50,95.50,1.00,1.00,17665.28,21285.45,21379.45,17655.28,4,95,95,4,64522.70,64467.01,,
2026-08-06T20:41:23+08:00,btc-updown-5m-1786020000,https://polymarket.com/zh/event/btc-updown-5m-1786020000,20:40-20:45,5.00,96.00,4.00,95.00,415.45,483.11,403.11,542.33,4.50,95.50,1.00,1.00,14800.48,21221.45,21207.45,15122.98,4,95,95,4,64522.70,64467.00,,
2026-08-06T20:41:25+08:00,btc-updown-5m-1786020000,https://polymarket.com/zh/event/btc-updown-5m-1786020000,20:40-20:45,6.00,97.00,5.00,96.00,60.07,2095.22,501.83,1110.84,5.50,96.50,1.00,1.00,18628.57,21111.45,21212.45,18074.95,5,94,96,3,64522.70,64467.00,,
2026-08-06T20:41:27+08:00,btc-updown-5m-1786020000,https://polymarket.com/zh/event/btc-updown-5m-1786020000,20:40-20:45,4.00,97.00,3.00,96.00,909.46,1594.74,1594.74,904.46,3.50,96.50,1.00,1.00,17093.47,21191.46,21081.45,17093.47,3,96,96,3,64522.70,64467.01,,
2026-08-06T20:41:29+08:00,btc-updown-5m-1786020000,https://polymarket.com/zh/event/btc-updown-5m-1786020000,20:40-20:45,4.00,97.00,3.00,96.00,929.46,1645.93,1635.93,869.46,3.50,96.50,1.00,1.00,17022.66,21269.45,21264.45,17032.66,3,96,96,3,64522.70,64467.00,,
2026-08-06T20:41:31+08:00,btc-updown-5m-1786020000,https://polymarket.com/zh/event/btc-updown-5m-1786020000,20:40-20:45,3.00,98.00,2.00,97.00,454.79,3028.35,3676.00,464.26,2.50,97.50,1.00,1.00,15058.48,21024.45,20985.45,14405.83,2,97,97,2,64522.70,64466.52,,
2026-08-06T20:41:33+08:00,btc-updown-5m-1786020000,https://polymarket.com/zh/event/btc-updown-5m-1786020000,20:40-20:45,3.00,98.00,2.00,97.00,450.91,2977.52,2977.52,450.91,2.50,97.50,1.00,1.00,14330.00,20954.45,20962.45,14330.00,2,97,97,2,64522.70,64466.52,,
2026-08-06T20:41:35+08:00,btc-updown-5m-1786020000,https://polymarket.com/zh/event/btc-updown-5m-1786020000,20:40-20:45,3.00,98.00,2.00,97.00,471.49,760.36,2974.65,481.49,2.50,97.50,1.00,1.00,12352.63,20953.45,20863.45,10138.34,2,97,97,2,64522.70,64466.52,,
2026-08-06T20:41:37+08:00,btc-updown-5m-1786020000,https://polymarket.com/zh/event/btc-updown-5m-1786020000,20:40-20:45,2.00,99.00,1.00,98.00,297.67,9749.51,9754.57,118.00,1.50,98.50,1.00,1.00,9754.57,20901.25,20905.24,9749.51,1,98,98,1,64522.70,64466.52,,
2026-08-06T20:41:39+08:00,btc-updown-5m-1786020000,https://polymarket.com/zh/event/btc-updown-5m-1786020000,20:40-20:45,4.00,96.00,3.00,95.00,252.54,613.38,3882.29,5.00,3.50,95.50,1.00,1.00,16993.92,20990.24,20916.24,14646.37,3,96,95,4,64522.70,64478.39,,
2026-08-06T20:41:41+08:00,btc-updown-5m-1786020000,https://polymarket.com/zh/event/btc-updown-5m-1786020000,20:40-20:45,5.00,96.00,4.00,95.00,295.22,329.23,384.45,414.48,4.50,95.50,1.00,1.00,11024.71,20650.25,20909.24,10949.49,4,95,95,4,64522.70,64478.40,,
2026-08-06T20:41:43+08:00,btc-updown-5m-1786020000,https://polymarket.com/zh/event/btc-updown-5m-1786020000,20:40-20:45,4.00,97.00,3.00,96.00,1397.27,779.21,745.21,676.71,3.50,96.50,1.00,1.00,10552.52,20895.24,20995.24,10651.52,3,96,96,3,64522.70,64482.19,,
2026-08-06T20:41:45+08:00,btc-updown-5m-1786020000,https://polymarket.com/zh/event/btc-updown-5m-1786020000,20:40-20:45,5.00,96.00,4.00,95.00,201.89,991.87,808.11,136.89,4.50,95.50,1.00,1.00,15833.72,20651.25,20660.24,16017.48,4,95,95,4,64522.70,64482.19,,
2026-08-06T20:41:47+08:00,btc-updown-5m-1786020000,https://polymarket.com/zh/event/btc-updown-5m-1786020000,20:40-20:45,6.00,95.00,5.00,94.00,34.05,324.63,274.63,129.09,5.50,94.50,1.00,1.00,15352.93,20759.24,20644.25,15386.85,5,94,94,5,64522.70,64482.19,,
2026-08-06T20:41:49+08:00,btc-updown-5m-1786020000,https://polymarket.com/zh/event/btc-updown-5m-1786020000,20:40-20:45,4.00,97.00,3.00,96.00,1098.56,1632.87,1632.87,973.56,3.50,96.50,1.00,1.00,14831.67,20904.24,20883.24,14831.67,3,96,96,3,64522.70,64482.19,,
2026-08-06T20:41:51+08:00,btc-updown-5m-1786020000,https://polymarket.com/zh/event/btc-updown-5m-1786020000,20:40-20:45,4.00,97.00,3.00,96.00,1237.43,1558.48,1558.48,1172.43,3.50,96.50,1.00,1.00,14767.28,20910.24,20988.24,14767.28,3,96,96,3,64522.70,64482.93,,
2026-08-06T20:41:53+08:00,btc-updown-5m-1786020000,https://polymarket.com/zh/event/btc-updown-5m-1786020000,20:40-20:45,4.00,97.00,3.00,96.00,1241.66,271.56,276.72,1241.66,3.50,96.50,1.00,1.00,11850.53,20894.25,20909.24,11845.37,3,96,96,3,64522.70,64482.92,,
2026-08-06T20:41:55+08:00,btc-updown-5m-1786020000,https://polymarket.com/zh/event/btc-updown-5m-1786020000,20:40-20:45,4.00,97.00,3.00,96.00,1161.35,277.08,272.08,1209.65,3.50,96.50,1.00,1.00,11895.89,20905.24,20993.25,11900.89,3,96,96,3,64522.70,64481.30,,
2026-08-06T20:41:57+08:00,btc-updown-5m-1786020000,https://polymarket.com/zh/event/btc-updown-5m-1786020000,20:40-20:45,4.00,97.00,3.00,96.00,818.27,1483.06,1551.49,853.12,3.50,96.50,1.00,1.00,12218.30,20660.24,20643.25,12154.87,3,96,96,3,64522.70,64482.92,,
2026-08-06T20:41:59+08:00,btc-updown-5m-1786020000,https://polymarket.com/zh/event/btc-updown-5m-1786020000,20:40-20:45,4.00,97.00,3.00,96.00,818.58,1411.72,1411.72,813.58,3.50,96.50,1.00,1.00,12083.53,20744.24,20753.24,12083.53,3,96,96,3,64522.70,64483.00,,
2026-08-06T20:42:03+08:00,btc-updown-5m-1786020000,https://polymarket.com/zh/event/btc-updown-5m-1786020000,20:40-20:45,3.00,98.00,2.00,97.00,812.14,136.39,136.39,903.49,2.50,97.50,1.00,1.00,9018.71,20426.25,20451.24,9023.71,2,97,97,2,64522.70,64478.35,,
2026-08-06T20:42:05+08:00,btc-updown-5m-1786020000,https://polymarket.com/zh/event/btc-updown-5m-1786020000,20:40-20:45,3.00,98.00,2.00,97.00,704.51,186.39,186.39,704.51,2.50,97.50,1.00,1.00,9138.71,20356.24,20458.24,9143.71,2,97,97,2,64522.70,64478.35,,
2026-08-06T20:42:07+08:00,btc-updown-5m-1786020000,https://polymarket.com/zh/event/btc-updown-5m-1786020000,20:40-20:45,2.00,99.00,1.00,98.00,1856.41,8233.76,8734.85,2187.74,1.50,98.50,1.00,1.00,8734.85,20372.24,20372.24,8233.76,1,98,98,1,64522.70,64478.34,,
2026-08-06T20:42:09+08:00,btc-updown-5m-1786020000,https://polymarket.com/zh/event/btc-updown-5m-1786020000,20:40-20:45,2.00,99.00,1.00,98.00,1825.85,8263.67,8268.67,325.96,1.50,98.50,1.00,1.00,8268.67,20346.24,20223.24,8263.67,1,98,98,1,64522.70,64474.62,,
2026-08-06T20:42:11+08:00,btc-updown-5m-1786020000,https://polymarket.com/zh/event/btc-updown-5m-1786020000,20:40-20:45,3.00,98.00,2.00,97.00,981.68,307.80,307.80,1079.10,2.50,97.50,1.00,1.00,8588.10,20357.25,20456.24,8583.10,2,97,97,2,64522.70,64474.60,,
2026-08-06T20:42:13+08:00,btc-updown-5m-1786020000,https://polymarket.com/zh/event/btc-updown-5m-1786020000,20:40-20:45,3.00,98.00,2.00,97.00,1053.28,330.30,375.30,1043.28,2.50,97.50,1.00,1.00,8746.60,20563.24,20583.24,8701.60,2,97,97,2,64522.70,64473.32,,
2026-08-06T20:42:15+08:00,btc-updown-5m-1786020000,https://polymarket.com/zh/event/btc-updown-5m-1786020000,20:40-20:45,3.00,98.00,2.00,97.00,662.41,477.84,477.84,667.76,2.50,97.50,1.00,1.00,9104.14,20212.25,20317.24,9104.14,2,97,97,2,64522.70,64473.32,,
2026-08-06T20:42:17+08:00,btc-updown-5m-1786020000,https://polymarket.com/zh/event/btc-updown-5m-1786020000,20:40-20:45,3.00,98.00,2.00,97.00,796.39,427.50,427.50,796.39,2.50,97.50,1.00,1.00,8469.80,20463.24,20566.24,8464.80,2,97,97,2,64522.70,64472.92,,
2026-08-06T20:42:19+08:00,btc-updown-5m-1786020000,https://polymarket.com/zh/event/btc-updown-5m-1786020000,20:40-20:45,3.00,98.00,2.00,97.00,646.83,276.35,276.35,646.83,2.50,97.50,1.00,1.00,8323.65,20557.24,20482.24,8313.65,2,97,97,2,64522.70,64472.62,,
2026-08-06T20:42:21+08:00,btc-updown-5m-1786020000,https://polymarket.com/zh/event/btc-updown-5m-1786020000,20:40-20:45,3.00,98.00,2.00,97.00,812.70,125.19,122.48,824.24,2.50,97.50,1.00,1.00,7818.47,20477.25,20461.24,7821.18,2,97,97,2,64522.70,64466.52,,
2026-08-06T20:42:23+08:00,btc-updown-5m-1786020000,https://polymarket.com/zh/event/btc-updown-5m-1786020000,20:40-20:45,3.00,98.00,2.00,97.00,659.69,5455.04,5465.04,659.69,2.50,97.50,1.00,1.00,13060.03,20422.24,20222.24,13045.03,2,97,97,2,64522.70,64462.38,,
2026-08-06T20:42:25+08:00,btc-updown-5m-1786020000,https://polymarket.com/zh/event/btc-updown-5m-1786020000,20:40-20:45,3.00,98.00,2.00,97.00,321.57,5508.10,5508.10,321.57,2.50,97.50,1.00,1.00,13572.76,20227.25,20211.24,13582.76,2,97,97,2,64522.70,64463.90,,
2026-08-06T20:42:27+08:00,btc-updown-5m-1786020000,https://polymarket.com/zh/event/btc-updown-5m-1786020000,20:40-20:45,3.00,98.00,2.00,97.00,244.97,5398.73,5414.53,244.97,2.50,97.50,1.00,1.00,13691.64,20239.24,20227.25,13675.84,2,97,97,2,64522.70,64463.91,,
2026-08-06T20:42:29+08:00,btc-updown-5m-1786020000,https://polymarket.com/zh/event/btc-updown-5m-1786020000,20:40-20:45,3.00,98.00,2.00,97.00,244.97,5451.38,5456.38,244.97,2.50,97.50,1.00,1.00,13678.49,20239.24,20217.25,13673.49,2,97,97,2,64522.70,64463.91,,
2026-08-06T20:42:31+08:00,btc-updown-5m-1786020000,https://polymarket.com/zh/event/btc-updown-5m-1786020000,20:40-20:45,4.00,97.00,3.00,96.00,964.32,1296.16,1194.16,851.45,3.50,96.50,1.00,1.00,13746.26,20313.24,20228.24,14174.32,3,96,96,3,64522.70,64465.20,,
2026-08-06T20:42:33+08:00,btc-updown-5m-1786020000,https://polymarket.com/zh/event/btc-updown-5m-1786020000,20:40-20:45,4.00,97.00,3.00,96.00,873.25,1191.12,1226.12,878.25,3.50,96.50,1.00,1.00,13773.22,20213.25,20322.24,13708.22,3,96,96,3,64522.70,64465.19,,
2026-08-06T20:42:35+08:00,btc-updown-5m-1786020000,https://polymarket.com/zh/event/btc-updown-5m-1786020000,20:40-20:45,4.00,97.00,3.00,96.00,945.15,95.30,95.30,940.15,3.50,96.50,1.00,1.00,7492.40,20479.24,20488.24,7552.40,3,96,96,3,64522.70,64468.28,,
2026-08-06T20:42:37+08:00,btc-updown-5m-1786020000,https://polymarket.com/zh/event/btc-updown-5m-1786020000,20:40-20:45,4.00,97.00,3.00,96.00,944.97,20.80,20.80,944.97,3.50,96.50,1.00,1.00,2580.79,20463.24,20477.24,2575.79,3,96,96,3,64522.70,64468.27,,
2026-08-06T20:42:39+08:00,btc-updown-5m-1786020000,https://polymarket.com/zh/event/btc-updown-5m-1786020000,20:40-20:45,3.00,98.00,2.00,97.00,1054.79,55.00,55.00,1082.29,2.50,97.50,1.00,1.00,2559.99,20474.24,20482.24,2544.99,2,97,97,2,64522.70,64468.27,,
2026-08-06T20:42:41+08:00,btc-updown-5m-1786020000,https://polymarket.com/zh/event/btc-updown-5m-1786020000,20:40-20:45,4.00,97.00,3.00,96.00,429.28,4460.62,4460.62,429.28,3.50,96.50,1.00,1.00,7145.64,20469.24,20483.24,7140.64,3,96,96,3,64522.70,64468.27,,
2026-08-06T20:42:43+08:00,btc-updown-5m-1786020000,https://polymarket.com/zh/event/btc-updown-5m-1786020000,20:40-20:45,3.10,97.00,3.00,96.90,119.00,4124.84,4125.88,88.00,3.05,96.95,0.10,0.10,5894.99,21141.03,21173.03,5889.99,11,106,106,11,64522.70,64468.27,,
2026-08-06T20:42:45+08:00,btc-updown-5m-1786020000,https://polymarket.com/zh/event/btc-updown-5m-1786020000,20:40-20:45,3.10,97.00,3.00,96.90,124.00,4202.33,4177.18,124.00,3.05,96.95,0.10,0.10,6009.99,21282.03,21362.03,6004.99,10,106,108,10,64522.70,64465.28,,
2026-08-06T20:42:47+08:00,btc-updown-5m-1786020000,https://polymarket.com/zh/event/btc-updown-5m-1786020000,20:40-20:45,3.10,97.00,3.00,96.90,78.00,3839.66,3879.01,124.00,3.05,96.95,0.10,0.10,6004.99,21393.03,21266.03,6004.99,10,109,108,10,64522.70,64465.29,,
2026-08-06T20:42:49+08:00,btc-updown-5m-1786020000,https://polymarket.com/zh/event/btc-updown-5m-1786020000,20:40-20:45,4.00,96.10,3.90,96.00,266.96,182.00,182.00,261.96,3.95,96.05,0.10,0.10,5804.99,21356.03,21378.03,5909.99,12,106,106,13,64522.70,64465.29,,
2026-08-06T20:42:51+08:00,btc-updown-5m-1786020000,https://polymarket.com/zh/event/btc-updown-5m-1786020000,20:40-20:45,4.00,96.10,3.90,96.00,494.54,137.33,137.33,491.26,3.95,96.05,0.10,0.10,5899.99,21367.04,21477.03,5899.99,13,108,108,12,64522.70,64465.29,,
2026-08-06T20:42:53+08:00,btc-updown-5m-1786020000,https://polymarket.com/zh/event/btc-updown-5m-1786020000,20:40-20:45,4.00,96.10,3.90,96.00,434.36,93.37,94.42,444.36,3.95,96.05,0.10,0.10,5904.99,21373.03,21492.03,5899.99,12,108,108,12,64522.70,64465.28,,
2026-08-06T20:42:55+08:00,btc-updown-5m-1786020000,https://polymarket.com/zh/event/btc-updown-5m-1786020000,20:40-20:45,4.00,96.10,3.90,96.00,456.74,72.66,85.66,438.78,3.95,96.05,0.10,0.10,5954.99,21473.03,21393.03,5949.99,12,108,107,12,64522.70,64465.29,,
2026-08-06T20:42:57+08:00,btc-updown-5m-1786020000,https://polymarket.com/zh/event/btc-updown-5m-1786020000,20:40-20:45,4.00,96.10,3.90,96.00,505.89,63.32,63.32,555.89,3.95,96.05,0.10,0.10,5984.99,21482.03,21378.03,5979.99,12,108,108,12,64522.70,64465.28,,
2026-08-06T20:42:59+08:00,btc-updown-5m-1786020000,https://polymarket.com/zh/event/btc-updown-5m-1786020000,20:40-20:45,4.00,96.90,3.10,96.00,387.74,5.00,5.00,387.74,3.55,96.45,0.90,0.90,5934.99,21283.03,21277.03,5979.99,11,106,107,11,64522.70,64465.29,,
2026-08-06T20:43:01+08:00,btc-updown-5m-1786020000,https://polymarket.com/zh/event/btc-updown-5m-1786020000,20:40-20:45,3.10,97.00,3.00,96.90,117.74,3740.60,3801.71,117.74,3.05,96.95,0.10,0.10,5829.99,21231.03,21253.03,5829.99,12,104,104,13,64522.70,64465.29,,
2026-08-06T20:43:03+08:00,btc-updown-5m-1786020000,https://polymarket.com/zh/event/btc-updown-5m-1786020000,20:40-20:45,3.10,97.00,3.00,96.90,85.48,2720.63,2727.41,85.48,3.05,96.95,0.10,0.10,5829.99,21242.03,21263.03,5799.99,13,105,105,13,64522.70,64465.29,,
2026-08-06T20:43:05+08:00,btc-updown-5m-1786020000,https://polymarket.com/zh/event/btc-updown-5m-1786020000,20:40-20:45,3.10,97.00,3.00,96.90,20.96,2456.44,2456.44,20.96,3.05,96.95,0.10,0.10,5799.99,21257.03,21252.03,5799.99,11,107,107,10,64522.70,64465.28,,
2026-08-06T20:43:07+08:00,btc-updown-5m-1786020000,https://polymarket.com/zh/event/btc-updown-5m-1786020000,20:40-20:45,3.10,97.00,3.00,96.90,26.12,2265.69,2266.60,26.12,3.05,96.95,0.10,0.10,5820.99,21151.04,21246.03,5825.99,11,107,108,11,64522.70,64465.19,,
2026-08-06T20:43:09+08:00,btc-updown-5m-1786020000,https://polymarket.com/zh/event/btc-updown-5m-1786020000,20:40-20:45,3.10,97.00,3.00,96.90,26.12,2220.56,2220.56,26.12,3.05,96.95,0.10,0.10,5825.99,21247.03,21246.04,5820.99,11,110,110,11,64522.70,64463.90,,
2026-08-06T20:43:11+08:00,btc-updown-5m-1786020000,https://polymarket.com/zh/event/btc-updown-5m-1786020000,20:40-20:45,3.10,97.00,3.00,96.90,26.12,2336.17,2336.17,26.12,3.05,96.95,0.10,0.10,5675.99,21046.03,20948.03,5675.99,11,110,109,11,64522.70,64463.90,,
2026-08-06T20:43:13+08:00,btc-updown-5m-1786020000,https://polymarket.com/zh/event/btc-updown-5m-1786020000,20:40-20:45,3.90,96.60,3.20,96.20,1453.27,5.00,63.00,32.00,3.55,96.40,0.70,0.40,5655.99,21231.03,21253.03,5655.99,11,107,108,10,64522.70,64463.90,,
2026-08-06T20:43:15+08:00,btc-updown-5m-1786020000,https://polymarket.com/zh/event/btc-updown-5m-1786020000,20:40-20:45,3.80,97.00,3.00,96.20,32.00,1562.16,1502.11,32.00,3.40,96.60,0.80,0.80,5665.99,21147.03,21237.03,5665.99,9,108,108,9,64522.70,64463.90,,
2026-08-06T20:43:17+08:00,btc-updown-5m-1786020000,https://polymarket.com/zh/event/btc-updown-5m-1786020000,20:40-20:45,3.80,97.00,3.00,96.20,32.00,1572.83,1579.23,32.00,3.40,96.60,0.80,0.80,5680.99,21263.03,21246.03,5680.99,9,108,108,9,64522.70,64463.91,,
2026-08-06T20:43:19+08:00,btc-updown-5m-1786020000,https://polymarket.com/zh/event/btc-updown-5m-1786020000,20:40-20:45,3.80,97.00,3.00,96.20,32.00,1365.07,1312.46,32.00,3.40,96.60,0.80,0.80,5685.99,21247.03,21151.04,5685.99,9,107,108,9,64522.70,64463.91,,
2026-08-06T20:43:21+08:00,btc-updown-5m-1786020000,https://polymarket.com/zh/event/btc-updown-5m-1786020000,20:40-20:45,3.80,97.00,3.00,96.20,32.00,1249.42,1328.60,32.00,3.40,96.60,0.80,0.80,5680.99,20943.03,21047.03,5680.99,9,109,109,9,64522.70,64463.90,,
2026-08-06T20:43:23+08:00,btc-updown-5m-1786020000,https://polymarket.com/zh/event/btc-updown-5m-1786020000,20:40-20:45,3.80,97.00,3.00,96.20,32.00,1044.94,921.75,32.00,3.40,96.60,0.80,0.80,5620.99,21143.03,21237.03,5620.99,9,108,108,9,64522.70,64463.90,,
2026-08-06T20:43:25+08:00,btc-updown-5m-1786020000,https://polymarket.com/zh/event/btc-updown-5m-1786020000,20:40-20:45,3.70,97.00,3.00,96.30,36.47,649.02,767.90,68.47,3.35,96.65,0.70,0.70,5650.99,21216.04,21123.03,5650.99,9,109,109,9,64522.70,64463.90,,
2026-08-06T20:43:27+08:00,btc-updown-5m-1786020000,https://polymarket.com/zh/event/btc-updown-5m-1786020000,20:40-20:45,3.60,97.00,3.00,96.40,69.45,545.92,662.50,53.45,3.30,96.70,0.60,0.60,5675.99,21201.03,21217.03,5655.99,10,109,109,10,64522.70,64463.90,,
2026-08-06T20:43:29+08:00,btc-updown-5m-1786020000,https://polymarket.com/zh/event/btc-updown-5m-1786020000,20:40-20:45,3.60,98.00,2.00,97.00,63.45,231.63,91.24,522.72,2.80,97.50,1.60,1.00,5675.99,21217.94,20895.94,5675.99,8,110,111,8,64522.70,64463.91,,
2026-08-06T20:43:31+08:00,btc-updown-5m-1786020000,https://polymarket.com/zh/event/btc-updown-5m-1786020000,20:40-20:45,2.80,97.80,2.20,97.20,42.00,8.97,10.00,42.00,2.50,97.50,0.60,0.60,5555.90,20914.60,20897.60,5555.90,9,109,110,9,64522.70,64463.91,,
2026-08-06T20:43:33+08:00,btc-updown-5m-1786020000,https://polymarket.com/zh/event/btc-updown-5m-1786020000,20:40-20:45,2.00,99.00,1.00,98.00,942.39,2159.39,2179.39,942.39,1.50,98.50,1.00,1.00,5419.39,20909.60,21003.60,5399.39,4,112,112,4,64522.70,64463.91,,
2026-08-06T20:43:35+08:00,btc-updown-5m-1786020000,https://polymarket.com/zh/event/btc-updown-5m-1786020000,20:40-20:45,2.00,99.00,1.00,98.00,921.62,2183.29,2178.29,921.62,1.50,98.50,1.00,1.00,5418.29,21013.60,20917.61,5423.29,4,112,112,4,64522.70,64463.91,,
2026-08-06T20:43:37+08:00,btc-updown-5m-1786020000,https://polymarket.com/zh/event/btc-updown-5m-1786020000,20:40-20:45,2.00,99.00,1.00,98.00,1097.93,2103.18,2095.94,844.73,1.50,98.50,1.00,1.00,5335.94,20992.60,21024.60,5343.18,4,113,114,4,64522.70,64463.91,,
2026-08-06T20:43:39+08:00,btc-updown-5m-1786020000,https://polymarket.com/zh/event/btc-updown-5m-1786020000,20:40-20:45,2.00,98.20,1.80,98.00,1163.84,36.72,64.92,1186.84,1.90,98.10,0.20,0.20,5230.79,21031.61,20937.60,5335.79,6,116,116,6,64522.70,64463.91,,
2026-08-06T20:43:41+08:00,btc-updown-5m-1786020000,https://polymarket.com/zh/event/btc-updown-5m-1786020000,20:40-20:45,1.80,98.90,1.10,98.20,42.00,15.00,15.00,42.00,1.45,98.55,0.70,0.70,4813.06,21032.60,21052.60,4813.06,5,117,117,5,64522.70,64462.67,,
2026-08-06T20:43:43+08:00,btc-updown-5m-1786020000,https://polymarket.com/zh/event/btc-updown-5m-1786020000,20:40-20:45,1.10,99.00,1.00,98.90,107.00,1621.14,1621.14,107.00,1.05,98.95,0.10,0.10,4871.46,21106.60,20928.60,4871.46,5,119,119,5,64522.70,64462.68,,
2026-08-06T20:43:45+08:00,btc-updown-5m-1786020000,https://polymarket.com/zh/event/btc-updown-5m-1786020000,20:40-20:45,1.00,99.70,0.30,99.00,5744.13,10.00,10.00,5744.13,0.65,99.35,0.70,0.70,3245.00,20997.60,21002.61,3245.00,3,127,127,3,64522.70,64459.41,,
2026-08-06T20:43:47+08:00,btc-updown-5m-1786020000,https://polymarket.com/zh/event/btc-updown-5m-1786020000,20:40-20:45,0.90,99.70,0.30,99.10,7.03,9920.00,9960.00,7.03,0.60,99.40,0.60,0.60,12225.84,20788.60,20787.61,12185.84,3,129,129,3,64522.70,64455.60,,
2026-08-06T20:43:49+08:00,btc-updown-5m-1786020000,https://polymarket.com/zh/event/btc-updown-5m-1786020000,20:40-20:45,0.80,99.70,0.30,99.20,11.97,9564.19,9564.19,11.97,0.55,99.45,0.50,0.50,11809.70,20804.60,20699.60,11809.70,2,132,133,2,64522.70,64450.01,,
2026-08-06T20:43:51+08:00,btc-updown-5m-1786020000,https://polymarket.com/zh/event/btc-updown-5m-1786020000,20:40-20:45,0.80,99.70,0.30,99.20,3.97,9561.18,9564.19,3.97,0.55,99.45,0.50,0.50,11820.50,20830.60,20694.60,11817.43,2,133,133,2,64522.70,64450.01,,
2026-08-06T20:43:53+08:00,btc-updown-5m-1786020000,https://polymarket.com/zh/event/btc-updown-5m-1786020000,20:40-20:45,0.80,99.70,0.30,99.20,3.97,9560.17,9560.17,3.97,0.55,99.45,0.50,0.50,11811.32,20709.60,20705.60,11811.32,2,132,132,2,64522.70,64450.01,,
2026-08-06T20:43:55+08:00,btc-updown-5m-1786020000,https://polymarket.com/zh/event/btc-updown-5m-1786020000,20:40-20:45,0.80,99.60,0.40,99.20,3.97,50.20,50.20,3.97,0.60,99.40,0.40,0.40,11845.37,20806.60,20825.61,11845.37,3,131,131,3,64522.70,64450.00,,
2026-08-06T20:43:57+08:00,btc-updown-5m-1786020000,https://polymarket.com/zh/event/btc-updown-5m-1786020000,20:40-20:45,0.80,99.60,0.40,99.20,6.91,50.20,50.20,6.91,0.60,99.40,0.40,0.40,11855.37,20714.61,20788.60,11855.37,4,130,130,4,64522.70,64450.00,,
2026-08-06T20:43:59+08:00,btc-updown-5m-1786020000,https://polymarket.com/zh/event/btc-updown-5m-1786020000,20:40-20:45,0.80,99.60,0.40,99.20,6.91,50.20,50.20,6.91,0.60,99.40,0.40,0.40,11855.37,20749.61,20828.60,11855.37,4,129,129,4,64522.70,64450.01,,
2026-08-06T20:44:01+08:00,btc-updown-5m-1786020000,https://polymarket.com/zh/event/btc-updown-5m-1786020000,20:40-20:45,0.40,99.70,0.30,99.60,80.00,9550.17,9550.17,80.00,0.35,99.65,0.10,0.10,11790.25,20839.58,20719.58,11790.25,2,127,127,2,64522.70,64450.01,,
2026-08-06T20:44:03+08:00,btc-updown-5m-1786020000,https://polymarket.com/zh/event/btc-updown-5m-1786020000,20:40-20:45,0.60,99.70,0.40,99.60,75.00,9539.13,10.00,75.00,0.50,99.65,0.20,0.10,11784.13,20737.58,20718.58,11774.13,3,127,127,2,64522.70,64450.01,,
2026-08-06T20:44:05+08:00,btc-updown-5m-1786020000,https://polymarket.com/zh/event/btc-updown-5m-1786020000,20:40-20:45,0.40,99.70,0.30,99.60,13.15,9538.12,9538.12,13.15,0.35,99.65,0.10,0.10,11773.12,20837.58,20817.58,11773.12,2,127,127,2,64522.70,64450.01,,
2026-08-06T20:44:07+08:00,btc-updown-5m-1786020000,https://polymarket.com/zh/event/btc-updown-5m-1786020000,20:40-20:45,0.70,99.50,0.50,99.30,332.80,135.00,135.00,332.80,0.60,99.40,0.20,0.20,11908.12,20727.58,20823.58,11908.12,3,126,126,3,64522.70,64450.00,,
2026-08-06T20:44:09+08:00,btc-updown-5m-1786020000,https://polymarket.com/zh/event/btc-updown-5m-1786020000,20:40-20:45,0.70,99.50,0.50,99.30,332.80,34.49,34.49,332.80,0.60,99.40,0.20,0.20,11807.61,20822.58,20833.58,11807.61,3,124,124,3,64522.70,64450.00,,
2026-08-06T20:44:11+08:00,btc-updown-5m-1786020000,https://polymarket.com/zh/event/btc-updown-5m-1786020000,20:40-20:45,0.70,99.70,0.30,99.30,332.80,6664.60,6664.60,332.80,0.50,99.50,0.40,0.40,8899.60,20843.58,20822.58,8899.60,2,123,123,2,64522.70,64450.00,,
2026-08-06T20:44:13+08:00,btc-updown-5m-1786020000,https://polymarket.com/zh/event/btc-updown-5m-1786020000,20:40-20:45,0.70,99.70,0.30,99.30,332.80,100.00,6663.59,332.80,0.50,99.50,0.40,0.40,8898.59,20730.25,20724.25,2335.00,2,124,124,2,64522.70,64450.01,,
2026-08-06T20:44:15+08:00,btc-updown-5m-1786020000,https://polymarket.com/zh/event/btc-updown-5m-1786020000,20:40-20:45,0.70,99.90,0.10,99.30,332.80,1256.49,1256.49,332.80,0.40,99.60,0.60,0.60,1256.49,18842.25,18825.26,1256.49,1,127,128,1,64522.70,64450.00,,
2026-08-06T20:44:17+08:00,btc-updown-5m-1786020000,https://polymarket.com/zh/event/btc-updown-5m-1786020000,20:40-20:45,0.40,99.90,0.10,99.60,975.49,235.00,235.00,975.49,0.25,99.75,0.30,0.30,235.00,18822.25,18920.25,235.00,1,129,129,1,64522.70,64450.01,,
2026-08-06T20:44:19+08:00,btc-updown-5m-1786020000,https://polymarket.com/zh/event/btc-updown-5m-1786020000,20:40-20:45,0.40,99.90,0.10,99.60,975.49,235.00,235.00,975.49,0.25,99.75,0.30,0.30,235.00,18926.25,18926.25,235.00,1,130,130,1,64522.70,64450.01,,
2026-08-06T20:44:21+08:00,btc-updown-5m-1786020000,https://polymarket.com/zh/event/btc-updown-5m-1786020000,20:40-20:45,0.40,99.90,0.10,99.60,1075.89,235.00,235.00,1075.89,0.25,99.75,0.30,0.30,235.00,18816.26,18815.25,235.00,1,131,131,1,64522.70,64450.01,,
2026-08-06T20:44:23+08:00,btc-updown-5m-1786020000,https://polymarket.com/zh/event/btc-updown-5m-1786020000,20:40-20:45,0.30,99.90,0.10,99.70,100.30,233.99,233.99,100.30,0.20,99.80,0.20,0.20,233.99,18905.25,18921.25,233.99,1,128,128,1,64522.70,64450.00,,
2026-08-06T20:44:25+08:00,btc-updown-5m-1786020000,https://polymarket.com/zh/event/btc-updown-5m-1786020000,20:40-20:45,0.30,99.90,0.10,99.70,100.30,232.98,232.98,100.30,0.20,99.80,0.20,0.20,232.98,18811.25,18831.25,232.98,1,129,129,1,64522.70,64450.00,,
2026-08-06T20:44:27+08:00,btc-updown-5m-1786020000,https://polymarket.com/zh/event/btc-updown-5m-1786020000,20:40-20:45,0.40,99.70,0.30,99.60,1075.89,32.86,32.86,1075.89,0.35,99.65,0.10,0.10,265.84,18817.25,18936.25,265.84,2,130,129,2,64522.70,64450.01,,
2026-08-06T20:44:29+08:00,btc-updown-5m-1786020000,https://polymarket.com/zh/event/btc-updown-5m-1786020000,20:40-20:45,0.40,99.70,0.30,99.60,1075.89,32.86,32.86,1075.89,0.35,99.65,0.10,0.10,265.84,18915.25,18831.25,265.84,2,127,128,2,64522.70,64450.01,,
2026-08-06T20:44:31+08:00,btc-updown-5m-1786020000,https://polymarket.com/zh/event/btc-updown-5m-1786020000,20:40-20:45,0.10,,,99.90,4039.02,,,4039.02,,,,,,18438.58,18460.58,,0,127,128,0,64522.70,64450.01,,
2026-08-06T20:44:33+08:00,btc-updown-5m-1786020000,https://polymarket.com/zh/event/btc-updown-5m-1786020000,20:40-20:45,0.10,,,99.90,4037.51,,,4037.51,,,,,,17919.58,17935.58,,0,126,126,0,64522.70,64450.01,,
2026-08-06T20:44:35+08:00,btc-updown-5m-1786020000,https://polymarket.com/zh/event/btc-updown-5m-1786020000,20:40-20:45,0.10,,,99.90,4042.51,,,4042.51,,,,,,17924.58,17929.58,,0,126,126,0,64522.70,64448.01,,
2026-08-06T20:44:37+08:00,btc-updown-5m-1786020000,https://polymarket.com/zh/event/btc-updown-5m-1786020000,20:40-20:45,0.10,,,99.90,4042.51,,,4218.51,,,,,,17940.58,17924.58,,0,129,129,0,64522.70,64448.01,,
2026-08-06T20:44:39+08:00,btc-updown-5m-1786020000,https://polymarket.com/zh/event/btc-updown-5m-1786020000,20:40-20:45,0.10,,,99.90,7215.42,,,7215.42,,,,,,17908.58,17925.58,,0,129,129,0,64522.70,64448.01,,
2026-08-06T20:44:41+08:00,btc-updown-5m-1786020000,https://polymarket.com/zh/event/btc-updown-5m-1786020000,20:40-20:45,0.10,,,99.90,7215.42,,,7215.42,,,,,,17079.76,17059.76,,0,126,127,0,64522.70,64448.01,,
2026-08-06T20:44:43+08:00,btc-updown-5m-1786020000,https://polymarket.com/zh/event/btc-updown-5m-1786020000,20:40-20:45,0.10,,,99.90,7215.42,,,7215.42,,,,,,16869.76,16830.76,,0,126,127,0,64522.70,64448.40,,
2026-08-06T20:44:45+08:00,btc-updown-5m-1786020000,https://polymarket.com/zh/event/btc-updown-5m-1786020000,20:40-20:45,0.10,,,99.90,7205.11,,,7205.11,,,,,,16750.43,16761.43,,0,128,127,0,64522.70,64448.40,,
2026-08-06T20:44:47+08:00,btc-updown-5m-1786020000,https://polymarket.com/zh/event/btc-updown-5m-1786020000,20:40-20:45,0.10,,,99.90,6895.83,,,6895.83,,,,,,16559.43,16586.43,,0,97,99,0,64522.70,64448.40,,
2026-08-06T20:44:49+08:00,btc-updown-5m-1786020000,https://polymarket.com/zh/event/btc-updown-5m-1786020000,20:40-20:45,0.10,,,99.90,7100.83,,,7100.83,,,,,,16549.43,16560.44,,0,104,104,0,64522.70,64448.40,,
2026-08-06T20:44:51+08:00,btc-updown-5m-1786020000,https://polymarket.com/zh/event/btc-updown-5m-1786020000,20:40-20:45,0.10,,,99.90,7100.83,,,7100.83,,,,,,10060.39,10066.40,,0,104,103,0,64522.70,64448.39,,
2026-08-06T20:44:53+08:00,btc-updown-5m-1786020000,https://polymarket.com/zh/event/btc-updown-5m-1786020000,20:40-20:45,0.10,,,99.90,7100.83,,,7100.83,,,,,,10259.40,10266.39,,0,102,102,0,64522.70,64448.39,,
2026-08-06T20:44:55+08:00,btc-updown-5m-1786020000,https://polymarket.com/zh/event/btc-updown-5m-1786020000,20:40-20:45,0.10,,,99.90,7200.93,,,7401.13,,,,,,10259.40,10094.39,,0,101,73,0,64522.70,64448.39,,
2026-08-06T20:44:57+08:00,btc-updown-5m-1786020000,https://polymarket.com/zh/event/btc-updown-5m-1786020000,20:40-20:45,0.10,,,99.90,15824.55,,,15824.55,,,,,,14422.39,14235.39,,0,71,72,0,64522.70,64457.88,,
2026-08-06T20:44:59+08:00,btc-updown-5m-1786020000,https://polymarket.com/zh/event/btc-updown-5m-1786020000,20:40-20:45,0.10,,,99.90,18722.46,,,18722.46,,,,,,20569.39,20473.39,,0,69,69,0,64522.70,64457.89,,
2026-08-06T20:45:01+08:00,btc-updown-5m-1786020300,https://polymarket.com/zh/event/btc-updown-5m-1786020300,20:45-20:50,55.00,46.00,54.00,45.00,29.00,478.26,444.87,39.00,54.50,45.50,1.00,1.00,22945.16,23165.58,23208.93,23013.67,49,43,45,54,64457.89,64457.88,,
2026-08-06T20:45:03+08:00,btc-updown-5m-1786020300,https://polymarket.com/zh/event/btc-updown-5m-1786020300,20:45-20:50,53.00,48.00,52.00,47.00,700.96,59.00,64.00,668.94,52.50,47.50,1.00,1.00,26086.01,24071.44,24151.44,25391.01,52,47,47,52,64457.89,64457.89,,
2026-08-06T20:45:05+08:00,btc-updown-5m-1786020300,https://polymarket.com/zh/event/btc-updown-5m-1786020300,20:45-20:50,53.00,48.00,52.00,47.00,973.70,59.75,59.75,959.81,52.50,47.50,1.00,1.00,25427.01,24372.44,24357.44,25412.01,52,47,47,52,64457.89,64457.72,,
2026-08-06T20:45:07+08:00,btc-updown-5m-1786020300,https://polymarket.com/zh/event/btc-updown-5m-1786020300,20:45-20:50,46.00,55.00,45.00,54.00,30.00,576.16,26.52,130.62,45.50,54.50,1.00,1.00,25427.01,24367.44,24277.45,25432.01,45,54,54,45,64457.89,64457.66,,
2026-08-06T20:45:09+08:00,btc-updown-5m-1786020300,https://polymarket.com/zh/event/btc-updown-5m-1786020300,20:45-20:50,46.00,55.00,45.00,54.00,44.58,829.47,829.47,44.58,45.50,54.50,1.00,1.00,22715.01,22205.44,22315.45,22715.01,45,54,54,45,64457.89,64455.40,,
2026-08-06T20:45:11+08:00,btc-updown-5m-1786020300,https://polymarket.com/zh/event/btc-updown-5m-1786020300,20:45-20:50,47.00,54.00,46.00,53.00,115.00,1261.23,1281.23,115.00,46.50,53.50,1.00,1.00,23580.01,24072.78,23877.77,23570.01,46,53,53,46,64457.89,64455.40,,
2026-08-06T20:45:13+08:00,btc-updown-5m-1786020300,https://polymarket.com/zh/event/btc-updown-5m-1786020300,20:45-20:50,47.00,54.00,46.00,53.00,378.09,67.96,67.96,373.09,46.50,53.50,1.00,1.00,23570.01,24284.87,24284.88,23959.01,46,53,53,46,64457.89,64453.12,,
2026-08-06T20:45:15+08:00,btc-updown-5m-1786020300,https://polymarket.com/zh/event/btc-updown-5m-1786020300,20:45-20:50,48.00,53.00,47.00,52.00,401.66,94.10,69.00,366.43,47.50,52.50,1.00,1.00,24999.01,24875.77,24980.78,24999.01,47,52,52,47,64457.89,64453.48,,
2026-08-06T20:45:17+08:00,btc-updown-5m-1786020300,https://polymarket.com/zh/event/btc-updown-5m-1786020300,20:45-20:50,51.00,50.00,50.00,49.00,30.98,1168.81,1062.81,30.98,50.50,49.50,1.00,1.00,25794.01,25025.77,25019.77,25894.02,50,49,49,50,64457.89,64456.40,,
2026-08-06T20:45:19+08:00,btc-updown-5m-1786020300,https://polymarket.com/zh/event/btc-updown-5m-1786020300,20:45-20:50,53.00,48.00,52.00,47.00,83.51,2054.42,2159.83,23.51,52.50,47.50,1.00,1.00,25521.02,24539.77,24549.77,25501.01,52,47,47,52,64457.89,64457.59,,
2026-08-06T20:45:21+08:00,btc-updown-5m-1786020300,https://polymarket.com/zh/event/btc-updown-5m-1786020300,20:45-20:50,60.00,41.00,59.00,40.00,74.85,485.72,498.05,47.28,59.50,40.50,1.00,1.00,24614.01,23494.77,23514.77,24519.01,59,40,40,59,64457.89,64457.88,,
2026-08-06T20:45:23+08:00,btc-updown-5m-1786020300,https://polymarket.com/zh/event/btc-updown-5m-1786020300,20:45-20:50,64.00,37.00,63.00,36.00,165.67,725.26,750.26,170.67,63.50,36.50,1.00,1.00,24514.02,24203.10,23978.10,24279.01,63,36,36,63,64457.89,64463.20,,
2026-08-06T20:45:25+08:00,btc-updown-5m-1786020300,https://polymarket.com/zh/event/btc-updown-5m-1786020300,20:45-20:50,63.00,38.00,62.00,37.00,371.00,76.88,76.88,365.92,62.50,37.50,1.00,1.00,24339.01,23544.77,23534.77,24234.02,62,37,37,62,64457.89,64461.96,,
2026-08-06T20:45:27+08:00,btc-updown-5m-1786020300,https://polymarket.com/zh/event/btc-updown-5m-1786020300,20:45-20:50,60.00,41.00,59.00,40.00,74.75,456.60,456.60,74.75,59.50,40.50,1.00,1.00,24109.01,23509.77,23524.77,24134.02,59,40,40,59,64457.89,64462.20,,
2026-08-06T20:45:29+08:00,btc-updown-5m-1786020300,https://polymarket.com/zh/event/btc-updown-5m-1786020300,20:45-20:50,60.00,41.00,59.00,40.00,47.75,568.91,712.82,47.75,59.50,40.50,1.00,1.00,23907.34,23284.77,23269.77,23992.34,59,40,40,59,64457.89,64463.08,,
2026-08-06T20:45:31+08:00,btc-updown-5m-1786020300,https://polymarket.com/zh/event/btc-updown-5m-1786020300,20:45-20:50,64.00,37.00,63.00,36.00,12.11,915.82,944.78,27.11,63.50,36.50,1.00,1.00,23412.34,22784.77,22784.77,23517.35,63,36,36,63,64457.89,64463.08,,
2026-08-06T20:45:33+08:00,btc-updown-5m-1786020300,https://polymarket.com/zh/event/btc-updown-5m-1786020300,20:45-20:50,66.00,35.00,65.00,34.00,1122.01,33.00,67.59,1081.72,65.50,34.50,1.00,1.00,23183.34,22584.77,22349.77,23033.34,64,34,34,63,64457.89,64464.69,,
2026-08-06T20:45:35+08:00,btc-updown-5m-1786020300,https://polymarket.com/zh/event/btc-updown-5m-1786020300,20:45-20:50,58.00,43.00,57.00,42.00,472.04,61.40,68.90,459.16,57.50,42.50,1.00,1.00,23138.34,21004.77,21004.77,23143.34,57,42,42,57,64457.89,64461.68,,
2026-08-06T20:45:38+08:00,btc-updown-5m-1786020300,https://polymarket.com/zh/event/btc-updown-5m-1786020300,20:45-20:50,55.00,52.00,50.00,51.00,1992.56,107.50,30.00,105.00,52.50,51.50,5.00,1.00,23033.35,20999.77,20984.77,22906.34,50,45,51,48,64457.89,64457.89,,
2026-08-06T20:45:40+08:00,btc-updown-5m-1786020300,https://polymarket.com/zh/event/btc-updown-5m-1786020300,20:45-20:50,50.00,50.00,49.00,49.00,29.17,1176.76,1157.15,75.00,49.50,49.50,1.00,1.00,22260.01,20989.77,20999.77,22265.01,49,50,49,50,64457.89,64455.91,,
2026-08-06T20:45:42+08:00,btc-updown-5m-1786020300,https://polymarket.com/zh/event/btc-updown-5m-1786020300,20:45-20:50,54.00,47.00,53.00,46.00,855.30,37.87,37.87,855.30,53.50,46.50,1.00,1.00,23462.01,21004.77,20994.77,23447.02,53,46,46,53,64457.89,64455.91,,
2026-08-06T20:45:44+08:00,btc-updown-5m-1786020300,https://polymarket.com/zh/event/btc-updown-5m-1786020300,20:45-20:50,54.00,47.00,53.00,46.00,101.16,832.86,784.32,101.16,53.50,46.50,1.00,1.00,23437.01,20994.77,20994.77,23437.01,53,46,46,53,64457.89,64455.90,,
2026-08-06T20:45:46+08:00,btc-updown-5m-1786020300,https://polymarket.com/zh/event/btc-updown-5m-1786020300,20:45-20:50,54.00,47.00,53.00,46.00,266.31,116.87,128.34,293.14,53.50,46.50,1.00,1.00,23562.03,21004.77,21009.77,23462.01,53,46,46,53,64457.89,64455.82,,
2026-08-06T20:45:48+08:00,btc-updown-5m-1786020300,https://polymarket.com/zh/event/btc-updown-5m-1786020300,20:45-20:50,54.00,47.00,53.00,46.00,226.71,319.39,315.52,253.71,53.50,46.50,1.00,1.00,23452.01,21015.77,21005.77,22562.02,53,46,46,53,64457.89,64455.61,,
2026-08-06T20:45:50+08:00,btc-updown-5m-1786020300,https://polymarket.com/zh/event/btc-updown-5m-1786020300,20:45-20:50,47.00,56.00,45.00,55.00,50.00,187.29,25.00,35.00,46.00,55.50,2.00,1.00,22852.02,21015.77,21125.78,22802.01,45,53,55,44,64457.89,64455.61,,
2026-08-06T20:45:52+08:00,btc-updown-5m-1786020300,https://polymarket.com/zh/event/btc-updown-5m-1786020300,20:45-20:50,44.00,57.00,43.00,56.00,705.09,46.49,62.02,699.09,43.50,56.50,1.00,1.00,23238.67,21806.77,21896.77,23223.67,43,56,56,43,64457.89,64452.22,,
2026-08-06T20:45:54+08:00,btc-updown-5m-1786020300,https://polymarket.com/zh/event/btc-updown-5m-1786020300,20:45-20:50,44.00,57.00,43.00,56.00,642.76,26.87,26.87,660.76,43.50,56.50,1.00,1.00,22893.67,21743.44,21643.45,22893.67,43,56,56,43,64457.89,64451.81,,
2026-08-06T20:45:56+08:00,btc-updown-5m-1786020300,https://polymarket.com/zh/event/btc-updown-5m-1786020300,20:45-20:50,44.00,57.00,43.00,56.00,626.55,51.87,51.87,626.55,43.50,56.50,1.00,1.00,22888.67,21648.44,21738.44,22883.67,43,56,56,43,64457.89,64451.81,,
2026-08-06T20:45:58+08:00,btc-updown-5m-1786020300,https://polymarket.com/zh/event/btc-updown-5m-1786020300,20:45-20:50,44.00,57.00,43.00,56.00,549.77,111.87,111.87,509.73,43.50,56.50,1.00,1.00,23362.00,20713.44,20598.45,23352.00,43,56,56,43,64457.89,64451.81,,
2026-08-06T20:46:00+08:00,btc-updown-5m-1786020300,https://polymarket.com/zh/event/btc-updown-5m-1786020300,20:45-20:50,40.00,61.00,39.00,60.00,121.18,396.81,195.97,177.18,39.50,60.50,1.00,1.00,22408.67,20258.44,20158.45,23112.00,39,60,60,39,64457.89,64451.81,,
2026-08-06T20:46:02+08:00,btc-updown-5m-1786020300,https://polymarket.com/zh/event/btc-updown-5m-1786020300,20:45-20:50,43.00,58.00,42.00,57.00,80.31,841.74,846.74,80.31,42.50,57.50,1.00,1.00,27862.00,24398.44,24503.44,27857.00,42,57,57,42,64457.89,64451.81,,
2026-08-06T20:46:04+08:00,btc-updown-5m-1786020300,https://polymarket.com/zh/event/btc-updown-5m-1786020300,20:45-20:50,45.00,56.00,44.00,55.00,38.19,1444.10,329.76,23.19,44.50,55.50,1.00,1.00,25640.91,24258.44,24220.45,26100.91,44,55,55,44,64457.89,64451.81,,
2026-08-06T20:46:06+08:00,btc-updown-5m-1786020300,https://polymarket.com/zh/event/btc-updown-5m-1786020300,20:45-20:50,55.00,46.00,54.00,45.00,219.98,138.65,198.65,489.06,54.50,45.50,1.00,1.00,26317.91,23739.44,23547.25,26232.91,54,45,45,54,64457.89,64458.93,,
2026-08-06T20:46:08+08:00,btc-updown-5m-1786020300,https://polymarket.com/zh/event/btc-updown-5m-1786020300,20:45-20:50,53.00,48.00,52.00,47.00,1018.17,167.31,177.73,1008.17,52.50,47.50,1.00,1.00,26182.91,23742.25,23737.25,26772.91,52,47,47,52,64457.89,64456.46,,
2026-08-06T20:46:10+08:00,btc-updown-5m-1786020300,https://polymarket.com/zh/event/btc-updown-5m-1786020300,20:45-20:50,53.00,48.00,52.00,47.00,1098.73,51.68,60.45,1108.73,52.50,47.50,1.00,1.00,25648.91,24247.25,24247.25,25743.91,52,47,47,52,64457.89,64456.47,,
2026-08-06T20:46:12+08:00,btc-updown-5m-1786020300,https://polymarket.com/zh/event/btc-updown-5m-1786020300,20:45-20:50,52.00,49.00,51.00,48.00,920.38,202.48,197.48,928.45,51.50,48.50,1.00,1.00,26436.91,24150.25,24145.25,26441.91,51,48,48,51,64457.89,64456.46,,
2026-08-06T20:46:14+08:00,btc-updown-5m-1786020300,https://polymarket.com/zh/event/btc-updown-5m-1786020300,20:45-20:50,52.00,49.00,51.00,48.00,1482.75,65.49,65.49,1482.75,51.50,48.50,1.00,1.00,25857.91,24160.25,24145.25,26447.91,51,48,48,51,64457.89,64456.46,,
2026-08-06T20:46:16+08:00,btc-updown-5m-1786020300,https://polymarket.com/zh/event/btc-updown-5m-1786020300,20:45-20:50,52.00,49.00,51.00,48.00,1537.71,53.44,53.44,1541.74,51.50,48.50,1.00,1.00,24917.91,24145.25,24160.25,25317.91,51,48,48,51,64457.89,64454.86,,
2026-08-06T20:46:18+08:00,btc-updown-5m-1786020300,https://polymarket.com/zh/event/btc-updown-5m-1786020300,20:45-20:50,52.00,49.00,51.00,48.00,1470.71,41.32,41.32,1470.71,51.50,48.50,1.00,1.00,26029.91,24092.25,24077.25,26029.92,51,48,48,51,64457.89,64453.56,,
2026-08-06T20:46:20+08:00,btc-updown-5m-1786020300,https://polymarket.com/zh/event/btc-updown-5m-1786020300,20:45-20:50,52.00,49.00,51.00,48.00,1765.38,34.27,34.27,1760.38,51.50,48.50,1.00,1.00,26014.91,24092.25,24077.25,26024.92,51,48,48,51,64457.89,64453.84,,
2026-08-06T20:46:22+08:00,btc-updown-5m-1786020300,https://polymarket.com/zh/event/btc-updown-5m-1786020300,20:45-20:50,52.00,49.00,51.00,48.00,1528.87,10.00,34.27,1528.87,51.50,48.50,1.00,1.00,24749.91,24082.25,24077.25,25359.92,51,48,48,51,64457.89,64452.89,,
2026-08-06T20:46:24+08:00,btc-updown-5m-1786020300,https://polymarket.com/zh/event/btc-updown-5m-1786020300,20:45-20:50,51.00,50.00,50.00,49.00,1226.67,25.00,25.00,1226.67,50.50,49.50,1.00,1.00,25488.24,23927.25,23912.25,25493.25,50,49,49,50,64457.89,64453.46,,
2026-08-06T20:46:26+08:00,btc-updown-5m-1786020300,https://polymarket.com/zh/event/btc-updown-5m-1786020300,20:45-20:50,50.00,51.00,49.00,50.00,1653.02,72.91,72.91,1621.53,49.50,50.50,1.00,1.00,25127.24,24277.25,24178.25,25137.24,49,50,50,49,64457.89,64453.46,,
2026-08-06T20:46:28+08:00,btc-updown-5m-1786020300,https://polymarket.com/zh/event/btc-updown-5m-1786020300,20:45-20:50,50.00,51.00,49.00,50.00,638.28,77.91,72.91,602.78,49.50,50.50,1.00,1.00,25122.24,24187.25,24198.25,25137.24,49,50,50,49,64457.89,64453.42,,
2026-08-06T20:46:30+08:00,btc-updown-5m-1786020300,https://polymarket.com/zh/event/btc-updown-5m-1786020300,20:45-20:50,50.00,51.00,49.00,50.00,297.94,257.06,322.58,254.42,49.50,50.50,1.00,1.00,24907.24,24288.25,24356.25,25075.24,49,50,50,49,64457.89,64453.76,,
2026-08-06T20:46:32+08:00,btc-updown-5m-1786020300,https://polymarket.com/zh/event/btc-updown-5m-1786020300,20:45-20:50,42.00,59.00,41.00,58.00,30.00,94.58,83.00,49.00,41.50,58.50,1.00,1.00,23818.24,24043.25,24248.25,23823.24,41,58,58,41,64457.89,64453.75,,
2026-08-06T20:46:34+08:00,btc-updown-5m-1786020300,https://polymarket.com/zh/event/btc-updown-5m-1786020300,20:45-20:50,42.00,59.00,41.00,58.00,424.01,86.60,60.92,418.68,41.50,58.50,1.00,1.00,23818.24,24673.26,24670.25,23813.24,41,58,58,41,64457.89,64451.80,,
2026-08-06T20:46:36+08:00,btc-updown-5m-1786020300,https://polymarket.com/zh/event/btc-updown-5m-1786020300,20:45-20:50,41.00,60.00,40.00,59.00,1032.51,202.82,200.82,1078.51,40.50,59.50,1.00,1.00,23903.24,23985.25,23869.25,23898.24,40,59,59,40,64457.89,64451.81,,
2026-08-06T20:46:38+08:00,btc-updown-5m-1786020300,https://polymarket.com/zh/event/btc-updown-5m-1786020300,20:45-20:50,41.00,60.00,40.00,59.00,979.59,138.39,138.39,979.59,40.50,59.50,1.00,1.00,23793.24,23880.25,23985.26,23788.24,40,59,59,40,64457.89,64451.81,,
2026-08-06T20:46:40+08:00,btc-updown-5m-1786020300,https://polymarket.com/zh/event/btc-updown-5m-1786020300,20:45-20:50,40.00,61.00,39.00,60.00,168.31,476.10,503.57,173.31,39.50,60.50,1.00,1.00,23788.24,24759.26,24681.25,23798.24,39,60,60,39,64457.89,64450.73,,
2026-08-06T20:46:42+08:00,btc-updown-5m-1786020300,https://polymarket.com/zh/event/btc-updown-5m-1786020300,20:45-20:50,40.00,61.00,39.00,60.00,979.11,261.99,261.99,979.11,39.50,60.50,1.00,1.00,23798.24,24764.25,24765.25,23788.24,39,60,60,39,64457.89,64450.62,,
2026-08-06T20:46:44+08:00,btc-updown-5m-1786020300,https://polymarket.com/zh/event/btc-updown-5m-1786020300,20:45-20:50,40.00,61.00,39.00,60.00,1063.53,34.90,57.40,1063.53,39.50,60.50,1.00,1.00,23793.24,24770.25,24679.25,23803.24,39,60,60,39,64457.89,64450.63,,
2026-08-06T20:46:46+08:00,btc-updown-5m-1786020300,https://polymarket.com/zh/event/btc-updown-5m-1786020300,20:45-20:50,39.00,62.00,38.00,61.00,507.11,686.53,583.94,400.16,38.50,61.50,1.00,1.00,23803.24,24779.25,24765.25,23788.24,38,61,61,38,64457.89,64450.63,,
2026-08-06T20:46:48+08:00,btc-updown-5m-1786020300,https://polymarket.com/zh/event/btc-updown-5m-1786020300,20:45-20:50,41.00,60.00,40.00,59.00,116.73,2159.21,2163.73,21.94,40.50,59.50,1.00,1.00,24838.24,24084.25,24044.25,24833.24,40,59,59,40,64457.89,64450.63,,
2026-08-06T20:46:50+08:00,btc-updown-5m-1786020300,https://polymarket.com/zh/event/btc-updown-5m-1786020300,20:45-20:50,48.00,53.00,47.00,52.00,164.70,729.19,769.19,192.00,47.50,52.50,1.00,1.00,24828.24,23394.25,23309.26,24838.24,47,52,52,47,64457.89,64454.43,,
2026-08-06T20:46:51+08:00,btc-updown-5m-1786020300,https://polymarket.com/zh/event/btc-updown-5m-1786020300,20:45-20:50,45.00,56.00,44.00,55.00,478.63,402.12,402.12,478.63,44.50,55.50,1.00,1.00,24823.24,23549.26,23660.25,24843.24,44,55,55,44,64457.89,64453.49,,
2026-08-06T20:46:53+08:00,btc-updown-5m-1786020300,https://polymarket.com/zh/event/btc-updown-5m-1786020300,20:45-20:50,45.00,56.00,44.00,55.00,112.89,624.16,584.39,102.89,44.50,55.50,1.00,1.00,24118.24,23575.25,23544.25,24108.24,44,55,55,44,64457.89,64453.50,,
2026-08-06T20:46:55+08:00,btc-updown-5m-1786020300,https://polymarket.com/zh/event/btc-updown-5m-1786020300,20:45-20:50,45.00,56.00,44.00,55.00,136.89,497.56,617.69,183.41,44.50,55.50,1.00,1.00,24103.24,23405.25,23410.25,24123.24,44,55,55,44,64457.89,64453.31,,
2026-08-06T20:46:57+08:00,btc-updown-5m-1786020300,https://polymarket.com/zh/event/btc-updown-5m-1786020300,20:45-20:50,45.00,56.00,44.00,55.00,434.18,93.53,124.85,429.29,44.50,55.50,1.00,1.00,23750.24,23644.25,23558.26,23755.24,44,55,55,44,64457.89,64453.32,,
2026-08-06T20:46:59+08:00,btc-updown-5m-1786020300,https://polymarket.com/zh/event/btc-updown-5m-1786020300,20:45-20:50,44.00,57.00,43.00,56.00,55.00,466.45,469.51,155.00,43.50,56.50,1.00,1.00,23760.24,23654.25,23650.25,23750.24,43,56,56,43,64457.89,64453.31,,
2026-08-06T20:47:01+08:00,btc-updown-5m-1786020300,https://polymarket.com/zh/event/btc-updown-5m-1786020300,20:45-20:50,40.00,61.00,39.00,60.00,1044.09,12.67,12.67,1170.19,39.50,60.50,1.00,1.00,23540.24,23542.25,23630.26,23530.24,39,60,60,39,64457.89,64450.73,,
2026-08-06T20:47:03+08:00,btc-updown-5m-1786020300,https://polymarket.com/zh/event/btc-updown-5m-1786020300,20:45-20:50,39.00,62.00,38.00,61.00,918.97,170.20,148.04,918.97,38.50,61.50,1.00,1.00,23500.24,23411.25,23426.25,23505.24,38,61,61,38,64457.89,64450.73,,
2026-08-06T20:47:05+08:00,btc-updown-5m-1786020300,https://polymarket.com/zh/event/btc-updown-5m-1786020300,20:45-20:50,38.00,63.00,37.00,62.00,517.44,41.57,129.07,644.27,37.50,62.50,1.00,1.00,23600.24,23411.25,23310.25,23590.24,37,62,62,37,64457.89,64450.73,,
2026-08-06T20:47:07+08:00,btc-updown-5m-1786020300,https://polymarket.com/zh/event/btc-updown-5m-1786020300,20:45-20:50,35.00,66.00,34.00,65.00,204.73,284.85,284.85,201.87,34.50,65.50,1.00,1.00,24030.24,24106.25,24100.26,24728.57,34,65,65,34,64457.89,64450.72,,
2026-08-06T20:47:09+08:00,btc-updown-5m-1786020300,https://polymarket.com/zh/event/btc-updown-5m-1786020300,20:45-20:50,35.00,66.00,34.00,65.00,297.01,428.96,328.96,232.76,34.50,65.50,1.00,1.00,26145.23,23461.25,23455.26,26145.23,34,65,65,34,64457.89,64450.62,,
2026-08-06T20:47:11+08:00,btc-updown-5m-1786020300,https://polymarket.com/zh/event/btc-updown-5m-1786020300,20:45-20:50,26.00,75.00,25.00,74.00,374.63,234.97,225.38,405.54,25.50,74.50,1.00,1.00,26146.05,24351.25,24341.25,26151.05,25,74,74,25,64457.89,64440.74,,
2026-08-06T20:47:13+08:00,btc-updown-5m-1786020300,https://polymarket.com/zh/event/btc-updown-5m-1786020300,20:45-20:50,21.00,81.00,20.00,80.00,260.07,91.98,263.12,250.15,20.50,80.50,1.00,1.00,30472.60,24084.25,24063.26,30487.60,20,79,80,19,64457.89,64440.74,,
2026-08-06T20:47:15+08:00,btc-updown-5m-1786020300,https://polymarket.com/zh/event/btc-updown-5m-1786020300,20:45-20:50,23.00,78.00,22.00,77.00,20.93,1016.21,1015.52,20.93,22.50,77.50,1.00,1.00,23099.17,24196.58,24201.58,23199.17,22,77,77,22,64457.89,64440.73,,
2026-08-06T20:47:17+08:00,btc-updown-5m-1786020300,https://polymarket.com/zh/event/btc-updown-5m-1786020300,20:45-20:50,26.00,75.00,25.00,74.00,103.00,347.06,193.03,109.15,25.50,74.50,1.00,1.00,25299.51,23465.58,23575.58,25299.51,25,74,74,25,64457.89,64440.74,,
2026-08-06T20:47:19+08:00,btc-updown-5m-1786020300,https://polymarket.com/zh/event/btc-updown-5m-1786020300,20:45-20:50,25.00,76.00,24.00,75.00,639.98,151.51,146.51,544.98,24.50,75.50,1.00,1.00,25477.00,23237.58,23120.59,25477.00,24,75,75,24,64457.89,64440.74,,
2026-08-06T20:47:21+08:00,btc-updown-5m-1786020300,https://polymarket.com/zh/event/btc-updown-5m-1786020300,20:45-20:50,27.00,73.00,26.00,72.00,30.00,417.71,966.05,78.37,26.50,72.50,1.00,1.00,24979.23,22883.58,22887.58,24949.23,26,73,72,27,64457.89,64444.67,,
2026-08-06T20:47:23+08:00,btc-updown-5m-1786020300,https://polymarket.com/zh/event/btc-updown-5m-1786020300,20:45-20:50,29.00,72.00,28.00,71.00,50.00,525.27,525.27,50.00,28.50,71.50,1.00,1.00,25194.23,23032.59,23018.58,25194.23,28,71,71,28,64457.89,64445.34,,
2026-08-06T20:47:25+08:00,btc-updown-5m-1786020300,https://polymarket.com/zh/event/btc-updown-5m-1786020300,20:45-20:50,30.00,71.00,29.00,70.00,362.36,157.09,179.44,404.67,29.50,70.50,1.00,1.00,25139.23,23262.58,23279.58,25139.23,29,70,70,29,64457.89,64445.83,,
2026-08-06T20:47:27+08:00,btc-updown-5m-1786020300,https://polymarket.com/zh/event/btc-updown-5m-1786020300,20:45-20:50,30.00,71.00,29.00,70.00,500.46,152.04,174.02,713.50,29.50,70.50,1.00,1.00,25417.53,23430.59,23416.58,25412.53,29,70,70,29,64457.89,64445.83,,
2026-08-06T20:47:29+08:00,btc-updown-5m-1786020300,https://polymarket.com/zh/event/btc-updown-5m-1786020300,20:45-20:50,28.00,73.00,27.00,72.00,1087.55,41.61,81.61,1087.55,27.50,72.50,1.00,1.00,25395.95,23173.58,23263.58,25543.86,27,72,72,27,64457.89,64445.83,,
2026-08-06T20:47:31+08:00,btc-updown-5m-1786020300,https://polymarket.com/zh/event/btc-updown-5m-1786020300,20:45-20:50,27.00,74.00,26.00,73.00,837.72,219.89,219.89,831.01,26.50,73.50,1.00,1.00,25802.53,23760.58,23870.58,25802.53,26,73,73,26,64457.89,64442.50,,
2026-08-06T20:47:33+08:00,btc-updown-5m-1786020300,https://polymarket.com/zh/event/btc-updown-5m-1786020300,20:45-20:50,27.00,74.00,26.00,73.00,657.65,142.08,142.08,680.21,26.50,73.50,1.00,1.00,25702.53,23739.58,23761.58,25697.53,26,73,73,26,64457.89,64442.50,,
2026-08-06T20:47:35+08:00,btc-updown-5m-1786020300,https://polymarket.com/zh/event/btc-updown-5m-1786020300,20:45-20:50,27.00,74.00,26.00,73.00,660.68,135.72,135.72,660.68,26.50,73.50,1.00,1.00,25202.53,23649.58,23650.59,25202.53,26,73,73,26,64457.89,64442.50,,
2026-08-06T20:47:37+08:00,btc-updown-5m-1786020300,https://polymarket.com/zh/event/btc-updown-5m-1786020300,20:45-20:50,27.00,74.00,26.00,73.00,576.19,111.37,111.37,582.19,26.50,73.50,1.00,1.00,25202.53,23644.58,23645.59,25002.53,26,73,73,26,64457.89,64441.79,,
2026-08-06T20:47:39+08:00,btc-updown-5m-1786020300,https://polymarket.com/zh/event/btc-updown-5m-1786020300,20:45-20:50,24.00,77.00,23.00,76.00,519.62,49.70,51.00,514.60,23.50,76.50,1.00,1.00,25650.08,23392.58,23392.58,25650.08,23,76,76,23,64457.89,64441.50,,
2026-08-06T20:47:41+08:00,btc-updown-5m-1786020300,https://polymarket.com/zh/event/btc-updown-5m-1786020300,20:45-20:50,24.00,77.00,23.00,76.00,706.13,8.40,33.40,698.13,23.50,76.50,1.00,1.00,25657.28,23491.58,23498.58,26147.70,23,76,76,23,64457.89,64441.49,,
2026-08-06T20:47:43+08:00,btc-updown-5m-1786020300,https://polymarket.com/zh/event/btc-updown-5m-1786020300,20:45-20:50,23.00,78.00,22.00,77.00,1081.41,109.38,114.38,1036.41,22.50,77.50,1.00,1.00,26162.70,23295.58,23205.59,26162.70,22,77,77,22,64457.89,64441.50,,
2026-08-06T20:47:45+08:00,btc-updown-5m-1786020300,https://polymarket.com/zh/event/btc-updown-5m-1786020300,20:45-20:50,21.00,80.00,20.00,79.00,383.30,251.59,395.49,134.18,20.50,79.50,1.00,1.00,26329.36,23106.58,23195.58,25700.16,20,79,79,20,64457.89,64441.49,,
2026-08-06T20:47:47+08:00,btc-updown-5m-1786020300,https://polymarket.com/zh/event/btc-updown-5m-1786020300,20:45-20:50,21.00,80.00,20.00,79.00,754.75,90.27,91.52,763.71,20.50,79.50,1.00,1.00,27942.01,23096.58,23196.58,27942.01,20,79,79,20,64457.89,64441.50,,
2026-08-06T20:47:49+08:00,btc-updown-5m-1786020300,https://polymarket.com/zh/event/btc-updown-5m-1786020300,20:45-20:50,20.00,81.00,19.00,80.00,727.08,265.33,265.33,727.08,19.50,80.50,1.00,1.00,27724.30,23195.58,23117.58,27729.30,19,80,80,19,64457.89,64441.49,,
2026-08-06T20:47:51+08:00,btc-updown-5m-1786020300,https://polymarket.com/zh/event/btc-updown-5m-1786020300,20:45-20:50,19.00,82.00,18.00,81.00,838.39,115.78,211.32,843.39,18.50,81.50,1.00,1.00,27694.30,22948.58,22949.58,27144.24,18,81,81,18,64457.89,64441.50,,
2026-08-06T20:47:53+08:00,btc-updown-5m-1786020300,https://polymarket.com/zh/event/btc-updown-5m-1786020300,20:45-20:50,19.00,82.00,18.00,81.00,1027.06,217.97,235.23,1012.06,18.50,81.50,1.00,1.00,27144.24,23052.58,22943.58,27144.24,18,81,81,18,64457.89,64441.49,,
2026-08-06T20:47:55+08:00,btc-updown-5m-1786020300,https://polymarket.com/zh/event/btc-updown-5m-1786020300,20:45-20:50,19.00,82.00,18.00,81.00,924.92,26.93,32.93,939.92,18.50,81.50,1.00,1.00,29577.53,22758.58,23054.58,29577.53,18,81,81,18,64457.89,64441.50,,
2026-08-06T20:47:57+08:00,btc-updown-5m-1786020300,https://polymarket.com/zh/event/btc-updown-5m-1786020300,20:45-20:50,19.00,82.00,18.00,81.00,407.41,1061.64,1062.86,407.41,18.50,81.50,1.00,1.00,26431.41,22797.58,22699.58,26421.41,18,81,81,18,64457.89,64441.49,,
2026-08-06T20:47:59+08:00,btc-updown-5m-1786020300,https://polymarket.com/zh/event/btc-updown-5m-1786020300,20:45-20:50,19.00,82.00,18.00,81.00,431.78,318.83,314.99,431.78,18.50,81.50,1.00,1.00,25614.52,22693.58,22808.58,25650.52,18,81,81,18,64457.89,64441.50,,
2026-08-06T20:48:01+08:00,btc-updown-5m-1786020300,https://polymarket.com/zh/event/btc-updown-5m-1786020300,20:45-20:50,19.00,82.00,18.00,81.00,524.39,142.16,126.72,532.96,18.50,81.50,1.00,1.00,26791.91,22689.58,22477.58,26791.91,18,81,81,18,64457.89,64441.50,,
2026-08-06T20:48:03+08:00,btc-updown-5m-1786020300,https://polymarket.com/zh/event/btc-updown-5m-1786020300,20:45-20:50,15.00,88.00,12.00,87.00,225.00,288.60,264.10,81.00,13.50,87.50,3.00,1.00,28386.94,22549.58,22432.58,28014.90,12,85,87,12,64457.89,64443.12,,
2026-08-06T20:48:05+08:00,btc-updown-5m-1786020300,https://polymarket.com/zh/event/btc-updown-5m-1786020300,20:45-20:50,13.00,89.00,12.00,88.00,195.05,523.63,26.59,111.42,12.50,88.50,1.00,1.00,28390.90,22533.58,22543.58,27692.57,12,87,88,11,64457.89,64441.49,,
2026-08-06T20:48:08+08:00,btc-updown-5m-1786020300,https://polymarket.com/zh/event/btc-updown-5m-1786020300,20:45-20:50,12.00,89.00,11.00,88.00,315.75,35.82,40.82,331.75,11.50,88.50,1.00,1.00,28132.03,22522.58,22437.58,28137.03,11,88,88,11,64457.89,64441.49,,
2026-08-06T20:48:10+08:00,btc-updown-5m-1786020300,https://polymarket.com/zh/event/btc-updown-5m-1786020300,20:45-20:50,11.00,90.00,10.00,89.00,760.36,215.11,358.34,760.36,10.50,89.50,1.00,1.00,28051.95,22448.58,22528.58,28161.95,10,89,89,10,64457.89,64441.49,,
2026-08-06T20:48:12+08:00,btc-updown-5m-1786020300,https://polymarket.com/zh/event/btc-updown-5m-1786020300,20:45-20:50,11.00,90.00,10.00,89.00,704.30,79.87,79.87,699.14,10.50,89.50,1.00,1.00,27927.66,22527.58,22527.58,27932.66,10,89,89,10,64457.89,64441.19,,
2026-08-06T20:48:14+08:00,btc-updown-5m-1786020300,https://polymarket.com/zh/event/btc-updown-5m-1786020300,20:45-20:50,10.00,91.00,9.00,90.00,756.82,505.26,505.26,688.34,9.50,90.50,1.00,1.00,28209.40,22522.58,22438.58,28214.40,9,90,90,9,64457.89,64441.19,,
2026-08-06T20:48:16+08:00,btc-updown-5m-1786020300,https://polymarket.com/zh/event/btc-updown-5m-1786020300,20:45-20:50,10.00,91.00,9.00,90.00,668.56,171.60,270.40,673.79,9.50,90.50,1.00,1.00,26029.89,22432.58,22282.59,26626.91,9,90,90,9,64457.89,64441.20,,
2026-08-06T20:48:18+08:00,btc-updown-5m-1786020300,https://polymarket.com/zh/event/btc-updown-5m-1786020300,20:45-20:50,10.00,91.00,9.00,90.00,557.76,292.28,292.28,562.76,9.50,90.50,1.00,1.00,26488.49,22028.58,22132.58,26488.49,9,90,90,9,64457.89,64441.20,,
2026-08-06T20:48:19+08:00,btc-updown-5m-1786020300,https://polymarket.com/zh/event/btc-updown-5m-1786020300,20:45-20:50,7.00,94.00,6.00,93.00,270.00,124.48,249.48,767.19,6.50,93.50,1.00,1.00,22581.38,21887.59,21738.58,22752.38,6,93,93,6,64457.89,64440.40,,
2026-08-06T20:48:21+08:00,btc-updown-5m-1786020300,https://polymarket.com/zh/event/btc-updown-5m-1786020300,20:45-20:50,7.00,95.00,6.00,94.00,851.54,360.29,17.11,287.96,6.50,94.50,1.00,1.00,21300.87,21498.58,21352.58,21237.84,6,93,94,5,64457.89,64440.41,,
2026-08-06T20:48:23+08:00,btc-updown-5m-1786020300,https://polymarket.com/zh/event/btc-updown-5m-1786020300,20:45-20:50,7.00,94.00,6.00,93.00,271.56,132.11,256.82,322.26,6.50,93.50,1.00,1.00,21649.46,21338.58,21417.58,21645.15,6,93,93,6,64457.89,64436.60,,
2026-08-06T20:48:25+08:00,btc-updown-5m-1786020300,https://polymarket.com/zh/event/btc-updown-5m-1786020300,20:45-20:50,6.00,95.00,5.00,94.00,292.07,30.78,24.49,367.17,5.50,94.50,1.00,1.00,26177.04,21424.58,21327.58,26233.33,5,94,94,5,64457.89,64436.60,,
2026-08-06T20:48:27+08:00,btc-updown-5m-1786020300,https://polymarket.com/zh/event/btc-updown-5m-1786020300,20:45-20:50,5.00,96.00,4.00,95.00,119.00,756.64,756.64,119.00,4.50,95.50,1.00,1.00,26090.85,21158.58,21258.58,26090.85,4,95,95,4,64457.89,64436.61,,
2026-08-06T20:48:29+08:00,btc-updown-5m-1786020300,https://polymarket.com/zh/event/btc-updown-5m-1786020300,20:45-20:50,5.00,96.00,4.00,95.00,36.20,1141.72,732.96,36.20,4.50,95.50,1.00,1.00,26334.67,21093.49,21103.49,29810.41,4,95,94,4,64457.89,64435.45,,
2026-08-06T20:48:31+08:00,btc-updown-5m-1786020300,https://polymarket.com/zh/event/btc-updown-5m-1786020300,20:45-20:50,18.00,83.00,17.00,82.00,271.73,272.08,250.69,157.15,17.50,82.50,1.00,1.00,27122.04,21635.14,21626.47,27112.04,17,82,82,17,64457.89,64447.43,,
2026-08-06T20:48:33+08:00,btc-updown-5m-1786020300,https://polymarket.com/zh/event/btc-updown-5m-1786020300,20:45-20:50,18.00,83.00,17.00,82.00,223.25,428.44,100.53,39.00,17.50,82.50,1.00,1.00,25941.79,22192.13,22185.13,25969.15,17,82,82,17,64457.89,64447.13,,
2026-08-06T20:48:35+08:00,btc-updown-5m-1786020300,https://polymarket.com/zh/event/btc-updown-5m-1786020300,20:45-20:50,19.00,82.00,18.00,81.00,447.08,89.09,85.31,447.08,18.50,81.50,1.00,1.00,25865.11,22161.13,22081.13,25865.11,18,81,81,18,64457.89,64447.13,,
2026-08-06T20:48:37+08:00,btc-updown-5m-1786020300,https://polymarket.com/zh/event/btc-updown-5m-1786020300,20:45-20:50,16.00,85.00,13.00,84.00,180.00,296.13,1279.98,62.00,14.50,84.50,3.00,1.00,25896.28,22161.13,22170.13,25798.34,13,83,83,15,64457.89,64447.14,,
2026-08-06T20:48:39+08:00,btc-updown-5m-1786020300,https://polymarket.com/zh/event/btc-updown-5m-1786020300,20:45-20:50,12.00,89.00,11.00,88.00,295.00,14.05,444.73,143.44,11.50,88.50,1.00,1.00,27830.24,22422.13,22310.13,27896.24,11,88,87,11,64457.89,64445.07,,
2026-08-06T20:48:41+08:00,btc-updown-5m-1786020300,https://polymarket.com/zh/event/btc-updown-5m-1786020300,20:45-20:50,10.00,91.00,9.00,90.00,324.91,58.60,58.60,324.91,9.50,90.50,1.00,1.00,29932.21,20280.14,20285.14,29932.21,9,90,90,9,64457.89,64444.59,,
2026-08-06T20:48:44+08:00,btc-updown-5m-1786020300,https://polymarket.com/zh/event/btc-updown-5m-1786020300,20:45-20:50,9.00,92.00,8.00,91.00,28.88,791.90,791.90,28.88,8.50,91.50,1.00,1.00,29935.57,20180.14,20295.15,29940.57,8,88,88,8,64457.89,64444.58,,
2026-08-06T20:48:46+08:00,btc-updown-5m-1786020300,https://polymarket.com/zh/event/btc-updown-5m-1786020300,20:45-20:50,9.00,92.00,8.00,91.00,88.41,457.08,678.22,93.41,8.50,91.50,1.00,1.00,29730.91,20190.14,20300.14,29902.23,8,88,87,8,64457.89,64444.58,,
2026-08-06T20:48:47+08:00,btc-updown-5m-1786020300,https://polymarket.com/zh/event/btc-updown-5m-1786020300,20:45-20:50,8.00,94.00,7.00,93.00,2128.57,781.93,220.00,89.00,7.50,93.50,1.00,1.00,28962.68,21085.15,21080.14,28763.48,7,90,90,6,64457.89,64444.58,,
2026-08-06T20:48:49+08:00,btc-updown-5m-1786020300,https://polymarket.com/zh/event/btc-updown-5m-1786020300,20:45-20:50,7.00,94.00,6.00,93.00,63.99,1058.33,1058.33,63.99,6.50,93.50,1.00,1.00,28135.63,21086.15,20996.14,28140.63,6,91,91,6,64457.89,64444.58,,
2026-08-06T20:48:51+08:00,btc-updown-5m-1786020300,https://polymarket.com/zh/event/btc-updown-5m-1786020300,20:45-20:50,8.00,93.00,7.00,92.00,2404.82,237.89,237.89,2409.82,7.50,92.50,1.00,1.00,28126.63,20991.14,21075.14,28012.43,7,92,92,7,64457.89,64444.58,,
2026-08-06T20:48:53+08:00,btc-updown-5m-1786020300,https://polymarket.com/zh/event/btc-updown-5m-1786020300,20:45-20:50,4.00,97.00,3.00,96.00,341.51,6818.47,6627.05,254.80,3.50,96.50,1.00,1.00,22991.49,20792.14,20670.14,22932.91,3,96,96,3,64457.89,64444.59,,
2026-08-06T20:48:55+08:00,btc-updown-5m-1786020300,https://polymarket.com/zh/event/btc-updown-5m-1786020300,20:45-20:50,4.00,97.00,3.00,96.00,275.68,1606.14,1558.00,260.68,3.50,96.50,1.00,1.00,17722.44,20732.14,20741.15,17765.58,3,96,96,3,64457.89,64436.70,,
2026-08-06T20:48:57+08:00,btc-updown-5m-1786020300,https://polymarket.com/zh/event/btc-updown-5m-1786020300,20:45-20:50,4.00,97.00,3.00,96.00,125.77,1590.39,1595.55,91.33,3.50,96.50,1.00,1.00,17532.09,20740.14,20737.14,17526.93,3,96,96,3,64457.89,64436.70,,
2026-08-06T20:48:59+08:00,btc-updown-5m-1786020300,https://polymarket.com/zh/event/btc-updown-5m-1786020300,20:45-20:50,4.00,98.00,3.00,97.00,385.47,2375.93,587.70,1452.30,3.50,97.50,1.00,1.00,16365.14,20730.15,20641.14,15777.44,3,96,97,2,64457.89,64436.69,,
2026-08-06T20:49:01+08:00,btc-updown-5m-1786020300,https://polymarket.com/zh/event/btc-updown-5m-1786020300,20:45-20:50,3.00,98.00,2.00,97.00,371.66,1775.63,1695.27,294.16,2.50,97.50,1.00,1.00,14862.76,20192.13,20103.12,14943.12,2,97,97,2,64457.89,64434.19,,
2026-08-06T20:49:03+08:00,btc-updown-5m-1786020300,https://polymarket.com/zh/event/btc-updown-5m-1786020300,20:45-20:50,3.00,97.00,2.00,95.00,286.55,195.00,1649.20,92.19,2.50,96.00,1.00,2.00,14810.69,20122.12,20112.12,15070.92,2,97,95,3,64457.89,64434.19,,
2026-08-06T20:49:05+08:00,btc-updown-5m-1786020300,https://polymarket.com/zh/event/btc-updown-5m-1786020300,20:45-20:50,3.00,98.00,2.00,97.00,34.00,1378.27,1378.27,34.00,2.50,97.50,1.00,1.00,14634.76,20446.52,20583.52,14686.64,2,97,97,2,64457.89,64434.19,,
2026-08-06T20:49:07+08:00,btc-updown-5m-1786020300,https://polymarket.com/zh/event/btc-updown-5m-1786020300,20:45-20:50,4.00,97.00,3.00,96.00,61.24,353.26,353.26,61.24,3.50,96.50,1.00,1.00,14337.34,20556.52,20543.52,14337.34,3,96,96,3,64457.89,64434.18,,
2026-08-06T20:49:09+08:00,btc-updown-5m-1786020300,https://polymarket.com/zh/event/btc-updown-5m-1786020300,20:45-20:50,3.00,98.00,2.00,97.00,33.00,662.66,667.77,33.00,2.50,97.50,1.00,1.00,14009.57,20526.52,20443.52,14004.46,2,97,97,2,64457.89,64434.19,,
2026-08-06T20:49:11+08:00,btc-updown-5m-1786020300,https://polymarket.com/zh/event/btc-updown-5m-1786020300,20:45-20:50,3.00,99.00,2.00,98.00,2250.63,13262.11,19.89,365.00,2.50,98.50,1.00,1.00,13224.17,20389.09,20484.09,13262.11,2,97,98,1,64457.89,64434.19,,
2026-08-06T20:49:13+08:00,btc-updown-5m-1786020300,https://polymarket.com/zh/event/btc-updown-5m-1786020300,20:45-20:50,2.00,99.00,1.00,98.00,112.69,13110.55,13115.61,112.69,1.50,98.50,1.00,1.00,13115.61,20469.09,20369.09,13110.55,1,98,98,1,64457.89,64434.18,,
2026-08-06T20:49:15+08:00,btc-updown-5m-1786020300,https://polymarket.com/zh/event/btc-updown-5m-1786020300,20:45-20:50,3.00,98.00,2.00,97.00,2284.83,88.91,88.91,2184.83,2.50,97.50,1.00,1.00,7916.53,20482.12,20489.11,7916.53,2,97,97,2,64457.89,64434.19,,
2026-08-06T20:49:17+08:00,btc-updown-5m-1786020300,https://polymarket.com/zh/event/btc-updown-5m-1786020300,20:45-20:50,2.00,99.00,1.00,98.00,292.20,7473.50,7492.50,282.20,1.50,98.50,1.00,1.00,7492.50,20382.11,20498.11,7473.50,1,98,98,1,64457.89,64434.19,,
2026-08-06T20:49:19+08:00,btc-updown-5m-1786020300,https://polymarket.com/zh/event/btc-updown-5m-1786020300,20:45-20:50,2.00,99.00,1.00,98.00,176.09,7139.19,7119.19,176.09,1.50,98.50,1.00,1.00,7119.19,20377.11,20402.11,7139.19,1,98,98,1,64457.89,64434.19,,
2026-08-06T20:49:21+08:00,btc-updown-5m-1786020300,https://polymarket.com/zh/event/btc-updown-5m-1786020300,20:45-20:50,2.00,99.00,1.00,98.00,74.06,7377.28,7382.34,74.06,1.50,98.50,1.00,1.00,7382.34,20487.12,20499.11,7377.28,1,98,98,1,64457.89,64434.19,,
2026-08-06T20:49:23+08:00,btc-updown-5m-1786020300,https://polymarket.com/zh/event/btc-updown-5m-1786020300,20:45-20:50,3.00,98.00,2.00,97.00,1229.37,113.67,118.78,1229.37,2.50,97.50,1.00,1.00,6913.59,20482.11,20393.11,6908.48,2,97,97,2,64457.89,64434.19,,
2026-08-06T20:49:25+08:00,btc-updown-5m-1786020300,https://polymarket.com/zh/event/btc-updown-5m-1786020300,20:45-20:50,2.00,99.00,1.00,98.00,89.00,2944.58,2944.58,89.00,1.50,98.50,1.00,1.00,2944.58,20487.11,20498.11,2944.58,1,98,98,1,64457.89,64434.19,,
2026-08-06T20:49:27+08:00,btc-updown-5m-1786020300,https://polymarket.com/zh/event/btc-updown-5m-1786020300,20:45-20:50,2.00,99.00,1.00,98.00,379.17,2557.89,2727.95,379.17,1.50,98.50,1.00,1.00,2727.95,20487.11,20389.11,2557.89,1,98,98,1,64457.89,64434.18,,
2026-08-06T20:49:29+08:00,btc-updown-5m-1786020300,https://polymarket.com/zh/event/btc-updown-5m-1786020300,20:45-20:50,2.00,99.00,1.00,98.00,534.74,2364.63,2349.69,534.74,1.50,98.50,1.00,1.00,2349.69,20482.11,20384.11,2364.63,1,98,98,1,64457.89,64434.18,,
2026-08-06T20:49:31+08:00,btc-updown-5m-1786020300,https://polymarket.com/zh/event/btc-updown-5m-1786020300,20:45-20:50,2.00,99.00,1.00,98.00,838.74,1715.50,1715.50,838.74,1.50,98.50,1.00,1.00,1715.50,20067.11,19682.11,1715.50,1,98,98,1,64457.89,64434.18,,
2026-08-06T20:49:33+08:00,btc-updown-5m-1786020300,https://polymarket.com/zh/event/btc-updown-5m-1786020300,20:45-20:50,3.00,98.00,2.00,97.00,1898.58,4841.51,4938.59,1921.37,2.50,97.50,1.00,1.00,6482.59,19661.11,19652.11,6301.34,2,97,97,2,64457.89,64434.18,,
2026-08-06T20:49:35+08:00,btc-updown-5m-1786020300,https://polymarket.com/zh/event/btc-updown-5m-1786020300,20:45-20:50,3.00,98.00,2.00,97.00,1952.06,4538.81,4538.81,1936.95,2.50,97.50,1.00,1.00,5998.64,19651.11,19641.12,5998.64,2,97,97,2,64457.89,64434.18,,
2026-08-06T20:49:37+08:00,btc-updown-5m-1786020300,https://polymarket.com/zh/event/btc-updown-5m-1786020300,20:45-20:50,2.00,99.00,1.00,98.00,495.80,368.20,611.49,375.27,1.50,98.50,1.00,1.00,611.49,19657.11,19656.11,368.20,1,98,98,1,64457.89,64434.18,,
2026-08-06T20:49:39+08:00,btc-updown-5m-1786020300,https://polymarket.com/zh/event/btc-updown-5m-1786020300,20:45-20:50,1.00,,,99.00,4091.80,,,4091.80,,,,,,19647.11,19674.11,,0,99,99,0,64457.89,64425.21,,
2026-08-06T20:49:41+08:00,btc-updown-5m-1786020300,https://polymarket.com/zh/event/btc-updown-5m-1786020300,20:45-20:50,1.00,,,99.00,10220.41,,,10220.41,,,,,,18720.08,18715.08,,0,72,72,0,64457.89,64425.21,,
2026-08-06T20:49:43+08:00,btc-updown-5m-1786020300,https://polymarket.com/zh/event/btc-updown-5m-1786020300,20:45-20:50,1.00,,,99.00,12225.42,,,12225.42,,,,,,18659.08,18642.75,,0,74,74,0,64457.89,64425.21,,
2026-08-06T20:49:45+08:00,btc-updown-5m-1786020300,https://polymarket.com/zh/event/btc-updown-5m-1786020300,20:45-20:50,1.00,,,99.00,12110.41,,,14610.41,,,,,,18310.68,18317.68,,0,75,75,0,64457.89,64425.21,,
2026-08-06T20:49:47+08:00,btc-updown-5m-1786020300,https://polymarket.com/zh/event/btc-updown-5m-1786020300,20:45-20:50,1.00,,,99.00,14540.81,,,14540.81,,,,,,18310.68,18321.68,,0,75,75,0,64457.89,64425.21,,
2026-08-06T20:49:49+08:00,btc-updown-5m-1786020300,https://polymarket.com/zh/event/btc-updown-5m-1786020300,20:45-20:50,1.00,,,99.00,17041.75,,,17141.75,,,,,,18331.68,18320.69,,0,72,72,0,64457.89,64425.01,,
2026-08-06T20:49:51+08:00,btc-updown-5m-1786020300,https://polymarket.com/zh/event/btc-updown-5m-1786020300,20:45-20:50,1.00,,,99.00,17434.77,,,17459.77,,,,,,11310.64,11305.64,,0,71,71,0,64457.89,64423.73,,
2026-08-06T20:49:53+08:00,btc-updown-5m-1786020300,https://polymarket.com/zh/event/btc-updown-5m-1786020300,20:45-20:50,1.00,,,99.00,17412.27,,,17563.27,,,,,,11570.64,11566.64,,0,71,70,0,64457.89,64423.73,,
2026-08-06T20:49:55+08:00,btc-updown-5m-1786020300,https://polymarket.com/zh/event/btc-updown-5m-1786020300,20:45-20:50,1.00,,,99.00,17881.20,,,17871.20,,,,,,11127.64,11126.65,,0,49,49,0,64457.89,64423.74,,
2026-08-06T20:49:57+08:00,btc-updown-5m-1786020300,https://polymarket.com/zh/event/btc-updown-5m-1786020300,20:45-20:50,1.00,,,99.00,23998.57,,,23271.55,,,,,,17862.64,17858.64,,0,50,49,0,64457.89,64429.00,,
2026-08-06T20:49:59+08:00,btc-updown-5m-1786020300,https://polymarket.com/zh/event/btc-updown-5m-1786020300,20:45-20:50,1.00,,,99.00,40652.67,,,40657.67,,,,,,23635.64,23635.64,,0,44,43,0,64457.89,64429.00,,
2026-08-06T20:50:02+08:00,btc-updown-5m-1786020600,https://polymarket.com/zh/event/btc-updown-5m-1786020600,20:50-20:55,49.00,52.00,48.00,51.00,10.20,40.00,222.81,168.95,48.50,51.50,1.00,1.00,23159.35,23140.83,23105.83,23264.35,48,49,50,48,64429.00,64429.00,,
2026-08-06T20:50:04+08:00,btc-updown-5m-1786020600,https://polymarket.com/zh/event/btc-updown-5m-1786020600,20:50-20:55,47.00,54.00,46.00,53.00,116.39,24.32,24.32,116.39,46.50,53.50,1.00,1.00,24960.91,23893.40,24062.40,24975.91,46,53,53,46,64429.00,64429.00,,
2026-08-06T20:50:06+08:00,btc-updown-5m-1786020600,https://polymarket.com/zh/event/btc-updown-5m-1786020600,20:50-20:55,46.00,54.00,45.00,53.00,68.27,300.47,404.85,173.33,45.50,53.50,1.00,1.00,24926.91,23958.41,24048.40,24906.91,45,54,53,46,64429.00,64427.40,,
2026-08-06T20:50:08+08:00,btc-updown-5m-1786020600,https://polymarket.com/zh/event/btc-updown-5m-1786020600,20:50-20:55,46.00,55.00,45.00,54.00,756.59,220.22,231.22,766.59,45.50,54.50,1.00,1.00,22664.91,24048.40,24033.40,22669.91,45,54,54,45,64429.00,64425.79,,
2026-08-06T20:50:10+08:00,btc-updown-5m-1786020600,https://polymarket.com/zh/event/btc-updown-5m-1786020600,20:50-20:55,44.00,56.00,43.00,55.00,39.47,360.52,467.11,257.42,43.50,55.50,1.00,1.00,22048.24,23091.40,23356.40,22053.24,43,56,55,44,64429.00,64422.93,,
2026-08-06T20:50:12+08:00,btc-updown-5m-1786020600,https://polymarket.com/zh/event/btc-updown-5m-1786020600,20:50-20:55,47.00,54.00,46.00,53.00,409.31,199.00,200.86,423.55,46.50,53.50,1.00,1.00,23718.24,24829.41,24814.40,23728.24,46,53,53,46,64429.00,64422.00,,
2026-08-06T20:50:14+08:00,btc-updown-5m-1786020600,https://polymarket.com/zh/event/btc-updown-5m-1786020600,20:50-20:55,47.00,54.00,46.00,53.00,568.69,58.72,63.72,465.23,46.50,53.50,1.00,1.00,24187.24,25649.00,25843.20,24172.24,46,53,53,46,64429.00,64422.03,,
2026-08-06T20:50:16+08:00,btc-updown-5m-1786020600,https://polymarket.com/zh/event/btc-updown-5m-1786020600,20:50-20:55,47.00,54.00,46.00,53.00,480.44,65.14,17.00,480.44,46.50,53.50,1.00,1.00,24702.24,25937.40,25862.40,24707.24,46,53,53,46,64429.00,64422.15,,
2026-08-06T20:50:18+08:00,btc-updown-5m-1786020600,https://polymarket.com/zh/event/btc-updown-5m-1786020600,20:50-20:55,47.00,54.00,46.00,53.00,577.53,108.78,108.78,572.53,46.50,53.50,1.00,1.00,24713.24,25837.40,25367.40,24238.24,46,53,53,46,64429.00,64422.15,,
2026-08-06T20:50:20+08:00,btc-updown-5m-1786020600,https://polymarket.com/zh/event/btc-updown-5m-1786020600,20:50-20:55,45.00,56.00,44.00,55.00,816.81,205.23,223.09,816.81,44.50,55.50,1.00,1.00,23518.24,24747.40,24637.40,23503.24,44,55,55,44,64429.00,64422.15,,
2026-08-06T20:50:22+08:00,btc-updown-5m-1786020600,https://polymarket.com/zh/event/btc-updown-5m-1786020600,20:50-20:55,44.00,57.00,43.00,56.00,828.26,172.15,246.67,960.46,43.50,56.50,1.00,1.00,22263.24,23762.40,23677.41,22268.24,43,56,56,43,64429.00,64422.15,,
2026-08-06T20:50:24+08:00,btc-updown-5m-1786020600,https://polymarket.com/zh/event/btc-updown-5m-1786020600,20:50-20:55,42.00,59.00,41.00,58.00,898.31,36.12,76.12,898.31,41.50,58.50,1.00,1.00,22033.24,23417.41,23432.40,22033.24,41,58,58,41,64429.00,64422.15,,
2026-08-06T20:50:26+08:00,btc-updown-5m-1786020600,https://polymarket.com/zh/event/btc-updown-5m-1786020600,20:50-20:55,38.00,63.00,37.00,62.00,42.36,676.01,581.49,42.36,37.50,62.50,1.00,1.00,21858.24,23939.40,23939.40,21858.24,37,62,62,37,64429.00,64422.15,,
2026-08-06T20:50:28+08:00,btc-updown-5m-1786020600,https://polymarket.com/zh/event/btc-updown-5m-1786020600,20:50-20:55,38.00,62.00,37.00,61.00,5.00,877.03,479.16,40.10,37.50,61.50,1.00,1.00,21662.24,23699.40,23604.40,21652.24,37,62,61,38,64429.00,64422.15,,
2026-08-06T20:50:30+08:00,btc-updown-5m-1786020600,https://polymarket.com/zh/event/btc-updown-5m-1786020600,20:50-20:55,45.00,56.00,44.00,55.00,464.32,225.59,311.95,608.13,44.50,55.50,1.00,1.00,22272.95,21919.40,22564.40,22257.95,44,55,55,44,64429.00,64422.14,,
2026-08-06T20:50:32+08:00,btc-updown-5m-1786020600,https://polymarket.com/zh/event/btc-updown-5m-1786020600,20:50-20:55,42.00,59.00,41.00,58.00,235.47,55.00,184.67,827.42,41.50,58.50,1.00,1.00,22027.95,22429.41,22434.40,22022.95,41,58,58,41,64429.00,64422.15,,
2026-08-06T20:50:34+08:00,btc-updown-5m-1786020600,https://polymarket.com/zh/event/btc-updown-5m-1786020600,20:50-20:55,41.00,60.00,40.00,59.00,791.97,112.57,129.00,924.92,40.50,59.50,1.00,1.00,21787.95,21284.40,21309.40,21792.95,40,59,59,40,64429.00,64422.15,,
2026-08-06T20:50:36+08:00,btc-updown-5m-1786020600,https://polymarket.com/zh/event/btc-updown-5m-1786020600,20:50-20:55,40.00,61.00,39.00,60.00,957.50,149.24,135.24,983.75,39.50,60.50,1.00,1.00,21719.95,22059.40,22294.40,21704.95,39,60,60,39,64429.00,64422.15,,
2026-08-06T20:50:38+08:00,btc-updown-5m-1786020600,https://polymarket.com/zh/event/btc-updown-5m-1786020600,20:50-20:55,40.00,61.00,39.00,60.00,638.86,660.88,282.46,5.00,39.50,60.50,1.00,1.00,21714.95,22179.40,22289.40,21719.95,39,60,60,39,64429.00,64422.14,,
2026-08-06T20:50:40+08:00,btc-updown-5m-1786020600,https://polymarket.com/zh/event/btc-updown-5m-1786020600,20:50-20:55,41.00,60.00,40.00,59.00,536.02,139.00,139.00,568.70,40.50,59.50,1.00,1.00,21729.95,21414.40,21409.41,21719.95,40,59,59,40,64429.00,64422.00,,
2026-08-06T20:50:42+08:00,btc-updown-5m-1786020600,https://polymarket.com/zh/event/btc-updown-5m-1786020600,20:50-20:55,44.00,56.00,43.00,55.00,65.22,496.79,790.00,151.84,43.50,55.50,1.00,1.00,21679.95,21504.40,21404.40,21694.95,43,56,55,44,64429.00,64421.95,,
2026-08-06T20:50:44+08:00,btc-updown-5m-1786020600,https://polymarket.com/zh/event/btc-updown-5m-1786020600,20:50-20:55,43.00,58.00,42.00,57.00,1177.59,126.00,121.00,904.64,42.50,57.50,1.00,1.00,21684.95,21209.40,21179.40,21689.95,42,57,57,42,64429.00,64421.95,,
2026-08-06T20:50:46+08:00,btc-updown-5m-1786020600,https://polymarket.com/zh/event/btc-updown-5m-1786020600,20:50-20:55,43.00,58.00,42.00,57.00,824.44,185.61,185.61,844.43,42.50,57.50,1.00,1.00,21704.95,21173.40,21083.40,21694.95,42,57,57,42,64429.00,64421.95,,
2026-08-06T20:50:48+08:00,btc-updown-5m-1786020600,https://polymarket.com/zh/event/btc-updown-5m-1786020600,20:50-20:55,43.00,58.00,42.00,57.00,301.78,710.57,481.87,30.82,42.50,57.50,1.00,1.00,21704.95,21188.41,21338.40,21689.95,42,57,57,42,64429.00,64421.95,,
2026-08-06T20:50:50+08:00,btc-updown-5m-1786020600,https://polymarket.com/zh/event/btc-updown-5m-1786020600,20:50-20:55,46.00,55.00,45.00,54.00,1069.52,14.22,14.22,1074.92,45.50,54.50,1.00,1.00,21699.95,21098.40,21088.40,21689.95,45,54,54,45,64429.00,64421.94,,
2026-08-06T20:50:52+08:00,btc-updown-5m-1786020600,https://polymarket.com/zh/event/btc-updown-5m-1786020600,20:50-20:55,42.00,59.00,41.00,58.00,851.98,88.30,117.00,751.98,41.50,58.50,1.00,1.00,21656.95,21493.40,21388.41,21641.95,41,58,58,41,64429.00,64421.95,,
2026-08-06T20:50:54+08:00,btc-updown-5m-1786020600,https://polymarket.com/zh/event/btc-updown-5m-1786020600,20:50-20:55,41.00,60.00,40.00,59.00,829.57,64.17,81.25,1004.09,40.50,59.50,1.00,1.00,21396.95,21323.40,21128.41,21386.95,40,59,59,40,64429.00,64421.95,,
2026-08-06T20:50:56+08:00,btc-updown-5m-1786020600,https://polymarket.com/zh/event/btc-updown-5m-1786020600,20:50-20:55,40.00,61.00,39.00,60.00,1364.78,8.61,25.01,1253.98,39.50,60.50,1.00,1.00,20911.95,21773.40,22098.41,20891.95,39,60,60,39,64429.00,64421.94,,
2026-08-06T20:50:58+08:00,btc-updown-5m-1786020600,https://polymarket.com/zh/event/btc-updown-5m-1786020600,20:50-20:55,39.00,62.00,38.00,61.00,1051.86,43.74,43.74,1044.86,38.50,61.50,1.00,1.00,21151.95,22098.40,22003.41,21141.95,38,61,61,38,64429.00,64421.94,,
2026-08-06T20:51:00+08:00,btc-updown-5m-1786020600,https://polymarket.com/zh/event/btc-updown-5m-1786020600,20:50-20:55,39.00,62.00,38.00,61.00,1089.08,11.00,11.00,1054.08,38.50,61.50,1.00,1.00,25371.95,26203.40,26228.40,25376.95,38,61,61,38,64429.00,64421.41,,
2026-08-06T20:51:02+08:00,btc-updown-5m-1786020600,https://polymarket.com/zh/event/btc-updown-5m-1786020600,20:50-20:55,36.00,65.00,35.00,64.00,20.14,527.96,532.96,26.14,35.50,64.50,1.00,1.00,25406.95,26243.40,26468.40,25386.95,35,64,64,35,64429.00,64421.41,,
2026-08-06T20:51:04+08:00,btc-updown-5m-1786020600,https://polymarket.com/zh/event/btc-updown-5m-1786020600,20:50-20:55,36.00,65.00,35.00,64.00,91.85,488.96,468.96,91.85,35.50,64.50,1.00,1.00,25156.95,26228.40,26228.41,25146.95,35,64,64,35,64429.00,64421.42,,
2026-08-06T20:51:06+08:00,btc-updown-5m-1786020600,https://polymarket.com/zh/event/btc-updown-5m-1786020600,20:50-20:55,34.00,67.00,33.00,66.00,824.59,95.97,105.97,835.19,33.50,66.50,1.00,1.00,26338.95,25154.73,25164.73,26353.95,33,66,66,33,64429.00,64421.42,,
2026-08-06T20:51:08+08:00,btc-updown-5m-1786020600,https://polymarket.com/zh/event/btc-updown-5m-1786020600,20:50-20:55,32.00,69.00,31.00,68.00,1068.87,170.58,170.58,1058.87,31.50,68.50,1.00,1.00,26543.95,25989.73,26015.73,26278.95,31,68,68,31,64429.00,64419.86,,
2026-08-06T20:51:10+08:00,btc-updown-5m-1786020600,https://polymarket.com/zh/event/btc-updown-5m-1786020600,20:50-20:55,32.00,69.00,31.00,68.00,119.85,192.52,369.14,300.69,31.50,68.50,1.00,1.00,26213.95,25660.74,24981.73,26203.95,31,68,68,31,64429.00,64419.85,,
2026-08-06T20:51:12+08:00,btc-updown-5m-1786020600,https://polymarket.com/zh/event/btc-updown-5m-1786020600,20:50-20:55,32.00,69.00,31.00,68.00,56.72,791.12,791.12,56.72,31.50,68.50,1.00,1.00,25911.95,24888.73,24890.73,25901.95,31,68,68,31,64429.00,64419.86,,
2026-08-06T20:51:14+08:00,btc-updown-5m-1786020600,https://polymarket.com/zh/event/btc-updown-5m-1786020600,20:50-20:55,30.00,71.00,29.00,70.00,1130.18,160.66,135.66,1116.18,29.50,70.50,1.00,1.00,25941.95,24888.73,24893.73,25941.95,29,70,70,29,64429.00,64419.86,,
2026-08-06T20:51:16+08:00,btc-updown-5m-1786020600,https://polymarket.com/zh/event/btc-updown-5m-1786020600,20:50-20:55,28.00,73.00,27.00,72.00,1085.77,65.89,65.89,1085.77,27.50,72.50,1.00,1.00,25686.95,24884.73,24874.73,25721.95,27,72,72,27,64429.00,64419.85,,
2026-08-06T20:51:18+08:00,btc-updown-5m-1786020600,https://polymarket.com/zh/event/btc-updown-5m-1786020600,20:50-20:55,28.00,73.00,27.00,72.00,350.25,109.04,114.04,432.84,27.50,72.50,1.00,1.00,25753.95,24716.73,24822.73,25768.95,27,72,72,27,64429.00,64419.86,,
2026-08-06T20:51:20+08:00,btc-updown-5m-1786020600,https://polymarket.com/zh/event/btc-updown-5m-1786020600,20:50-20:55,26.00,76.00,25.00,75.00,1190.68,42.67,78.92,385.47,25.50,75.50,1.00,1.00,25773.95,24926.73,25706.73,25773.95,25,74,75,24,64429.00,64417.60,,
2026-08-06T20:51:22+08:00,btc-updown-5m-1786020600,https://polymarket.com/zh/event/btc-updown-5m-1786020600,20:50-20:55,25.00,76.00,24.00,75.00,858.89,95.23,105.23,867.30,24.50,75.50,1.00,1.00,26393.94,25616.73,25506.73,26398.94,24,75,75,24,64429.00,64414.34,,
2026-08-06T20:51:24+08:00,btc-updown-5m-1786020600,https://polymarket.com/zh/event/btc-updown-5m-1786020600,20:50-20:55,24.00,77.00,23.00,76.00,730.83,156.53,146.53,725.83,23.50,76.50,1.00,1.00,26493.94,25516.73,25502.73,26498.94,23,76,76,23,64429.00,64414.34,,
2026-08-06T20:51:26+08:00,btc-updown-5m-1786020600,https://polymarket.com/zh/event/btc-updown-5m-1786020600,20:50-20:55,24.00,77.00,23.00,76.00,790.59,100.03,100.03,785.53,23.50,76.50,1.00,1.00,26493.94,25600.73,25612.73,26493.94,23,76,76,23,64429.00,64414.33,,
2026-08-06T20:51:28+08:00,btc-updown-5m-1786020600,https://polymarket.com/zh/event/btc-updown-5m-1786020600,20:50-20:55,23.00,78.00,22.00,77.00,509.08,50.76,75.00,532.93,22.50,77.50,1.00,1.00,26498.94,25600.73,25601.73,26503.94,22,77,77,22,64429.00,64414.34,,
2026-08-06T20:51:30+08:00,btc-updown-5m-1786020600,https://polymarket.com/zh/event/btc-updown-5m-1786020600,20:50-20:55,23.00,78.00,22.00,77.00,694.84,67.97,61.97,688.84,22.50,77.50,1.00,1.00,26581.94,25599.73,25679.73,26586.94,22,77,77,22,64429.00,64414.33,,
2026-08-06T20:51:32+08:00,btc-updown-5m-1786020600,https://polymarket.com/zh/event/btc-updown-5m-1786020600,20:50-20:55,22.00,79.00,21.00,78.00,415.54,207.06,228.06,596.13,21.50,78.50,1.00,1.00,25660.94,24815.73,24826.73,25665.94,21,78,78,21,64429.00,64414.33,,
2026-08-06T20:51:34+08:00,btc-updown-5m-1786020600,https://polymarket.com/zh/event/btc-updown-5m-1786020600,20:50-20:55,22.00,79.00,21.00,78.00,452.73,405.25,360.25,446.87,21.50,78.50,1.00,1.00,25624.94,24720.73,24832.73,25629.94,21,78,78,21,64429.00,64414.33,,
2026-08-06T20:51:36+08:00,btc-updown-5m-1786020600,https://polymarket.com/zh/event/btc-updown-5m-1786020600,20:50-20:55,22.00,79.00,21.00,78.00,342.05,322.58,322.58,342.05,21.50,78.50,1.00,1.00,25724.94,24747.73,24747.73,25724.94,21,78,78,21,64429.00,64414.33,,
2026-08-06T20:51:38+08:00,btc-updown-5m-1786020600,https://polymarket.com/zh/event/btc-updown-5m-1786020600,20:50-20:55,22.00,79.00,21.00,78.00,398.50,335.78,335.78,392.31,21.50,78.50,1.00,1.00,25724.94,24513.73,24592.74,25724.94,21,78,78,21,64429.00,64414.34,,
2026-08-06T20:51:40+08:00,btc-updown-5m-1786020600,https://polymarket.com/zh/event/btc-updown-5m-1786020600,20:50-20:55,22.00,79.00,21.00,78.00,583.72,23.00,18.00,583.72,21.50,78.50,1.00,1.00,25734.94,24843.74,24758.73,25729.94,21,78,78,21,64429.00,64414.34,,
2026-08-06T20:51:42+08:00,btc-updown-5m-1786020600,https://polymarket.com/zh/event/btc-updown-5m-1786020600,20:50-20:55,22.00,79.00,21.00,78.00,465.05,370.46,386.46,465.05,21.50,78.50,1.00,1.00,25734.94,24482.73,24497.73,25729.94,21,78,78,21,64429.00,64414.34,,
2026-08-06T20:51:44+08:00,btc-updown-5m-1786020600,https://polymarket.com/zh/event/btc-updown-5m-1786020600,20:50-20:55,23.00,77.00,22.00,76.00,51.07,491.14,820.07,284.09,22.50,76.50,1.00,1.00,25879.94,24588.73,24593.73,24755.94,22,77,76,23,64429.00,64414.34,,
2026-08-06T20:51:46+08:00,btc-updown-5m-1786020600,https://polymarket.com/zh/event/btc-updown-5m-1786020600,20:50-20:55,36.00,66.00,35.00,65.00,738.36,124.77,28.26,476.97,35.50,65.50,1.00,1.00,24974.95,22672.73,22782.73,25134.95,35,64,65,34,64429.00,64422.03,,
2026-08-06T20:51:48+08:00,btc-updown-5m-1786020600,https://polymarket.com/zh/event/btc-updown-5m-1786020600,20:50-20:55,35.00,66.00,34.00,65.00,410.38,55.73,60.28,410.38,34.50,65.50,1.00,1.00,25184.95,23802.73,23703.73,25164.95,34,65,65,34,64429.00,64419.07,,
2026-08-06T20:51:50+08:00,btc-updown-5m-1786020600,https://polymarket.com/zh/event/btc-updown-5m-1786020600,20:50-20:55,31.00,70.00,30.00,69.00,853.86,103.54,103.62,843.81,30.50,69.50,1.00,1.00,25279.95,23303.73,23397.73,25264.95,30,69,69,30,64429.00,64417.78,,
2026-08-06T20:51:52+08:00,btc-updown-5m-1786020600,https://polymarket.com/zh/event/btc-updown-5m-1786020600,20:50-20:55,31.00,70.00,30.00,69.00,877.59,99.79,104.08,836.94,30.50,69.50,1.00,1.00,25214.95,23398.73,23313.73,25249.95,30,69,69,30,64429.00,64417.77,,
2026-08-06T20:51:54+08:00,btc-updown-5m-1786020600,https://polymarket.com/zh/event/btc-updown-5m-1786020600,20:50-20:55,30.00,73.00,29.00,72.00,15.00,152.44,0.25,388.80,29.50,72.50,1.00,1.00,25249.95,23297.73,23428.74,25124.95,29,70,72,27,64429.00,64417.78,,
2026-08-06T20:51:56+08:00,btc-updown-5m-1786020600,https://polymarket.com/zh/event/btc-updown-5m-1786020600,20:50-20:55,28.00,73.00,27.00,72.00,360.44,69.57,76.42,365.44,27.50,72.50,1.00,1.00,25025.95,23114.73,22929.73,25020.95,27,72,72,27,64429.00,64417.77,,
2026-08-06T20:51:58+08:00,btc-updown-5m-1786020600,https://polymarket.com/zh/event/btc-updown-5m-1786020600,20:50-20:55,28.00,73.00,27.00,72.00,449.78,7.00,74.00,459.78,27.50,72.50,1.00,1.00,25006.95,22938.74,22925.73,25011.95,27,72,72,27,64429.00,64417.78,,
2026-08-06T20:52:00+08:00,btc-updown-5m-1786020600,https://polymarket.com/zh/event/btc-updown-5m-1786020600,20:50-20:55,27.00,74.00,26.00,73.00,868.10,27.19,31.40,884.26,26.50,73.50,1.00,1.00,25206.95,23520.73,23621.73,25206.95,26,73,73,26,64429.00,64417.78,,
2026-08-06T20:52:02+08:00,btc-updown-5m-1786020600,https://polymarket.com/zh/event/btc-updown-5m-1786020600,20:50-20:55,24.00,77.00,23.00,76.00,404.06,27.40,82.40,404.06,23.50,76.50,1.00,1.00,24586.95,23596.73,23592.73,24586.95,23,76,76,23,64429.00,64417.78,,
2026-08-06T20:52:04+08:00,btc-updown-5m-1786020600,https://polymarket.com/zh/event/btc-updown-5m-1786020600,20:50-20:55,24.00,77.00,23.00,76.00,201.09,140.16,140.16,201.09,23.50,76.50,1.00,1.00,24686.95,23596.73,23501.73,24691.95,23,76,76,23,64429.00,64417.77,,
2026-08-06T20:52:06+08:00,btc-updown-5m-1786020600,https://polymarket.com/zh/event/btc-updown-5m-1786020600,20:50-20:55,25.00,76.00,24.00,75.00,241.37,379.85,359.76,221.10,24.50,75.50,1.00,1.00,24686.95,23602.73,23491.73,24691.95,24,75,75,24,64429.00,64417.78,,
2026-08-06T20:52:08+08:00,btc-updown-5m-1786020600,https://polymarket.com/zh/event/btc-updown-5m-1786020600,20:50-20:55,26.00,75.00,25.00,74.00,222.43,613.72,532.18,241.73,25.50,74.50,1.00,1.00,25111.95,23250.74,23336.73,25116.95,25,74,74,25,64429.00,64417.78,,
2026-08-06T20:52:10+08:00,btc-updown-5m-1786020600,https://polymarket.com/zh/event/btc-updown-5m-1786020600,20:50-20:55,26.00,75.00,25.00,74.00,467.38,184.72,205.72,472.38,25.50,74.50,1.00,1.00,24686.95,23532.73,23506.73,24691.95,25,74,74,25,64429.00,64417.78,,
2026-08-06T20:52:12+08:00,btc-updown-5m-1786020600,https://polymarket.com/zh/event/btc-updown-5m-1786020600,20:50-20:55,27.00,74.00,26.00,73.00,114.50,368.18,466.89,164.50,26.50,73.50,1.00,1.00,23557.95,23484.74,23586.73,23562.95,26,73,73,26,64429.00,64416.86,,
2026-08-06T20:52:14+08:00,btc-updown-5m-1786020600,https://polymarket.com/zh/event/btc-updown-5m-1786020600,20:50-20:55,27.00,75.00,26.00,74.00,752.92,72.38,332.40,273.07,26.50,74.50,1.00,1.00,23512.95,23594.73,23485.73,23517.95,26,73,74,25,64429.00,64416.86,,
2026-08-06T20:52:16+08:00,btc-updown-5m-1786020600,https://polymarket.com/zh/event/btc-updown-5m-1786020600,20:50-20:55,24.00,77.00,23.00,76.00,174.50,50.90,40.90,655.42,23.50,76.50,1.00,1.00,24278.37,22800.73,22805.73,24283.37,23,76,76,23,64429.00,64416.85,,
2026-08-06T20:52:18+08:00,btc-updown-5m-1786020600,https://polymarket.com/zh/event/btc-updown-5m-1786020600,20:50-20:55,23.00,78.00,22.00,77.00,294.41,887.15,853.85,55.00,22.50,77.50,1.00,1.00,23462.95,22700.73,22790.73,23801.25,22,77,77,22,64429.00,64416.83,,
2026-08-06T20:52:20+08:00,btc-updown-5m-1786020600,https://polymarket.com/zh/event/btc-updown-5m-1786020600,20:50-20:55,26.00,75.00,25.00,74.00,723.17,351.93,381.93,742.15,25.50,74.50,1.00,1.00,23766.25,22799.73,22700.73,23796.25,25,74,74,25,64429.00,64416.83,,
2026-08-06T20:52:22+08:00,btc-updown-5m-1786020600,https://polymarket.com/zh/event/btc-updown-5m-1786020600,20:50-20:55,26.00,75.00,25.00,74.00,661.70,230.23,263.49,711.70,25.50,74.50,1.00,1.00,23687.95,22690.73,22794.73,24021.25,25,74,74,25,64429.00,64416.83,,
2026-08-06T20:52:24+08:00,btc-updown-5m-1786020600,https://polymarket.com/zh/event/btc-updown-5m-1786020600,20:50-20:55,27.00,71.00,26.00,70.00,25.00,18.84,210.47,55.14,26.50,70.50,1.00,1.00,24002.92,22444.74,22419.73,23574.62,26,72,70,29,64429.00,64416.83,,
2026-08-06T20:52:26+08:00,btc-updown-5m-1786020600,https://polymarket.com/zh/event/btc-updown-5m-1786020600,20:50-20:55,31.00,70.00,30.00,69.00,111.28,657.17,657.17,166.28,30.50,69.50,1.00,1.00,25022.62,22439.74,22439.73,25017.62,30,69,69,30,64429.00,64421.51,,
2026-08-06T20:52:28+08:00,btc-updown-5m-1786020600,https://polymarket.com/zh/event/btc-updown-5m-1786020600,20:50-20:55,29.00,72.00,28.00,71.00,445.66,93.11,297.60,480.66,28.50,71.50,1.00,1.00,24882.62,22720.74,22594.73,24377.62,28,71,71,28,64429.00,64421.51,,
2026-08-06T20:52:30+08:00,btc-updown-5m-1786020600,https://polymarket.com/zh/event/btc-updown-5m-1786020600,20:50-20:55,29.00,72.00,28.00,71.00,362.15,114.00,169.00,344.90,28.50,71.50,1.00,1.00,24027.62,22590.73,22700.73,23962.62,28,71,71,28,64429.00,64421.52,,
2026-08-06T20:52:32+08:00,btc-updown-5m-1786020600,https://polymarket.com/zh/event/btc-updown-5m-1786020600,20:50-20:55,29.00,72.00,28.00,71.00,392.61,25.00,30.00,397.61,28.50,71.50,1.00,1.00,23842.62,22580.74,22491.73,23837.62,28,71,71,28,64429.00,64421.51,,
2026-08-06T20:52:34+08:00,btc-updown-5m-1786020600,https://polymarket.com/zh/event/btc-updown-5m-1786020600,20:50-20:55,29.00,72.00,28.00,71.00,396.33,65.64,15.64,396.33,28.50,71.50,1.00,1.00,23782.62,22585.74,22496.73,23777.62,28,71,71,28,64429.00,64419.90,,
2026-08-06T20:52:36+08:00,btc-updown-5m-1786020600,https://polymarket.com/zh/event/btc-updown-5m-1786020600,20:50-20:55,29.00,72.00,28.00,71.00,729.83,49.47,55.86,778.28,28.50,71.50,1.00,1.00,22989.62,22330.73,22325.73,22984.62,28,71,71,28,64429.00,64419.91,,
2026-08-06T20:52:38+08:00,btc-updown-5m-1786020600,https://polymarket.com/zh/event/btc-updown-5m-1786020600,20:50-20:55,20.00,81.00,19.00,80.00,349.00,156.00,150.93,485.71,19.50,80.50,1.00,1.00,24629.02,22543.74,22542.73,24624.02,19,80,80,19,64429.00,64417.77,,
2026-08-06T20:52:40+08:00,btc-updown-5m-1786020600,https://polymarket.com/zh/event/btc-updown-5m-1786020600,20:50-20:55,20.00,81.00,19.00,80.00,534.20,37.76,37.76,534.20,19.50,80.50,1.00,1.00,25259.01,22537.74,22527.73,25254.01,19,80,80,19,64429.00,64416.91,,
2026-08-06T20:52:42+08:00,btc-updown-5m-1786020600,https://polymarket.com/zh/event/btc-updown-5m-1786020600,20:50-20:55,18.00,83.00,17.00,82.00,685.34,109.26,109.26,737.29,17.50,82.50,1.00,1.00,25701.04,22442.73,22432.73,25706.04,17,82,82,17,64429.00,64416.91,,
2026-08-06T20:52:44+08:00,btc-updown-5m-1786020600,https://polymarket.com/zh/event/btc-updown-5m-1786020600,20:50-20:55,18.00,83.00,17.00,82.00,720.17,28.03,30.44,720.17,17.50,82.50,1.00,1.00,25931.04,22542.73,22533.73,26098.96,17,82,82,17,64429.00,64416.90,,
2026-08-06T20:52:46+08:00,btc-updown-5m-1786020600,https://polymarket.com/zh/event/btc-updown-5m-1786020600,20:50-20:55,17.00,84.00,16.00,83.00,618.49,197.53,197.53,618.49,16.50,83.50,1.00,1.00,26279.43,22538.73,22433.73,26284.43,16,83,83,16,64429.00,64416.82,,
2026-08-06T20:52:48+08:00,btc-updown-5m-1786020600,https://polymarket.com/zh/event/btc-updown-5m-1786020600,20:50-20:55,17.00,84.00,16.00,83.00,634.74,81.04,91.04,634.74,16.50,83.50,1.00,1.00,26588.21,22432.74,22543.73,26603.21,16,83,83,16,64429.00,64416.83,,
2026-08-06T20:52:50+08:00,btc-updown-5m-1786020600,https://polymarket.com/zh/event/btc-updown-5m-1786020600,20:50-20:55,17.00,84.00,16.00,83.00,772.42,33.28,45.31,720.55,16.50,83.50,1.00,1.00,27577.79,22443.73,22443.73,27779.97,16,83,83,16,64429.00,64415.07,,
2026-08-06T20:52:52+08:00,btc-updown-5m-1786020600,https://polymarket.com/zh/event/btc-updown-5m-1786020600,20:50-20:55,16.00,85.00,15.00,84.00,416.81,681.26,672.29,470.80,15.50,84.50,1.00,1.00,26841.05,22537.73,22539.73,26971.05,15,84,84,15,64429.00,64415.07,,
2026-08-06T20:52:54+08:00,btc-updown-5m-1786020600,https://polymarket.com/zh/event/btc-updown-5m-1786020600,20:50-20:55,16.00,85.00,15.00,84.00,539.21,423.13,417.13,487.93,15.50,84.50,1.00,1.00,26398.43,22427.73,22544.73,26595.61,15,84,84,15,64429.00,64415.30,,
2026-08-06T20:52:56+08:00,btc-updown-5m-1786020600,https://polymarket.com/zh/event/btc-updown-5m-1786020600,20:50-20:55,16.00,85.00,15.00,84.00,193.24,1474.31,1083.24,82.93,15.50,84.50,1.00,1.00,24771.57,22341.74,22146.73,24726.61,15,84,84,15,64429.00,64416.37,,
2026-08-06T20:52:58+08:00,btc-updown-5m-1786020600,https://polymarket.com/zh/event/btc-updown-5m-1786020600,20:50-20:55,21.00,80.00,20.00,79.00,258.38,272.84,312.11,288.69,20.50,79.50,1.00,1.00,24401.27,22055.74,22062.73,24406.27,20,79,79,20,64429.00,64417.85,,
2026-08-06T20:53:00+08:00,btc-updown-5m-1786020600,https://polymarket.com/zh/event/btc-updown-5m-1786020600,20:50-20:55,21.00,80.00,20.00,79.00,505.05,215.09,191.45,464.97,20.50,79.50,1.00,1.00,24242.64,21503.73,21503.73,24247.64,20,79,79,20,64429.00,64417.86,,
2026-08-06T20:53:02+08:00,btc-updown-5m-1786020600,https://polymarket.com/zh/event/btc-updown-5m-1786020600,20:50-20:55,21.00,80.00,20.00,79.00,602.42,55.44,66.57,581.26,20.50,79.50,1.00,1.00,23972.98,21308.73,21218.73,23977.98,20,79,79,20,64429.00,64417.85,,
2026-08-06T20:53:04+08:00,btc-updown-5m-1786020600,https://polymarket.com/zh/event/btc-updown-5m-1786020600,20:50-20:55,20.00,81.00,19.00,80.00,711.32,39.75,44.69,637.28,19.50,80.50,1.00,1.00,24174.95,21168.73,21053.73,26853.27,19,80,80,19,64429.00,64417.86,,
2026-08-06T20:53:06+08:00,btc-updown-5m-1786020600,https://polymarket.com/zh/event/btc-updown-5m-1786020600,20:50-20:55,17.00,84.00,16.00,83.00,542.74,19.00,64.59,709.79,16.50,83.50,1.00,1.00,25140.82,21153.73,21356.73,20857.52,16,83,83,15,64429.00,64417.91,,
2026-08-06T20:53:08+08:00,btc-updown-5m-1786020600,https://polymarket.com/zh/event/btc-updown-5m-1786020600,20:50-20:55,12.00,89.00,11.00,88.00,436.91,204.25,80.93,472.36,11.50,88.50,1.00,1.00,25365.64,21251.74,21338.73,26393.60,11,88,88,11,64429.00,64410.01,,
2026-08-06T20:53:11+08:00,btc-updown-5m-1786020600,https://polymarket.com/zh/event/btc-updown-5m-1786020600,20:50-20:55,11.00,90.00,10.00,89.00,629.91,15.00,24.77,780.79,10.50,89.50,1.00,1.00,25119.61,21331.73,21346.73,25934.44,10,89,89,10,64429.00,64410.00,,
2026-08-06T20:53:13+08:00,btc-updown-5m-1786020600,https://polymarket.com/zh/event/btc-updown-5m-1786020600,20:50-20:55,11.00,90.00,10.00,89.00,256.58,102.00,157.00,329.85,10.50,89.50,1.00,1.00,26167.13,21230.73,21335.73,26277.13,10,89,89,10,64429.00,64410.00,,
2026-08-06T20:53:15+08:00,btc-updown-5m-1786020600,https://polymarket.com/zh/event/btc-updown-5m-1786020600,20:50-20:55,11.00,90.00,10.00,89.00,63.27,446.54,476.27,86.06,10.50,89.50,1.00,1.00,26935.79,21245.73,21140.73,26945.79,10,89,89,10,64429.00,64410.00,,
2026-08-06T20:53:17+08:00,btc-updown-5m-1786020600,https://polymarket.com/zh/event/btc-updown-5m-1786020600,20:50-20:55,12.00,89.00,11.00,88.00,197.82,735.08,735.08,285.35,11.50,88.50,1.00,1.00,26524.46,20795.73,20894.73,26534.46,11,88,88,11,64429.00,64410.00,,
2026-08-06T20:53:19+08:00,btc-updown-5m-1786020600,https://polymarket.com/zh/event/btc-updown-5m-1786020600,20:50-20:55,12.00,88.00,11.00,87.00,83.72,687.24,851.99,169.91,11.50,87.50,1.00,1.00,26354.78,20644.73,20549.73,26354.78,11,88,87,12,64429.00,64410.00,,
2026-08-06T20:53:21+08:00,btc-updown-5m-1786020600,https://polymarket.com/zh/event/btc-updown-5m-1786020600,20:50-20:55,13.00,88.00,12.00,87.00,362.35,575.82,575.82,337.35,12.50,87.50,1.00,1.00,26141.10,20300.73,20389.73,26172.10,12,87,87,12,64429.00,64410.01,,
2026-08-06T20:53:22+08:00,btc-updown-5m-1786020600,https://polymarket.com/zh/event/btc-updown-5m-1786020600,20:50-20:55,13.00,88.00,12.00,87.00,440.47,503.78,503.78,440.47,12.50,87.50,1.00,1.00,26289.39,20389.74,20295.73,26284.39,12,87,87,12,64429.00,64410.01,,
2026-08-06T20:53:24+08:00,btc-updown-5m-1786020600,https://polymarket.com/zh/event/btc-updown-5m-1786020600,20:50-20:55,14.00,87.00,13.00,86.00,1848.55,166.32,91.23,1829.76,13.50,86.50,1.00,1.00,26378.20,20384.74,20505.73,26068.20,13,86,86,13,64429.00,64410.00,,
2026-08-06T20:53:26+08:00,btc-updown-5m-1786020600,https://polymarket.com/zh/event/btc-updown-5m-1786020600,20:50-20:55,14.00,87.00,13.00,86.00,1441.56,157.31,163.46,1449.56,13.50,86.50,1.00,1.00,26705.71,20280.73,20369.73,26700.71,13,86,86,13,64429.00,64410.01,,
2026-08-06T20:53:28+08:00,btc-updown-5m-1786020600,https://polymarket.com/zh/event/btc-updown-5m-1786020600,20:50-20:55,14.00,86.00,13.00,85.00,179.83,300.47,559.07,116.00,13.50,85.50,1.00,1.00,22968.60,20390.73,19601.74,20308.33,13,86,84,14,64429.00,64410.01,,
2026-08-06T20:53:30+08:00,btc-updown-5m-1786020600,https://polymarket.com/zh/event/btc-updown-5m-1786020600,20:50-20:55,25.00,76.00,24.00,75.00,67.31,554.09,559.22,55.75,24.50,75.50,1.00,1.00,19704.93,19659.29,19779.29,19704.93,24,75,75,24,64429.00,64420.63,,
2026-08-06T20:53:32+08:00,btc-updown-5m-1786020600,https://polymarket.com/zh/event/btc-updown-5m-1786020600,20:50-20:55,26.00,75.00,25.00,74.00,129.18,195.88,268.94,149.18,25.50,74.50,1.00,1.00,19246.59,19464.29,19473.30,19246.59,25,74,74,25,64429.00,64421.04,,
2026-08-06T20:53:34+08:00,btc-updown-5m-1786020600,https://polymarket.com/zh/event/btc-updown-5m-1786020600,20:50-20:55,20.00,81.00,19.00,80.00,418.79,11.59,19.00,407.10,19.50,80.50,1.00,1.00,19741.31,19375.29,19479.30,19527.82,19,80,80,19,64429.00,64419.02,,
2026-08-06T20:53:36+08:00,btc-updown-5m-1786020600,https://polymarket.com/zh/event/btc-updown-5m-1786020600,20:50-20:55,20.00,81.00,19.00,80.00,138.63,74.40,69.14,178.38,19.50,80.50,1.00,1.00,18949.33,21620.28,21585.28,18949.33,19,80,80,19,64429.00,64419.02,,
2026-08-06T20:53:38+08:00,btc-updown-5m-1786020600,https://polymarket.com/zh/event/btc-updown-5m-1786020600,20:50-20:55,20.00,81.00,19.00,80.00,71.65,581.74,480.78,66.65,19.50,80.50,1.00,1.00,19066.13,19475.30,19481.29,19071.13,19,80,80,19,64429.00,64419.02,,
2026-08-06T20:53:40+08:00,btc-updown-5m-1786020600,https://polymarket.com/zh/event/btc-updown-5m-1786020600,20:50-20:55,20.00,81.00,19.00,80.00,389.19,24.24,33.53,446.91,19.50,80.50,1.00,1.00,19343.49,21715.29,21595.28,19348.49,19,80,80,19,64429.00,64419.01,,
2026-08-06T20:53:42+08:00,btc-updown-5m-1786020600,https://polymarket.com/zh/event/btc-updown-5m-1786020600,20:50-20:55,19.00,82.00,18.00,81.00,1260.96,3.55,4.77,1260.96,18.50,81.50,1.00,1.00,19934.85,21525.28,21495.28,19934.85,18,81,81,18,64429.00,64419.01,,
2026-08-06T20:53:44+08:00,btc-updown-5m-1786020600,https://polymarket.com/zh/event/btc-updown-5m-1786020600,20:50-20:55,30.00,71.00,29.00,70.00,714.56,1911.67,1493.39,662.04,29.50,70.50,1.00,1.00,22405.22,21735.28,21745.28,22405.22,29,70,70,29,64429.00,64425.19,,
2026-08-06T20:53:46+08:00,btc-updown-5m-1786020600,https://polymarket.com/zh/event/btc-updown-5m-1786020600,20:50-20:55,30.00,71.00,29.00,70.00,472.91,1595.65,1595.65,412.91,29.50,70.50,1.00,1.00,20871.55,20841.95,20858.96,21189.85,29,70,70,29,64429.00,64425.63,,
2026-08-06T20:53:48+08:00,btc-updown-5m-1786020600,https://polymarket.com/zh/event/btc-updown-5m-1786020600,20:50-20:55,30.00,71.00,29.00,70.00,469.77,764.46,1518.33,409.57,29.50,70.50,1.00,1.00,20761.55,20617.95,20633.95,20856.55,29,70,70,29,64429.00,64427.43,,
2026-08-06T20:53:50+08:00,btc-updown-5m-1786020600,https://polymarket.com/zh/event/btc-updown-5m-1786020600,20:50-20:55,44.00,57.00,43.00,56.00,50.56,447.61,454.91,37.05,43.50,56.50,1.00,1.00,21959.83,19731.29,19726.29,21949.83,43,56,56,43,64429.00,64429.00,,
2026-08-06T20:53:52+08:00,btc-updown-5m-1786020600,https://polymarket.com/zh/event/btc-updown-5m-1786020600,20:50-20:55,49.00,52.00,48.00,51.00,123.00,1726.20,1726.20,107.69,48.50,51.50,1.00,1.00,20839.83,19815.29,19821.29,20834.83,48,51,51,48,64429.00,64429.99,,
2026-08-06T20:53:54+08:00,btc-updown-5m-1786020600,https://polymarket.com/zh/event/btc-updown-5m-1786020600,20:50-20:55,51.00,50.00,50.00,49.00,117.75,258.54,256.07,160.21,50.50,49.50,1.00,1.00,21844.84,19960.29,19945.29,21334.83,50,49,49,50,64429.00,64428.80,,
2026-08-06T20:53:56+08:00,btc-updown-5m-1786020600,https://polymarket.com/zh/event/btc-updown-5m-1786020600,20:50-20:55,53.00,48.00,52.00,47.00,73.00,356.09,478.88,73.00,52.50,47.50,1.00,1.00,22134.83,19950.29,19950.29,22129.83,52,47,47,52,64429.00,64429.66,,
2026-08-06T20:53:58+08:00,btc-updown-5m-1786020600,https://polymarket.com/zh/event/btc-updown-5m-1786020600,20:50-20:55,53.00,57.00,48.00,56.00,368.47,14.26,11.97,8.15,50.50,56.50,5.00,1.00,20859.84,20100.29,19905.30,21349.83,48,47,53,43,64429.00,64428.80,,
2026-08-06T20:54:00+08:00,btc-updown-5m-1786020600,https://polymarket.com/zh/event/btc-updown-5m-1786020600,20:50-20:55,39.00,64.00,38.00,63.00,463.86,10.00,71.66,346.86,38.50,63.50,1.00,1.00,17944.33,21328.93,21856.94,18012.33,38,61,63,27,64429.00,64428.80,,
2026-08-06T20:54:02+08:00,btc-updown-5m-1786020600,https://polymarket.com/zh/event/btc-updown-5m-1786020600,20:50-20:55,26.00,83.00,25.00,81.00,209.79,12.95,28.52,55.88,25.50,82.00,1.00,2.00,23306.73,20282.95,20191.94,23460.73,22,74,81,17,64429.00,64423.42,,
2026-08-06T20:54:04+08:00,btc-updown-5m-1786020600,https://polymarket.com/zh/event/btc-updown-5m-1786020600,20:50-20:55,13.00,88.00,12.00,87.00,60.55,504.62,497.52,70.55,12.50,87.50,1.00,1.00,22403.40,20935.94,21019.94,22403.40,12,85,85,12,64429.00,64421.40,,
2026-08-06T20:54:06+08:00,btc-updown-5m-1786020600,https://polymarket.com/zh/event/btc-updown-5m-1786020600,20:50-20:55,15.00,86.00,14.00,85.00,63.50,310.70,360.70,63.50,14.50,85.50,1.00,1.00,22145.58,20360.27,20258.27,22645.58,14,83,85,14,64429.00,64420.72,,
2026-08-06T20:54:08+08:00,btc-updown-5m-1786020600,https://polymarket.com/zh/event/btc-updown-5m-1786020600,20:50-20:55,12.00,89.00,11.00,88.00,220.23,84.43,258.03,685.00,11.50,88.50,1.00,1.00,22762.76,19843.28,19748.27,20691.18,9,86,88,9,64429.00,64418.94,,
2026-08-06T20:54:10+08:00,btc-updown-5m-1786020600,https://polymarket.com/zh/event/btc-updown-5m-1786020600,20:50-20:55,4.00,97.00,3.00,96.00,350.77,570.98,577.18,278.83,3.50,96.50,1.00,1.00,14286.63,20562.77,20576.77,14332.85,3,96,96,3,64429.00,64413.80,,
2026-08-06T20:54:12+08:00,btc-updown-5m-1786020600,https://polymarket.com/zh/event/btc-updown-5m-1786020600,20:50-20:55,4.00,97.00,3.00,96.00,103.57,706.20,706.20,98.57,3.50,96.50,1.00,1.00,14308.97,20397.77,20292.77,14183.97,3,96,96,3,64429.00,64413.80,,
2026-08-06T20:54:14+08:00,btc-updown-5m-1786020600,https://polymarket.com/zh/event/btc-updown-5m-1786020600,20:50-20:55,4.00,97.00,3.00,96.00,323.40,449.59,449.59,221.14,3.50,96.50,1.00,1.00,13712.36,20137.77,20226.77,13727.36,3,96,96,3,64429.00,64406.73,,
2026-08-06T20:54:16+08:00,btc-updown-5m-1786020600,https://polymarket.com/zh/event/btc-updown-5m-1786020600,20:50-20:55,6.00,95.00,5.00,94.00,461.48,5.00,35.96,466.48,5.50,94.50,1.00,1.00,13399.72,20142.77,20231.78,13368.76,4,94,94,4,64429.00,64406.73,,
2026-08-06T20:54:18+08:00,btc-updown-5m-1786020600,https://polymarket.com/zh/event/btc-updown-5m-1786020600,20:50-20:55,4.00,98.00,3.00,97.00,261.24,1373.75,35.00,43.07,3.50,97.50,1.00,1.00,4536.55,20197.78,20112.77,4225.53,3,96,97,2,64429.00,64406.73,,
2026-08-06T20:54:21+08:00,btc-updown-5m-1786020600,https://polymarket.com/zh/event/btc-updown-5m-1786020600,20:50-20:55,3.00,98.00,2.00,97.00,73.28,1419.45,1420.48,73.28,2.50,97.50,1.00,1.00,4276.24,20198.77,20102.78,4275.21,2,97,97,2,64429.00,64406.73,,
2026-08-06T20:54:22+08:00,btc-updown-5m-1786020600,https://polymarket.com/zh/event/btc-updown-5m-1786020600,20:50-20:55,3.00,98.00,2.00,97.00,179.10,396.79,396.79,150.02,2.50,97.50,1.00,1.00,3193.57,20367.56,20283.55,3193.57,2,97,97,2,64429.00,64406.72,,
2026-08-06T20:54:25+08:00,btc-updown-5m-1786020600,https://polymarket.com/zh/event/btc-updown-5m-1786020600,20:50-20:55,5.00,96.00,4.00,95.00,307.41,97.72,97.72,299.34,4.50,95.50,1.00,1.00,3408.50,22242.54,22232.54,3408.50,4,95,95,4,64429.00,64407.12,,
2026-08-06T20:54:27+08:00,btc-updown-5m-1786020600,https://polymarket.com/zh/event/btc-updown-5m-1786020600,20:50-20:55,3.00,99.00,2.00,98.00,101.38,2850.63,242.41,25.00,2.50,98.50,1.00,1.00,3001.25,20118.55,20007.55,2850.63,2,97,98,1,64429.00,64407.12,,
2026-08-06T20:54:29+08:00,btc-updown-5m-1786020600,https://polymarket.com/zh/event/btc-updown-5m-1786020600,20:50-20:55,2.00,99.00,1.00,98.00,80.49,3094.66,3099.66,60.49,1.50,98.50,1.00,1.00,3099.66,20102.55,20023.55,3094.66,1,98,98,1,64429.00,64407.16,,
2026-08-06T20:54:31+08:00,btc-updown-5m-1786020600,https://polymarket.com/zh/event/btc-updown-5m-1786020600,20:50-20:55,2.00,99.00,1.00,98.00,139.70,2724.75,2729.75,139.70,1.50,98.50,1.00,1.00,2729.75,19563.56,19538.55,2724.75,1,98,98,1,64429.00,64407.14,,
2026-08-06T20:54:33+08:00,btc-updown-5m-1786020600,https://polymarket.com/zh/event/btc-updown-5m-1786020600,20:50-20:55,2.00,99.00,1.00,98.00,15.00,2192.00,2207.00,15.00,1.50,98.50,1.00,1.00,2207.00,19284.55,19293.55,2192.00,1,98,98,1,64429.00,64409.25,,
2026-08-06T20:54:35+08:00,btc-updown-5m-1786020600,https://polymarket.com/zh/event/btc-updown-5m-1786020600,20:50-20:55,2.00,99.00,1.00,98.00,32.57,1859.85,1889.72,32.57,1.50,98.50,1.00,1.00,1889.72,19277.56,19293.55,1859.85,1,98,98,1,64429.00,64409.25,,
2026-08-06T20:54:37+08:00,btc-updown-5m-1786020600,https://polymarket.com/zh/event/btc-updown-5m-1786020600,20:50-20:55,3.00,98.00,2.00,97.00,252.09,1285.77,1285.77,252.09,2.50,97.50,1.00,1.00,3035.55,19255.55,19267.55,3040.55,2,97,97,2,64429.00,64409.25,,
2026-08-06T20:54:39+08:00,btc-updown-5m-1786020600,https://polymarket.com/zh/event/btc-updown-5m-1786020600,20:50-20:55,3.00,98.00,2.00,97.00,211.36,1204.64,1204.64,163.70,2.50,97.50,1.00,1.00,3089.42,19271.55,19266.56,3084.42,2,97,97,2,64429.00,64409.25,,
2026-08-06T20:54:41+08:00,btc-updown-5m-1786020600,https://polymarket.com/zh/event/btc-updown-5m-1786020600,20:50-20:55,3.00,98.00,2.00,97.00,175.40,622.06,576.78,175.40,2.50,97.50,1.00,1.00,2456.55,18311.53,18307.54,2491.83,2,65,65,2,64429.00,64409.25,,
2026-08-06T20:54:43+08:00,btc-updown-5m-1786020600,https://polymarket.com/zh/event/btc-updown-5m-1786020600,20:50-20:55,3.00,98.00,2.00,97.00,185.75,562.80,568.58,185.75,2.50,97.50,1.00,1.00,2443.35,18323.53,18267.53,2432.57,2,63,62,2,64429.00,64407.65,,
2026-08-06T20:54:45+08:00,btc-updown-5m-1786020600,https://polymarket.com/zh/event/btc-updown-5m-1786020600,20:50-20:55,3.00,98.00,2.00,97.00,225.47,115.65,121.68,197.47,2.50,97.50,1.00,1.00,1971.45,19398.53,20104.86,1965.42,2,61,58,2,64429.00,64407.64,,
2026-08-06T20:54:47+08:00,btc-updown-5m-1786020600,https://polymarket.com/zh/event/btc-updown-5m-1786020600,20:50-20:55,2.00,99.00,1.00,98.00,551.45,1234.97,1275.91,551.45,1.50,98.50,1.00,1.00,1275.91,20161.19,20176.19,1234.97,1,58,58,1,64429.00,64407.64,,
2026-08-06T20:54:49+08:00,btc-updown-5m-1786020600,https://polymarket.com/zh/event/btc-updown-5m-1786020600,20:50-20:55,2.00,99.00,1.00,98.00,1216.76,286.80,312.34,1302.18,1.50,98.50,1.00,1.00,312.34,18758.53,18780.53,286.80,1,59,59,1,64429.00,64407.65,,
2026-08-06T20:54:51+08:00,btc-updown-5m-1786020600,https://polymarket.com/zh/event/btc-updown-5m-1786020600,20:50-20:55,1.00,,,99.00,840.92,,,875.92,,,,,,11019.16,11042.16,,0,65,65,0,64429.00,64407.53,,
2026-08-06T20:54:53+08:00,btc-updown-5m-1786020600,https://polymarket.com/zh/event/btc-updown-5m-1786020600,20:50-20:55,1.00,,,99.00,12198.89,,,12198.89,,,,,,11291.16,11296.17,,0,62,59,0,64429.00,64407.53,,
2026-08-06T20:54:55+08:00,btc-updown-5m-1786020600,https://polymarket.com/zh/event/btc-updown-5m-1786020600,20:50-20:55,1.00,,,99.00,12261.61,,,12468.72,,,,,,11400.16,10735.16,,0,64,52,0,64429.00,64389.64,,
2026-08-06T20:54:57+08:00,btc-updown-5m-1786020600,https://polymarket.com/zh/event/btc-updown-5m-1786020600,20:50-20:55,1.00,,,99.00,23038.87,,,23003.87,,,,,,17706.17,17703.16,,0,53,53,0,64429.00,64389.66,,
2026-08-06T20:54:59+08:00,btc-updown-5m-1786020600,https://polymarket.com/zh/event/btc-updown-5m-1786020600,20:50-20:55,1.00,,,99.00,50939.88,,,51141.39,,,,,,29189.16,23700.16,,0,50,47,0,64429.00,64387.93,,
2026-08-06T20:55:01+08:00,btc-updown-5m-1786020900,https://polymarket.com/zh/event/btc-updown-5m-1786020900,20:55-21:00,49.00,52.00,48.00,51.00,554.46,218.65,179.71,579.35,48.50,51.50,1.00,1.00,23206.57,23318.44,23703.44,23507.79,48,51,51,48,64385.00,64383.44,,
2026-08-06T20:55:03+08:00,btc-updown-5m-1786020900,https://polymarket.com/zh/event/btc-updown-5m-1786020900,20:55-21:00,61.00,40.00,60.00,39.00,548.97,80.95,80.95,498.97,60.50,39.50,1.00,1.00,25254.13,23768.01,23925.01,25974.14,60,39,39,60,64385.00,64395.62,,
2026-08-06T20:55:05+08:00,btc-updown-5m-1786020900,https://polymarket.com/zh/event/btc-updown-5m-1786020900,20:55-21:00,61.00,40.00,60.00,39.00,160.00,264.43,322.50,157.32,60.50,39.50,1.00,1.00,26129.14,24156.01,24136.01,26019.13,60,39,39,60,64385.00,64396.44,,
2026-08-06T20:55:07+08:00,btc-updown-5m-1786020900,https://polymarket.com/zh/event/btc-updown-5m-1786020900,20:55-21:00,61.00,40.00,60.00,39.00,156.40,512.61,582.61,156.40,60.50,39.50,1.00,1.00,26467.13,24269.01,24269.01,26652.13,60,39,39,60,64385.00,64394.43,,
2026-08-06T20:55:09+08:00,btc-updown-5m-1786020900,https://polymarket.com/zh/event/btc-updown-5m-1786020900,20:55-21:00,66.00,35.00,64.00,34.00,134.34,540.07,25.00,54.17,65.00,34.50,2.00,1.00,24672.13,22592.34,22687.34,24782.14,64,34,34,65,64385.00,64395.64,,
2026-08-06T20:55:11+08:00,btc-updown-5m-1786020900,https://polymarket.com/zh/event/btc-updown-5m-1786020900,20:55-21:00,66.00,35.00,65.00,34.00,341.31,630.31,568.34,371.31,65.50,34.50,1.00,1.00,25562.13,23782.34,23772.34,25557.14,65,34,34,65,64385.00,64399.89,,
2026-08-06T20:55:13+08:00,btc-updown-5m-1786020900,https://polymarket.com/zh/event/btc-updown-5m-1786020900,20:55-21:00,65.00,36.00,64.00,35.00,948.22,65.00,65.00,927.00,64.50,35.50,1.00,1.00,25562.13,23664.34,23654.34,25652.13,64,35,35,64,64385.00,64398.84,,
2026-08-06T20:55:15+08:00,btc-updown-5m-1786020900,https://polymarket.com/zh/event/btc-updown-5m-1786020900,20:55-21:00,64.00,37.00,63.00,36.00,797.91,21.26,25.75,797.91,63.50,36.50,1.00,1.00,25785.46,23674.34,23654.34,25785.46,63,36,36,63,64385.00,64397.91,,
2026-08-06T20:55:17+08:00,btc-updown-5m-1786020900,https://polymarket.com/zh/event/btc-updown-5m-1786020900,20:55-21:00,66.00,35.00,65.00,34.00,84.77,848.88,907.48,247.93,65.50,34.50,1.00,1.00,25780.47,25239.34,25224.34,25680.46,65,34,34,65,64385.00,64397.91,,
2026-08-06T20:55:19+08:00,btc-updown-5m-1786020900,https://polymarket.com/zh/event/btc-updown-5m-1786020900,20:55-21:00,66.00,35.00,65.00,34.00,136.37,513.46,564.34,268.55,65.50,34.50,1.00,1.00,24990.46,24504.34,24504.34,25005.47,65,34,34,65,64385.00,64397.97,,
2026-08-06T20:55:21+08:00,btc-updown-5m-1786020900,https://polymarket.com/zh/event/btc-updown-5m-1786020900,20:55-21:00,64.00,38.00,63.00,37.00,335.47,102.41,50.00,743.58,63.50,37.50,1.00,1.00,23276.46,22999.34,22939.34,23466.47,63,36,37,62,64385.00,64397.96,,
2026-08-06T20:55:23+08:00,btc-updown-5m-1786020900,https://polymarket.com/zh/event/btc-updown-5m-1786020900,20:55-21:00,60.00,41.00,59.00,40.00,425.49,15.00,15.00,425.49,59.50,40.50,1.00,1.00,23636.46,21610.34,21600.34,23631.46,59,40,40,59,64385.00,64395.64,,
2026-08-06T20:55:25+08:00,btc-updown-5m-1786020900,https://polymarket.com/zh/event/btc-updown-5m-1786020900,20:55-21:00,65.00,36.00,64.00,35.00,193.60,273.12,273.12,189.95,64.50,35.50,1.00,1.00,23046.46,22700.34,22665.34,23141.46,64,35,35,64,64385.00,64395.65,,
2026-08-06T20:55:27+08:00,btc-updown-5m-1786020900,https://polymarket.com/zh/event/btc-updown-5m-1786020900,20:55-21:00,61.00,40.00,60.00,39.00,425.04,53.53,68.34,442.37,60.50,39.50,1.00,1.00,22791.46,20865.34,20870.34,22876.46,60,39,39,60,64385.00,64395.65,,
2026-08-06T20:55:29+08:00,btc-updown-5m-1786020900,https://polymarket.com/zh/event/btc-updown-5m-1786020900,20:55-21:00,57.00,44.00,56.00,43.00,1003.38,45.08,52.93,1029.22,56.50,43.50,1.00,1.00,22896.46,20875.34,20885.34,22886.46,56,43,43,56,64385.00,64394.04,,
2026-08-06T20:55:31+08:00,btc-updown-5m-1786020900,https://polymarket.com/zh/event/btc-updown-5m-1786020900,20:55-21:00,57.00,44.00,56.00,43.00,75.67,617.41,617.41,75.67,56.50,43.50,1.00,1.00,21616.46,20385.34,20160.34,21281.46,56,43,43,56,64385.00,64394.04,,
2026-08-06T20:55:33+08:00,btc-updown-5m-1786020900,https://polymarket.com/zh/event/btc-updown-5m-1786020900,20:55-21:00,56.00,45.00,55.00,44.00,513.25,22.07,22.07,514.04,55.50,44.50,1.00,1.00,21041.46,19900.34,19925.34,21036.46,55,44,44,55,64385.00,64392.44,,
2026-08-06T20:55:35+08:00,btc-updown-5m-1786020900,https://polymarket.com/zh/event/btc-updown-5m-1786020900,20:55-21:00,56.00,45.00,55.00,44.00,583.64,29.00,48.00,565.88,55.50,44.50,1.00,1.00,21056.46,19915.34,19915.34,21231.46,55,44,44,55,64385.00,64392.44,,
2026-08-06T20:55:37+08:00,btc-updown-5m-1786020900,https://polymarket.com/zh/event/btc-updown-5m-1786020900,20:55-21:00,55.00,46.00,54.00,45.00,73.00,445.27,405.27,73.00,54.50,45.50,1.00,1.00,21126.46,19880.34,19900.34,21126.46,54,45,45,54,64385.00,64392.44,,
2026-08-06T20:55:39+08:00,btc-updown-5m-1786020900,https://polymarket.com/zh/event/btc-updown-5m-1786020900,20:55-21:00,57.00,44.00,56.00,43.00,318.65,77.46,220.80,371.41,56.50,43.50,1.00,1.00,21041.46,19890.34,19875.34,21036.47,56,43,43,56,64385.00,64392.43,,
2026-08-06T20:55:41+08:00,btc-updown-5m-1786020900,https://polymarket.com/zh/event/btc-updown-5m-1786020900,20:55-21:00,56.00,45.00,55.00,44.00,671.36,214.43,214.43,688.09,55.50,44.50,1.00,1.00,21053.46,19890.34,19880.34,20943.46,55,44,44,55,64385.00,64392.43,,
2026-08-06T20:55:43+08:00,btc-updown-5m-1786020900,https://polymarket.com/zh/event/btc-updown-5m-1786020900,20:55-21:00,56.00,45.00,55.00,44.00,60.07,479.15,479.15,60.07,55.50,44.50,1.00,1.00,20948.47,19640.34,19625.34,21048.46,55,44,44,55,64385.00,64391.02,,
2026-08-06T20:55:45+08:00,btc-updown-5m-1786020900,https://polymarket.com/zh/event/btc-updown-5m-1786020900,20:55-21:00,57.00,44.00,56.00,43.00,78.96,1631.31,1631.31,78.96,56.50,43.50,1.00,1.00,20973.47,19675.34,19655.34,20968.46,56,43,43,56,64385.00,64391.02,,
2026-08-06T20:55:47+08:00,btc-updown-5m-1786020900,https://polymarket.com/zh/event/btc-updown-5m-1786020900,20:55-21:00,57.00,44.00,56.00,43.00,98.96,1654.09,1659.09,74.96,56.50,43.50,1.00,1.00,20830.13,19670.34,19675.34,20955.13,56,43,43,56,64385.00,64391.01,,
2026-08-06T20:55:49+08:00,btc-updown-5m-1786020900,https://polymarket.com/zh/event/btc-updown-5m-1786020900,20:55-21:00,52.00,49.00,51.00,48.00,653.88,6.97,285.58,875.02,51.50,48.50,1.00,1.00,20005.13,20705.34,20980.34,19930.13,51,48,48,51,64385.00,64387.21,,
2026-08-06T20:55:51+08:00,btc-updown-5m-1786020900,https://polymarket.com/zh/event/btc-updown-5m-1786020900,20:55-21:00,50.00,51.00,49.00,50.00,1276.40,43.24,43.24,1260.58,49.50,50.50,1.00,1.00,20455.13,20990.34,20970.34,20450.13,49,50,50,49,64385.00,64387.22,,
2026-08-06T20:55:53+08:00,btc-updown-5m-1786020900,https://polymarket.com/zh/event/btc-updown-5m-1786020900,20:55-21:00,50.00,52.00,49.00,51.00,782.30,153.41,4.00,584.71,49.50,51.50,1.00,1.00,20200.13,19945.34,20045.34,20200.13,49,50,51,48,64385.00,64387.22,,
2026-08-06T20:55:55+08:00,btc-updown-5m-1786020900,https://polymarket.com/zh/event/btc-updown-5m-1786020900,20:55-21:00,48.00,53.00,47.00,52.00,1316.84,15.06,35.06,1316.84,47.50,52.50,1.00,1.00,20258.13,20075.34,20045.34,20353.13,47,52,52,47,64385.00,64387.22,,
2026-08-06T20:55:58+08:00,btc-updown-5m-1786020900,https://polymarket.com/zh/event/btc-updown-5m-1786020900,20:55-21:00,45.00,59.00,41.00,58.00,60.47,62.19,77.79,389.07,43.00,58.50,4.00,1.00,21270.13,19525.34,19855.34,21640.13,41,55,58,41,64385.00,64387.21,,
2026-08-06T20:56:00+08:00,btc-updown-5m-1786020900,https://polymarket.com/zh/event/btc-updown-5m-1786020900,20:55-21:00,42.00,59.00,41.00,58.00,840.83,5.00,5.00,821.23,41.50,58.50,1.00,1.00,20891.13,20400.35,25190.34,25576.13,41,58,58,41,64385.00,64387.21,,
2026-08-06T20:56:02+08:00,btc-updown-5m-1786020900,https://polymarket.com/zh/event/btc-updown-5m-1786020900,20:55-21:00,37.00,64.00,36.00,63.00,1255.53,35.46,35.46,1087.87,36.50,63.50,1.00,1.00,25909.13,24880.35,24975.34,25649.13,36,63,63,36,64385.00,64383.55,,
2026-08-06T20:56:04+08:00,btc-updown-5m-1786020900,https://polymarket.com/zh/event/btc-updown-5m-1786020900,20:55-21:00,34.00,67.00,33.00,66.00,427.47,103.80,184.51,557.90,33.50,66.50,1.00,1.00,25603.46,25182.01,25082.01,25588.46,33,66,66,33,64385.00,64382.30,,
2026-08-06T20:56:06+08:00,btc-updown-5m-1786020900,https://polymarket.com/zh/event/btc-updown-5m-1786020900,20:55-21:00,37.00,64.00,36.00,63.00,614.32,242.13,242.13,614.32,36.50,63.50,1.00,1.00,25248.46,25061.34,24807.34,25085.46,36,63,63,36,64385.00,64382.30,,
2026-08-06T20:56:08+08:00,btc-updown-5m-1786020900,https://polymarket.com/zh/event/btc-updown-5m-1786020900,20:55-21:00,37.00,64.00,36.00,63.00,612.60,157.00,157.00,633.38,36.50,63.50,1.00,1.00,25280.46,24742.34,24854.34,25275.46,36,63,63,36,64385.00,64382.30,,
2026-08-06T20:56:10+08:00,btc-updown-5m-1786020900,https://polymarket.com/zh/event/btc-updown-5m-1786020900,20:55-21:00,37.00,64.00,36.00,63.00,325.57,156.14,118.49,226.31,36.50,63.50,1.00,1.00,25046.46,24597.35,24714.34,25051.46,36,63,63,36,64385.00,64388.19,,
2026-08-06T20:56:12+08:00,btc-updown-5m-1786020900,https://polymarket.com/zh/event/btc-updown-5m-1786020900,20:55-21:00,34.00,67.00,33.00,66.00,136.90,117.28,192.78,259.36,33.50,66.50,1.00,1.00,25006.46,24617.35,24410.34,25009.46,33,66,66,33,64385.00,64382.31,,
2026-08-06T20:56:14+08:00,btc-updown-5m-1786020900,https://polymarket.com/zh/event/btc-updown-5m-1786020900,20:55-21:00,34.00,67.00,33.00,66.00,39.38,510.43,492.37,29.38,33.50,66.50,1.00,1.00,24894.46,24407.34,24432.34,24899.46,33,66,66,33,64385.00,64382.31,,
2026-08-06T20:56:16+08:00,btc-updown-5m-1786020900,https://polymarket.com/zh/event/btc-updown-5m-1786020900,20:55-21:00,33.00,68.00,32.00,67.00,765.80,30.78,30.78,762.70,32.50,67.50,1.00,1.00,24804.46,24506.35,24538.34,24809.46,32,67,67,32,64385.00,64382.30,,
2026-08-06T20:56:18+08:00,btc-updown-5m-1786020900,https://polymarket.com/zh/event/btc-updown-5m-1786020900,20:55-21:00,32.00,69.00,31.00,68.00,751.05,23.69,93.69,773.87,31.50,68.50,1.00,1.00,24736.46,23643.34,23564.34,24956.46,31,68,68,31,64385.00,64379.43,,
2026-08-06T20:56:20+08:00,btc-updown-5m-1786020900,https://polymarket.com/zh/event/btc-updown-5m-1786020900,20:55-21:00,29.00,72.00,28.00,71.00,653.60,59.71,29.71,462.38,28.50,71.50,1.00,1.00,24656.46,23643.35,23675.34,24646.46,28,71,71,28,64385.00,64378.63,,
2026-08-06T20:56:22+08:00,btc-updown-5m-1786020900,https://polymarket.com/zh/event/btc-updown-5m-1786020900,20:55-21:00,29.00,71.00,28.00,70.00,19.27,644.10,355.11,97.92,28.50,70.50,1.00,1.00,24656.46,23658.34,23558.34,24646.46,28,71,70,29,64385.00,64378.63,,
2026-08-06T20:56:24+08:00,btc-updown-5m-1786020900,https://polymarket.com/zh/event/btc-updown-5m-1786020900,20:55-21:00,27.00,74.00,26.00,73.00,178.13,192.93,149.93,186.13,26.50,73.50,1.00,1.00,25251.45,23307.35,23212.34,25241.45,26,73,73,26,64385.00,64377.00,,
2026-08-06T20:56:26+08:00,btc-updown-5m-1786020900,https://polymarket.com/zh/event/btc-updown-5m-1786020900,20:55-21:00,22.00,80.00,21.00,79.00,530.71,268.84,77.98,448.55,21.50,79.50,1.00,1.00,24561.45,22921.34,22731.34,24491.45,21,78,79,20,64385.00,64375.80,,
2026-08-06T20:56:28+08:00,btc-updown-5m-1786020900,https://polymarket.com/zh/event/btc-updown-5m-1786020900,20:55-21:00,21.00,80.00,20.00,79.00,482.67,44.72,53.00,510.21,20.50,79.50,1.00,1.00,24476.45,22621.35,22606.34,24486.45,20,79,79,20,64385.00,64374.68,,
2026-08-06T20:56:30+08:00,btc-updown-5m-1786020900,https://polymarket.com/zh/event/btc-updown-5m-1786020900,20:55-21:00,5.00,96.00,4.00,95.00,755.44,240.58,265.50,904.42,4.50,95.50,1.00,1.00,13021.36,21629.35,21723.34,7944.57,4,95,95,4,64385.00,64334.00,,
2026-08-06T20:56:32+08:00,btc-updown-5m-1786020900,https://polymarket.com/zh/event/btc-updown-5m-1786020900,20:55-21:00,9.00,93.00,8.00,92.00,473.60,14.29,122.96,20.47,8.50,92.50,1.00,1.00,10692.16,20612.35,20701.34,12028.15,8,91,92,7,64385.00,64336.76,,
2026-08-06T20:56:34+08:00,btc-updown-5m-1786020900,https://polymarket.com/zh/event/btc-updown-5m-1786020900,20:55-21:00,6.00,95.00,5.00,94.00,229.00,360.81,477.58,185.22,5.50,94.50,1.00,1.00,9150.87,20815.34,20810.34,9065.35,5,94,94,5,64385.00,64334.92,,
2026-08-06T20:56:36+08:00,btc-updown-5m-1786020900,https://polymarket.com/zh/event/btc-updown-5m-1786020900,20:55-21:00,13.00,88.00,12.00,87.00,295.61,575.79,481.61,230.61,12.50,87.50,1.00,1.00,7618.67,20725.35,20695.34,7510.64,12,87,87,12,64385.00,64350.55,,
2026-08-06T20:56:38+08:00,btc-updown-5m-1786020900,https://polymarket.com/zh/event/btc-updown-5m-1786020900,20:55-21:00,12.00,90.00,11.00,89.00,609.22,108.21,5.00,433.90,11.50,89.50,1.00,1.00,8018.14,20720.35,20694.34,7978.27,11,88,89,10,64385.00,64350.54,,
2026-08-06T20:56:40+08:00,btc-updown-5m-1786020900,https://polymarket.com/zh/event/btc-updown-5m-1786020900,20:55-21:00,14.00,87.00,13.00,86.00,431.20,18.76,77.09,477.20,13.50,86.50,1.00,1.00,7426.16,20470.35,20465.34,7545.16,13,86,86,13,64385.00,64344.89,,
2026-08-06T20:56:42+08:00,btc-updown-5m-1786020900,https://polymarket.com/zh/event/btc-updown-5m-1786020900,20:55-21:00,12.00,89.00,11.00,88.00,468.39,286.74,353.38,477.31,11.50,88.50,1.00,1.00,8478.28,20475.35,20545.34,8488.28,11,88,88,11,64385.00,64349.99,,
2026-08-06T20:56:44+08:00,btc-updown-5m-1786020900,https://polymarket.com/zh/event/btc-updown-5m-1786020900,20:55-21:00,12.00,89.00,11.00,88.00,258.74,498.02,498.02,258.74,11.50,88.50,1.00,1.00,8694.77,20636.34,20719.34,8744.76,11,88,88,11,64385.00,64346.78,,
2026-08-06T20:56:46+08:00,btc-updown-5m-1786020900,https://polymarket.com/zh/event/btc-updown-5m-1786020900,20:55-21:00,12.00,89.00,11.00,88.00,300.74,672.49,377.19,99.70,11.50,88.50,1.00,1.00,8743.43,20645.35,20715.34,8871.35,11,88,88,11,64385.00,64346.33,,
2026-08-06T20:56:48+08:00,btc-updown-5m-1786020900,https://polymarket.com/zh/event/btc-updown-5m-1786020900,20:55-21:00,10.00,91.00,9.00,90.00,240.68,416.69,216.97,47.32,9.50,90.50,1.00,1.00,7877.20,20726.34,20615.34,7887.20,9,90,90,9,64385.00,64350.63,,
2026-08-06T20:56:50+08:00,btc-updown-5m-1786020900,https://polymarket.com/zh/event/btc-updown-5m-1786020900,20:55-21:00,13.00,88.00,12.00,87.00,82.00,710.08,615.08,77.00,12.50,87.50,1.00,1.00,7887.20,20884.34,20876.34,7897.20,12,87,87,12,64385.00,64352.99,,
2026-08-06T20:56:52+08:00,btc-updown-5m-1786020900,https://polymarket.com/zh/event/btc-updown-5m-1786020900,20:55-21:00,15.00,86.00,14.00,85.00,330.52,246.02,246.02,342.86,14.50,85.50,1.00,1.00,8189.19,20984.34,20975.34,8190.19,14,85,85,14,64385.00,64358.30,,
2026-08-06T20:56:54+08:00,btc-updown-5m-1786020900,https://polymarket.com/zh/event/btc-updown-5m-1786020900,20:55-21:00,15.00,86.00,14.00,85.00,674.65,377.54,49.15,299.19,14.50,85.50,1.00,1.00,8306.92,20964.34,21023.34,8071.19,14,85,85,14,64385.00,64358.07,,
2026-08-06T20:56:56+08:00,btc-updown-5m-1786020900,https://polymarket.com/zh/event/btc-updown-5m-1786020900,20:55-21:00,21.00,80.00,20.00,79.00,413.31,133.27,101.66,379.82,20.50,79.50,1.00,1.00,11152.33,23849.33,23800.34,11111.33,20,79,79,20,64385.00,64368.21,,
2026-08-06T20:56:58+08:00,btc-updown-5m-1786020900,https://polymarket.com/zh/event/btc-updown-5m-1786020900,20:55-21:00,19.00,82.00,18.00,81.00,155.40,66.25,186.37,258.36,18.50,81.50,1.00,1.00,10665.32,21522.34,21638.34,10655.32,18,81,81,18,64385.00,64367.43,,
2026-08-06T20:57:00+08:00,btc-updown-5m-1786020900,https://polymarket.com/zh/event/btc-updown-5m-1786020900,20:55-21:00,19.00,82.00,18.00,81.00,10.41,555.38,580.27,5.41,18.50,81.50,1.00,1.00,10740.32,21759.35,21636.34,10735.32,18,81,81,18,64385.00,64362.58,,
2026-08-06T20:57:02+08:00,btc-updown-5m-1786020900,https://polymarket.com/zh/event/btc-updown-5m-1786020900,20:55-21:00,12.00,89.00,11.00,88.00,124.00,595.57,561.43,138.00,11.50,88.50,1.00,1.00,8340.02,20725.76,20739.76,8420.02,11,88,88,11,64385.00,64355.00,,
2026-08-06T20:57:04+08:00,btc-updown-5m-1786020900,https://polymarket.com/zh/event/btc-updown-5m-1786020900,20:55-21:00,11.00,90.00,10.00,89.00,379.69,155.85,160.85,162.69,10.50,89.50,1.00,1.00,8285.02,20730.76,20834.76,8185.02,10,89,89,10,64385.00,64355.01,,
2026-08-06T20:57:06+08:00,btc-updown-5m-1786020900,https://polymarket.com/zh/event/btc-updown-5m-1786020900,20:55-21:00,8.00,93.00,7.00,92.00,39.00,457.54,498.45,67.75,7.50,92.50,1.00,1.00,8842.53,20389.76,20284.76,8837.53,7,92,92,7,64385.00,64349.20,,
2026-08-06T20:57:08+08:00,btc-updown-5m-1786020900,https://polymarket.com/zh/event/btc-updown-5m-1786020900,20:55-21:00,7.00,94.00,6.00,93.00,879.21,104.48,114.50,722.79,6.50,93.50,1.00,1.00,9328.12,20275.76,20279.76,9258.12,6,93,93,6,64385.00,64341.64,,
2026-08-06T20:57:10+08:00,btc-updown-5m-1786020900,https://polymarket.com/zh/event/btc-updown-5m-1786020900,20:55-21:00,6.00,95.00,5.00,94.00,459.06,283.36,274.42,385.17,5.50,94.50,1.00,1.00,8099.70,20274.77,20396.76,8113.64,5,94,94,5,64385.00,64339.36,,
