ts_iso,slug,market_url,window_text,buy_up_cents,buy_down_cents,sell_up_cents,sell_down_cents,buy_up_size,buy_down_size,sell_up_size,sell_down_size,mid_up_cents,mid_down_cents,spread_up_cents,spread_down_cents,bid_depth_up_5,ask_depth_up_5,bid_depth_down_5,ask_depth_down_5,level_count_bid_up,level_count_ask_up,level_count_bid_down,level_count_ask_down,target_price,final_price,trade_count_1s,trade_volume_1s
2026-06-15T03:10:26+08:00,btc-updown-5m-1781464200,https://polymarket.com/zh/event/btc-updown-5m-1781464200,03:10-03:15,60.00,41.00,59.00,40.00,330.30,129.49,116.85,330.84,59.50,40.50,1.00,1.00,99693.43,98277.31,98280.51,98462.74,59,40,40,59,,63736.84,,
2026-06-15T03:10:28+08:00,btc-updown-5m-1781464200,https://polymarket.com/zh/event/btc-updown-5m-1781464200,03:10-03:15,60.00,41.00,59.00,40.00,445.67,85.27,105.29,529.85,59.50,40.50,1.00,1.00,98944.33,97920.61,97900.61,98761.73,59,40,40,59,,63736.84,,
2026-06-15T03:10:30+08:00,btc-updown-5m-1781464200,https://polymarket.com/zh/event/btc-updown-5m-1781464200,03:10-03:15,60.00,41.00,59.00,40.00,673.06,61.47,61.47,717.92,59.50,40.50,1.00,1.00,98876.74,99870.31,99870.31,98776.73,59,40,40,59,,63736.84,,
2026-06-15T03:10:32+08:00,btc-updown-5m-1781464200,https://polymarket.com/zh/event/btc-updown-5m-1781464200,03:10-03:15,59.00,42.00,58.00,41.00,170.92,595.95,506.93,205.13,58.50,41.50,1.00,1.00,86722.04,87821.31,87821.31,86727.03,58,41,41,58,,63736.85,,
2026-06-15T03:10:34+08:00,btc-updown-5m-1781464200,https://polymarket.com/zh/event/btc-updown-5m-1781464200,03:10-03:15,60.00,41.00,59.00,40.00,517.47,93.02,67.02,445.83,59.50,40.50,1.00,1.00,86717.03,88025.61,88031.31,86727.73,59,40,40,59,,63736.84,,
2026-06-15T03:10:36+08:00,btc-updown-5m-1781464200,https://polymarket.com/zh/event/btc-updown-5m-1781464200,03:10-03:15,60.00,41.00,59.00,40.00,781.08,131.91,131.91,739.07,59.50,40.50,1.00,1.00,86717.04,88010.61,88011.31,86717.73,59,40,40,59,,63736.85,,
2026-06-15T03:10:38+08:00,btc-updown-5m-1781464200,https://polymarket.com/zh/event/btc-updown-5m-1781464200,03:10-03:15,57.00,44.00,56.00,43.00,703.52,894.15,888.15,688.52,56.50,43.50,1.00,1.00,87817.04,88005.61,88005.61,86717.73,56,43,43,56,,63736.84,,
2026-06-15T03:10:40+08:00,btc-updown-5m-1781464200,https://polymarket.com/zh/event/btc-updown-5m-1781464200,03:10-03:15,57.00,44.00,56.00,43.00,628.06,548.28,507.22,619.28,56.50,43.50,1.00,1.00,86832.75,88021.31,88026.31,86722.74,56,43,43,56,,63736.85,,
2026-06-15T03:10:42+08:00,btc-updown-5m-1781464200,https://polymarket.com/zh/event/btc-updown-5m-1781464200,03:10-03:15,57.00,44.00,56.00,43.00,58.34,990.34,890.89,58.34,56.50,43.50,1.00,1.00,67997.73,68511.31,68506.31,67797.74,56,43,43,56,,63736.85,,
2026-06-15T03:10:44+08:00,btc-updown-5m-1781464200,https://polymarket.com/zh/event/btc-updown-5m-1781464200,03:10-03:15,58.00,43.00,57.00,42.00,765.04,10.32,10.32,856.54,57.50,42.50,1.00,1.00,67887.03,68505.61,68500.61,66787.03,57,42,42,57,,63736.85,,
2026-06-15T03:10:46+08:00,btc-updown-5m-1781464200,https://polymarket.com/zh/event/btc-updown-5m-1781464200,03:10-03:15,58.00,43.00,57.00,42.00,112.43,853.87,864.00,126.43,57.50,42.50,1.00,1.00,67407.73,68526.31,68521.31,67207.73,57,42,42,57,,63736.84,,
2026-06-15T03:10:48+08:00,btc-updown-5m-1781464200,https://polymarket.com/zh/event/btc-updown-5m-1781464200,03:10-03:15,59.00,42.00,58.00,41.00,105.63,688.83,769.86,103.78,58.50,41.50,1.00,1.00,68007.73,68561.31,68561.31,67602.73,58,41,41,58,,63736.85,,
2026-06-15T03:10:50+08:00,btc-updown-5m-1781464200,https://polymarket.com/zh/event/btc-updown-5m-1781464200,03:10-03:15,60.00,41.00,59.00,40.00,240.16,245.42,208.16,349.16,59.50,40.50,1.00,1.00,66982.03,68561.31,68536.31,66697.04,59,40,40,59,,63736.85,,
2026-06-15T03:10:52+08:00,btc-updown-5m-1781464200,https://polymarket.com/zh/event/btc-updown-5m-1781464200,03:10-03:15,59.00,42.00,58.00,41.00,125.00,612.11,581.11,80.00,58.50,41.50,1.00,1.00,25782.03,26525.61,26520.61,25682.03,58,41,41,58,,63736.85,,
2026-06-15T03:10:54+08:00,btc-updown-5m-1781464200,https://polymarket.com/zh/event/btc-updown-5m-1781464200,03:10-03:15,59.00,42.00,58.00,41.00,108.00,666.86,594.36,58.00,58.50,41.50,1.00,1.00,25687.03,26630.61,26630.61,25097.04,58,41,41,58,,63736.85,,
2026-06-15T03:10:56+08:00,btc-updown-5m-1781464200,https://polymarket.com/zh/event/btc-updown-5m-1781464200,03:10-03:15,69.00,32.00,68.00,31.00,173.61,263.56,219.56,170.61,68.50,31.50,1.00,1.00,25612.04,27201.61,27201.61,25222.05,68,31,31,68,,63746.18,,
2026-06-15T03:10:58+08:00,btc-updown-5m-1781464200,https://polymarket.com/zh/event/btc-updown-5m-1781464200,03:10-03:15,68.00,33.00,67.00,32.00,749.68,76.70,69.24,656.18,67.50,32.50,1.00,1.00,25102.73,27260.61,27255.61,25212.73,67,32,32,67,,63749.52,,
2026-06-15T03:11:00+08:00,btc-updown-5m-1781464200,https://polymarket.com/zh/event/btc-updown-5m-1781464200,03:10-03:15,68.00,33.00,67.00,32.00,638.98,54.24,46.78,719.98,67.50,32.50,1.00,1.00,25042.73,26600.61,33195.61,32452.73,67,32,32,67,,63746.01,,
2026-06-15T03:11:02+08:00,btc-updown-5m-1781464200,https://polymarket.com/zh/event/btc-updown-5m-1781464200,03:10-03:15,67.00,34.00,66.00,33.00,41.71,717.68,823.89,34.24,66.50,33.50,1.00,1.00,32609.73,33177.61,33172.61,31914.73,66,33,33,66,,63745.78,,
2026-06-15T03:11:04+08:00,btc-updown-5m-1781464200,https://polymarket.com/zh/event/btc-updown-5m-1781464200,03:10-03:15,70.00,31.00,69.00,30.00,474.99,364.98,331.13,300.84,69.50,30.50,1.00,1.00,32019.73,33177.61,33172.61,32314.73,69,30,30,69,,63745.78,,
2026-06-15T03:11:06+08:00,btc-updown-5m-1781464200,https://polymarket.com/zh/event/btc-updown-5m-1781464200,03:10-03:15,71.00,25.00,70.00,23.00,68.50,13.67,26.43,5.00,70.50,24.00,1.00,2.00,33205.04,32688.87,31937.87,31889.04,70,29,23,71,,63751.24,,
2026-06-15T03:11:08+08:00,btc-updown-5m-1781464200,https://polymarket.com/zh/event/btc-updown-5m-1781464200,03:10-03:15,79.00,24.00,78.00,23.00,829.02,175.17,36.40,120.02,78.50,23.50,1.00,1.00,30044.73,31173.87,31168.87,29944.74,78,21,23,76,,63756.17,,
2026-06-15T03:11:10+08:00,btc-updown-5m-1781464200,https://polymarket.com/zh/event/btc-updown-5m-1781464200,03:10-03:15,76.00,25.00,75.00,24.00,500.70,32.67,29.67,525.43,75.50,24.50,1.00,1.00,30339.73,31148.87,31148.87,30429.73,75,24,24,75,,63756.18,,
2026-06-15T03:11:12+08:00,btc-updown-5m-1781464200,https://polymarket.com/zh/event/btc-updown-5m-1781464200,03:10-03:15,75.00,26.00,74.00,25.00,465.00,486.31,504.29,465.00,74.50,25.50,1.00,1.00,29914.03,30628.87,30527.87,30319.03,74,25,25,74,,63757.50,,
2026-06-15T03:11:14+08:00,btc-updown-5m-1781464200,https://polymarket.com/zh/event/btc-updown-5m-1781464200,03:10-03:15,78.00,24.00,75.00,23.00,103.03,299.57,280.82,8.00,76.50,23.50,3.00,1.00,30440.74,30582.87,30592.87,29859.74,75,22,23,76,,63759.38,,
2026-06-15T03:11:16+08:00,btc-updown-5m-1781464200,https://polymarket.com/zh/event/btc-updown-5m-1781464200,03:10-03:15,78.00,23.00,77.00,22.00,388.62,25.58,418.51,814.05,77.50,22.50,1.00,1.00,30659.73,30751.20,30751.20,30354.03,77,22,22,77,,63759.37,,
2026-06-15T03:11:18+08:00,btc-updown-5m-1781464200,https://polymarket.com/zh/event/btc-updown-5m-1781464200,03:10-03:15,79.00,22.00,78.00,21.00,655.46,24.57,28.55,700.89,78.50,21.50,1.00,1.00,30349.03,30819.98,30804.98,29834.03,78,21,21,78,,63759.37,,
2026-06-15T03:11:20+08:00,btc-updown-5m-1781464200,https://polymarket.com/zh/event/btc-updown-5m-1781464200,03:10-03:15,78.00,23.00,77.00,22.00,22.40,1318.45,937.55,12.16,77.50,22.50,1.00,1.00,30354.73,30769.98,30769.98,29749.03,77,22,22,77,,63759.37,,
2026-06-15T03:11:22+08:00,btc-updown-5m-1781464200,https://polymarket.com/zh/event/btc-updown-5m-1781464200,03:10-03:15,80.00,21.00,79.00,20.00,46.41,454.12,396.87,62.41,79.50,20.50,1.00,1.00,29839.73,28754.98,28754.98,29839.73,79,20,20,79,,63761.09,,
2026-06-15T03:11:24+08:00,btc-updown-5m-1781464200,https://polymarket.com/zh/event/btc-updown-5m-1781464200,03:10-03:15,78.00,23.00,77.00,22.00,598.01,66.49,75.49,1090.47,77.50,22.50,1.00,1.00,30259.73,28743.32,28738.32,30329.73,77,22,22,77,,63761.08,,
2026-06-15T03:11:26+08:00,btc-updown-5m-1781464200,https://polymarket.com/zh/event/btc-updown-5m-1781464200,03:10-03:15,77.00,24.00,76.00,23.00,464.12,415.73,415.73,484.44,76.50,23.50,1.00,1.00,30659.73,28846.89,28846.89,30444.73,76,23,23,76,,63757.49,,
2026-06-15T03:11:28+08:00,btc-updown-5m-1781464200,https://polymarket.com/zh/event/btc-updown-5m-1781464200,03:10-03:15,77.00,24.00,76.00,23.00,75.17,732.88,690.70,69.10,76.50,23.50,1.00,1.00,31044.03,28296.89,28296.89,29339.03,76,23,23,76,,63757.50,,
2026-06-15T03:11:30+08:00,btc-updown-5m-1781464200,https://polymarket.com/zh/event/btc-updown-5m-1781464200,03:10-03:15,80.00,21.00,79.00,20.00,544.00,779.94,167.50,535.66,79.50,20.50,1.00,1.00,30029.03,28281.89,28291.89,29939.03,79,20,20,79,,63757.50,,
2026-06-15T03:11:32+08:00,btc-updown-5m-1781464200,https://polymarket.com/zh/event/btc-updown-5m-1781464200,03:10-03:15,80.00,21.00,79.00,20.00,390.07,707.55,736.82,395.07,79.50,20.50,1.00,1.00,29413.73,27615.89,27165.89,29828.74,79,20,20,79,,63758.99,,
2026-06-15T03:11:34+08:00,btc-updown-5m-1781464200,https://polymarket.com/zh/event/btc-updown-5m-1781464200,03:10-03:15,80.00,21.00,79.00,20.00,670.59,83.64,181.39,653.80,79.50,20.50,1.00,1.00,30408.73,26987.32,26987.32,29713.73,79,20,20,79,,63758.99,,
2026-06-15T03:11:36+08:00,btc-updown-5m-1781464200,https://polymarket.com/zh/event/btc-updown-5m-1781464200,03:10-03:15,80.00,21.00,79.00,20.00,44.81,764.10,819.41,29.68,79.50,20.50,1.00,1.00,29923.03,27002.32,27002.32,28628.04,79,20,20,79,,63759.00,,
2026-06-15T03:11:38+08:00,btc-updown-5m-1781464200,https://polymarket.com/zh/event/btc-updown-5m-1781464200,03:10-03:15,81.00,20.00,80.00,19.00,405.56,425.09,440.09,400.56,80.50,19.50,1.00,1.00,29828.73,27007.32,26992.32,29413.73,80,19,19,80,,63759.00,,
2026-06-15T03:11:39+08:00,btc-updown-5m-1781464200,https://polymarket.com/zh/event/btc-updown-5m-1781464200,03:10-03:15,81.00,20.00,80.00,19.00,368.39,531.09,541.09,368.39,80.50,19.50,1.00,1.00,30323.73,27007.32,27007.32,29333.74,80,19,19,80,,63759.00,,
2026-06-15T03:11:41+08:00,btc-updown-5m-1781464200,https://polymarket.com/zh/event/btc-updown-5m-1781464200,03:10-03:15,82.00,19.00,81.00,18.00,113.23,821.03,689.03,53.73,81.50,18.50,1.00,1.00,29818.74,26997.32,27022.32,30308.73,81,18,18,81,,63758.99,,
2026-06-15T03:11:43+08:00,btc-updown-5m-1781464200,https://polymarket.com/zh/event/btc-updown-5m-1781464200,03:10-03:15,84.00,17.00,82.00,16.00,93.00,888.66,1007.17,57.22,83.00,16.50,2.00,1.00,29408.03,22127.71,22127.71,29918.73,82,16,16,83,,63759.00,,
2026-06-15T03:11:45+08:00,btc-updown-5m-1781464200,https://polymarket.com/zh/event/btc-updown-5m-1781464200,03:10-03:15,85.00,16.00,84.00,15.00,108.00,668.97,593.85,126.82,84.50,15.50,1.00,1.00,29323.74,22138.04,22138.04,29413.74,84,15,15,84,,63763.33,,
2026-06-15T03:11:47+08:00,btc-updown-5m-1781464200,https://polymarket.com/zh/event/btc-updown-5m-1781464200,03:10-03:15,86.00,15.00,85.00,14.00,474.52,549.20,564.46,474.52,85.50,14.50,1.00,1.00,29308.73,23523.79,23523.79,29513.73,85,14,14,85,,63763.34,,
2026-06-15T03:11:49+08:00,btc-updown-5m-1781464200,https://polymarket.com/zh/event/btc-updown-5m-1781464200,03:10-03:15,87.00,14.00,86.00,13.00,631.50,408.83,235.57,272.93,86.50,13.50,1.00,1.00,29804.73,23200.86,23230.86,30199.73,86,13,13,86,,63764.15,,
2026-06-15T03:11:51+08:00,btc-updown-5m-1781464200,https://polymarket.com/zh/event/btc-updown-5m-1781464200,03:10-03:15,87.00,14.00,86.00,13.00,7.43,744.13,772.28,12.43,86.50,13.50,1.00,1.00,29694.73,23310.05,23315.05,29694.73,86,13,13,86,,63765.99,,
2026-06-15T03:11:53+08:00,btc-updown-5m-1781464200,https://polymarket.com/zh/event/btc-updown-5m-1781464200,03:10-03:15,88.00,13.00,87.00,12.00,987.71,270.14,265.14,907.88,87.50,12.50,1.00,1.00,29694.73,23275.05,23290.05,30189.73,87,12,12,87,,63765.99,,
2026-06-15T03:11:55+08:00,btc-updown-5m-1781464200,https://polymarket.com/zh/event/btc-updown-5m-1781464200,03:10-03:15,88.00,13.00,87.00,12.00,700.52,107.40,77.48,730.52,87.50,12.50,1.00,1.00,29289.74,23565.05,23125.05,29884.73,87,12,12,87,,63765.99,,
2026-06-15T03:11:57+08:00,btc-updown-5m-1781464200,https://polymarket.com/zh/event/btc-updown-5m-1781464200,03:10-03:15,89.00,12.00,88.00,10.00,7.00,9.15,9.15,28.74,88.50,11.00,1.00,2.00,28642.74,22373.36,22383.36,29137.74,88,11,10,88,,63771.15,,
2026-06-15T03:11:59+08:00,btc-updown-5m-1781464200,https://polymarket.com/zh/event/btc-updown-5m-1781464200,03:10-03:15,91.00,10.00,90.00,9.00,100.30,750.12,782.12,95.30,90.50,9.50,1.00,1.00,30092.73,22423.36,22413.36,30197.73,90,9,9,90,,63771.15,,
2026-06-15T03:12:01+08:00,btc-updown-5m-1781464200,https://polymarket.com/zh/event/btc-updown-5m-1781464200,03:10-03:15,91.00,10.00,90.00,9.00,20.10,788.55,737.55,20.10,90.50,9.50,1.00,1.00,28597.74,23133.36,23972.36,29326.73,90,9,9,90,,63771.16,,
2026-06-15T03:12:03+08:00,btc-updown-5m-1781464200,https://polymarket.com/zh/event/btc-updown-5m-1781464200,03:10-03:15,93.00,8.00,92.00,7.00,38.93,1043.76,1009.33,7.62,92.50,7.50,1.00,1.00,26321.73,22056.43,22099.43,25311.73,92,7,7,92,,63779.00,,
2026-06-15T03:12:05+08:00,btc-updown-5m-1781464200,https://polymarket.com/zh/event/btc-updown-5m-1781464200,03:10-03:15,94.00,7.00,93.00,6.00,402.50,307.95,407.95,391.37,93.50,6.50,1.00,1.00,25321.73,20934.84,20944.84,25811.73,93,6,6,93,,63782.50,,
2026-06-15T03:12:07+08:00,btc-updown-5m-1781464200,https://polymarket.com/zh/event/btc-updown-5m-1781464200,03:10-03:15,94.00,7.00,93.00,6.00,26.92,933.76,978.76,24.92,93.50,6.50,1.00,1.00,25701.73,22157.57,22162.57,25891.74,93,6,6,93,,63782.49,,
2026-06-15T03:12:09+08:00,btc-updown-5m-1781464200,https://polymarket.com/zh/event/btc-updown-5m-1781464200,03:10-03:15,95.00,6.00,94.00,5.00,1471.34,395.21,389.21,1468.82,94.50,5.50,1.00,1.00,25706.04,22492.53,22490.01,25291.03,94,5,5,94,,63782.49,,
2026-06-15T03:12:10+08:00,btc-updown-5m-1781464200,https://polymarket.com/zh/event/btc-updown-5m-1781464200,03:10-03:15,95.00,6.00,94.00,5.00,1309.75,483.71,455.71,1296.59,94.50,5.50,1.00,1.00,25271.03,22286.53,21420.87,25765.03,94,5,5,94,,63782.49,,
2026-06-15T03:12:12+08:00,btc-updown-5m-1781464200,https://polymarket.com/zh/event/btc-updown-5m-1781464200,03:10-03:15,95.00,6.00,94.00,5.00,658.64,577.93,579.21,521.64,94.50,5.50,1.00,1.00,25755.73,20875.70,20808.70,25260.04,94,5,5,94,,63782.49,,
2026-06-15T03:12:14+08:00,btc-updown-5m-1781464200,https://polymarket.com/zh/event/btc-updown-5m-1781464200,03:10-03:15,95.00,6.00,94.00,5.00,208.52,796.28,830.28,206.52,94.50,5.50,1.00,1.00,25755.73,19801.99,19799.99,25260.74,94,5,5,94,,63782.50,,
2026-06-15T03:12:16+08:00,btc-updown-5m-1781464200,https://polymarket.com/zh/event/btc-updown-5m-1781464200,03:10-03:15,95.00,6.00,94.00,5.00,10.00,829.19,905.19,8.00,94.50,5.50,1.00,1.00,25100.73,20467.49,20395.49,25705.74,94,5,5,94,,63782.49,,
2026-06-15T03:12:18+08:00,btc-updown-5m-1781464200,https://polymarket.com/zh/event/btc-updown-5m-1781464200,03:10-03:15,96.00,5.00,95.00,4.00,768.75,534.64,564.64,866.95,95.50,4.50,1.00,1.00,25695.74,19741.90,19845.10,25200.73,95,4,4,95,,63785.46,,
2026-06-15T03:12:20+08:00,btc-updown-5m-1781464200,https://polymarket.com/zh/event/btc-updown-5m-1781464200,03:10-03:15,96.00,6.00,95.00,4.00,510.58,451.53,27.00,451.47,95.50,5.00,1.00,2.00,25195.74,17448.65,17703.81,25195.74,95,4,4,94,,63792.00,,
2026-06-15T03:12:22+08:00,btc-updown-5m-1781464200,https://polymarket.com/zh/event/btc-updown-5m-1781464200,03:10-03:15,96.00,5.00,95.00,4.00,814.05,154.38,855.19,767.05,95.50,4.50,1.00,1.00,25168.24,18935.27,18825.97,25263.23,95,4,4,95,,63785.37,,
2026-06-15T03:12:24+08:00,btc-updown-5m-1781464200,https://polymarket.com/zh/event/btc-updown-5m-1781464200,03:10-03:15,96.00,5.00,95.00,4.00,706.46,134.38,139.38,735.46,95.50,4.50,1.00,1.00,25668.23,18537.69,18522.40,25163.23,95,4,4,95,,63785.38,,
2026-06-15T03:12:26+08:00,btc-updown-5m-1781464200,https://polymarket.com/zh/event/btc-updown-5m-1781464200,03:10-03:15,96.00,5.00,95.00,4.00,436.61,1280.95,1341.95,436.61,95.50,4.50,1.00,1.00,25683.23,18231.82,18061.91,25673.23,95,4,4,95,,63786.26,,
2026-06-15T03:12:28+08:00,btc-updown-5m-1781464200,https://polymarket.com/zh/event/btc-updown-5m-1781464200,03:10-03:15,96.00,5.00,95.00,4.00,490.85,1108.48,1348.48,486.22,95.50,4.50,1.00,1.00,25583.23,18516.04,18211.41,25083.24,95,4,4,95,,63788.09,,
2026-06-15T03:12:30+08:00,btc-updown-5m-1781464200,https://polymarket.com/zh/event/btc-updown-5m-1781464200,03:10-03:15,96.00,5.00,95.00,4.00,208.93,1156.12,895.12,208.93,95.50,4.50,1.00,1.00,25088.24,17929.43,18143.85,25562.53,95,4,4,95,,63788.09,,
2026-06-15T03:12:32+08:00,btc-updown-5m-1781464200,https://polymarket.com/zh/event/btc-updown-5m-1781464200,03:10-03:15,96.00,5.00,95.00,4.00,284.94,1129.80,1108.80,283.89,95.50,4.50,1.00,1.00,25052.53,18221.24,18215.19,25567.53,95,4,4,95,,63788.09,,
2026-06-15T03:12:34+08:00,btc-updown-5m-1781464200,https://polymarket.com/zh/event/btc-updown-5m-1781464200,03:10-03:15,96.00,5.00,95.00,4.00,238.44,1016.80,961.80,213.44,95.50,4.50,1.00,1.00,25658.23,18118.44,18072.44,25578.23,95,4,4,95,,63788.09,,
2026-06-15T03:12:36+08:00,btc-updown-5m-1781464200,https://polymarket.com/zh/event/btc-updown-5m-1781464200,03:10-03:15,96.00,5.00,95.00,4.00,106.16,1134.16,1058.16,106.16,95.50,4.50,1.00,1.00,25073.23,17943.01,18466.85,25488.23,95,4,4,95,,63788.09,,
2026-06-15T03:12:38+08:00,btc-updown-5m-1781464200,https://polymarket.com/zh/event/btc-updown-5m-1781464200,03:10-03:15,97.00,4.00,96.00,3.00,2364.65,496.28,496.28,2364.65,96.50,3.50,1.00,1.00,25633.23,18722.36,18722.36,25633.23,96,3,3,96,,63788.09,,
2026-06-15T03:12:40+08:00,btc-updown-5m-1781464200,https://polymarket.com/zh/event/btc-updown-5m-1781464200,03:10-03:15,97.00,4.00,96.00,3.00,2360.13,517.91,522.91,2361.93,96.50,3.50,1.00,1.00,25018.23,18762.25,18764.05,25018.23,96,3,3,96,,63788.08,,
2026-06-15T03:12:42+08:00,btc-updown-5m-1781464200,https://polymarket.com/zh/event/btc-updown-5m-1781464200,03:10-03:15,97.00,4.00,96.00,3.00,2088.59,445.00,450.00,2643.09,96.50,3.50,1.00,1.00,25513.23,18500.26,18293.34,25023.24,96,3,3,96,,63788.08,,
2026-06-15T03:12:43+08:00,btc-updown-5m-1781464200,https://polymarket.com/zh/event/btc-updown-5m-1781464200,03:10-03:15,93.00,8.00,92.00,7.00,55.00,127.62,151.05,123.92,92.50,7.50,1.00,1.00,25528.24,19904.46,20018.02,24923.23,92,7,7,92,,63776.17,,
2026-06-15T03:12:45+08:00,btc-updown-5m-1781464200,https://polymarket.com/zh/event/btc-updown-5m-1781464200,03:10-03:15,94.00,7.00,93.00,6.00,548.18,21.22,16.22,693.13,93.50,6.50,1.00,1.00,25518.23,20706.10,20816.43,25523.23,93,6,6,93,,63777.51,,
2026-06-15T03:12:47+08:00,btc-updown-5m-1781464200,https://polymarket.com/zh/event/btc-updown-5m-1781464200,03:10-03:15,94.00,7.00,93.00,6.00,423.86,185.53,165.53,421.73,93.50,6.50,1.00,1.00,25033.23,21015.43,21046.43,25543.24,93,6,6,93,,63776.16,,
2026-06-15T03:12:49+08:00,btc-updown-5m-1781464200,https://polymarket.com/zh/event/btc-updown-5m-1781464200,03:10-03:15,94.00,7.00,93.00,6.00,553.86,251.03,262.83,623.86,93.50,6.50,1.00,1.00,25523.23,20933.29,20943.29,25038.24,93,6,6,93,,63774.57,,
2026-06-15T03:12:51+08:00,btc-updown-5m-1781464200,https://polymarket.com/zh/event/btc-updown-5m-1781464200,03:10-03:15,94.00,7.00,93.00,6.00,105.00,1427.26,1416.26,96.61,93.50,6.50,1.00,1.00,24923.23,20811.90,20811.90,25018.23,93,6,6,93,,63774.56,,
2026-06-15T03:12:53+08:00,btc-updown-5m-1781464200,https://polymarket.com/zh/event/btc-updown-5m-1781464200,03:10-03:15,95.00,6.00,94.00,5.00,1398.07,15.66,15.66,1361.07,94.50,5.50,1.00,1.00,25518.23,21226.56,21137.13,25018.23,94,5,5,94,,63774.56,,
2026-06-15T03:12:55+08:00,btc-updown-5m-1781464200,https://polymarket.com/zh/event/btc-updown-5m-1781464200,03:10-03:15,94.00,7.00,93.00,6.00,874.97,947.91,952.91,712.33,93.50,6.50,1.00,1.00,25637.23,21138.29,21085.86,24937.23,93,6,6,93,,63774.57,,
2026-06-15T03:12:57+08:00,btc-updown-5m-1781464200,https://polymarket.com/zh/event/btc-updown-5m-1781464200,03:10-03:15,94.00,7.00,93.00,6.00,1067.13,202.55,202.55,1067.96,93.50,6.50,1.00,1.00,24952.23,20012.18,20007.18,25057.23,93,6,6,93,,63772.83,,
2026-06-15T03:12:59+08:00,btc-updown-5m-1781464200,https://polymarket.com/zh/event/btc-updown-5m-1781464200,03:10-03:15,91.00,10.00,90.00,9.00,720.16,286.89,286.89,737.16,90.50,9.50,1.00,1.00,25528.24,19539.23,19539.23,24918.23,90,9,9,90,,63764.00,,
2026-06-15T03:13:01+08:00,btc-updown-5m-1781464200,https://polymarket.com/zh/event/btc-updown-5m-1781464200,03:10-03:15,91.00,10.00,90.00,9.00,439.28,289.39,285.39,431.26,90.50,9.50,1.00,1.00,24766.53,19634.82,19629.82,25276.53,90,9,9,90,,63763.14,,
2026-06-15T03:13:03+08:00,btc-updown-5m-1781464200,https://polymarket.com/zh/event/btc-updown-5m-1781464200,03:10-03:15,91.00,8.00,90.00,7.00,261.59,159.00,649.01,40.00,90.50,7.50,1.00,1.00,24772.23,20395.40,20364.40,25282.23,90,9,7,92,,63763.13,,
2026-06-15T03:13:05+08:00,btc-updown-5m-1781464200,https://polymarket.com/zh/event/btc-updown-5m-1781464200,03:10-03:15,95.00,6.00,94.00,5.00,709.80,214.18,214.18,689.80,94.50,5.50,1.00,1.00,25271.53,19925.62,19920.62,24776.54,94,5,5,94,,63768.86,,
2026-06-15T03:13:07+08:00,btc-updown-5m-1781464200,https://polymarket.com/zh/event/btc-updown-5m-1781464200,03:10-03:15,92.00,9.00,91.00,8.00,700.28,82.94,103.94,568.28,91.50,8.50,1.00,1.00,24747.23,18877.61,18830.18,25252.23,91,8,8,91,,63768.84,,
2026-06-15T03:13:09+08:00,btc-updown-5m-1781464200,https://polymarket.com/zh/event/btc-updown-5m-1781464200,03:10-03:15,92.00,9.00,91.00,8.00,102.31,638.21,671.21,88.66,91.50,8.50,1.00,1.00,24746.54,19048.47,19064.47,25252.23,91,8,8,91,,63762.84,,
2026-06-15T03:13:11+08:00,btc-updown-5m-1781464200,https://polymarket.com/zh/event/btc-updown-5m-1781464200,03:10-03:15,92.00,9.00,91.00,8.00,10.61,857.69,904.79,10.61,91.50,8.50,1.00,1.00,25177.23,18513.52,18387.48,24972.23,91,8,8,91,,63762.85,,
2026-06-15T03:13:13+08:00,btc-updown-5m-1781464200,https://polymarket.com/zh/event/btc-updown-5m-1781464200,03:10-03:15,93.00,9.00,92.00,8.00,306.65,390.10,80.98,40.02,92.50,8.50,1.00,1.00,24531.53,18311.07,18915.06,25026.53,92,7,8,91,,63762.85,,
2026-06-15T03:13:15+08:00,btc-updown-5m-1781464200,https://polymarket.com/zh/event/btc-updown-5m-1781464200,03:10-03:15,93.00,12.00,88.00,10.00,982.65,286.75,224.75,124.38,90.50,11.00,5.00,2.00,25033.24,17972.31,18604.47,24533.23,88,7,10,88,,63760.02,,
2026-06-15T03:13:17+08:00,btc-updown-5m-1781464200,https://polymarket.com/zh/event/btc-updown-5m-1781464200,03:10-03:15,89.00,12.00,88.00,11.00,54.44,657.63,988.58,26.21,88.50,11.50,1.00,1.00,24477.23,17912.23,17801.19,24477.24,88,11,11,88,,63759.51,,
2026-06-15T03:13:19+08:00,btc-updown-5m-1781464200,https://polymarket.com/zh/event/btc-updown-5m-1781464200,03:10-03:15,89.00,12.00,88.00,11.00,372.76,82.68,82.68,416.76,88.50,11.50,1.00,1.00,24561.53,17641.75,17781.79,25066.54,88,11,11,88,,63758.01,,
2026-06-15T03:13:21+08:00,btc-updown-5m-1781464200,https://polymarket.com/zh/event/btc-updown-5m-1781464200,03:10-03:15,91.00,10.00,90.00,9.00,212.53,610.18,542.18,136.20,90.50,9.50,1.00,1.00,24713.19,17635.66,17630.66,24233.89,90,9,9,90,,63758.00,,
2026-06-15T03:13:23+08:00,btc-updown-5m-1781464200,https://polymarket.com/zh/event/btc-updown-5m-1781464200,03:10-03:15,93.00,8.00,92.00,7.00,156.00,477.04,336.81,149.00,92.50,7.50,1.00,1.00,24713.89,18690.19,18652.19,24123.89,92,7,7,92,,63758.01,,
2026-06-15T03:13:25+08:00,btc-updown-5m-1781464200,https://polymarket.com/zh/event/btc-updown-5m-1781464200,03:10-03:15,94.00,7.00,93.00,6.00,738.93,55.96,17.96,763.93,93.50,6.50,1.00,1.00,24718.89,18674.26,18694.26,24318.89,93,6,6,93,,63760.88,,
2026-06-15T03:13:27+08:00,btc-updown-5m-1781464200,https://polymarket.com/zh/event/btc-updown-5m-1781464200,03:10-03:15,95.00,6.00,94.00,5.00,1309.77,107.71,137.70,1189.49,94.50,5.50,1.00,1.00,24198.19,18777.96,18682.68,24688.19,94,5,5,94,,63760.88,,
2026-06-15T03:13:29+08:00,btc-updown-5m-1781464200,https://polymarket.com/zh/event/btc-updown-5m-1781464200,03:10-03:15,95.00,6.00,94.00,5.00,899.39,75.49,75.49,899.39,94.50,5.50,1.00,1.00,24488.90,18853.58,18853.58,24373.89,94,5,5,94,,63760.88,,
2026-06-15T03:13:31+08:00,btc-updown-5m-1781464200,https://polymarket.com/zh/event/btc-updown-5m-1781464200,03:10-03:15,95.00,6.00,94.00,5.00,766.37,172.26,148.93,708.87,94.50,5.50,1.00,1.00,24283.89,18681.60,18629.10,24273.89,94,5,5,94,,63760.88,,
2026-06-15T03:13:33+08:00,btc-updown-5m-1781464200,https://polymarket.com/zh/event/btc-updown-5m-1781464200,03:10-03:15,95.00,6.00,94.00,5.00,494.30,212.31,212.31,441.80,94.50,5.50,1.00,1.00,24893.90,18306.85,18311.85,24278.89,94,5,5,94,,63760.88,,
2026-06-15T03:13:35+08:00,btc-updown-5m-1781464200,https://polymarket.com/zh/event/btc-updown-5m-1781464200,03:10-03:15,95.00,6.00,94.00,5.00,94.48,384.75,343.75,92.37,94.50,5.50,1.00,1.00,24378.89,17822.00,17819.89,24383.89,94,5,5,94,,63760.88,,
2026-06-15T03:13:37+08:00,btc-updown-5m-1781464200,https://polymarket.com/zh/event/btc-updown-5m-1781464200,03:10-03:15,97.00,4.00,96.00,3.00,1888.57,151.55,67.05,1661.29,96.50,3.50,1.00,1.00,24788.89,17425.67,16994.77,24393.89,96,3,3,96,,63760.88,,
2026-06-15T03:13:39+08:00,btc-updown-5m-1781464200,https://polymarket.com/zh/event/btc-updown-5m-1781464200,03:10-03:15,97.00,4.00,96.00,3.00,1433.63,425.88,400.88,1427.63,96.50,3.50,1.00,1.00,24583.89,16944.20,16946.20,24898.89,96,3,3,96,,63766.16,,
2026-06-15T03:13:40+08:00,btc-updown-5m-1781464200,https://polymarket.com/zh/event/btc-updown-5m-1781464200,03:10-03:15,97.00,4.00,96.00,3.00,989.18,653.18,654.79,788.92,96.50,3.50,1.00,1.00,24019.22,15432.72,15232.46,23929.22,96,3,3,96,,63766.16,,
2026-06-15T03:13:42+08:00,btc-updown-5m-1781464200,https://polymarket.com/zh/event/btc-updown-5m-1781464200,03:10-03:15,95.00,7.00,94.00,6.00,111.00,150.09,6.77,776.07,94.50,6.50,1.00,1.00,24544.22,17003.93,17371.56,24019.22,94,5,6,93,,63764.67,,
2026-06-15T03:13:44+08:00,btc-updown-5m-1781464200,https://polymarket.com/zh/event/btc-updown-5m-1781464200,03:10-03:15,95.00,6.00,94.00,5.00,69.01,574.69,574.85,69.01,94.50,5.50,1.00,1.00,23928.52,16460.44,17364.43,23913.52,94,5,5,94,,63761.96,,
2026-06-15T03:13:46+08:00,btc-updown-5m-1781464200,https://polymarket.com/zh/event/btc-updown-5m-1781464200,03:10-03:15,95.00,6.00,94.00,5.00,10.02,749.35,745.35,20.80,94.50,5.50,1.00,1.00,24038.52,17107.25,17118.03,24523.52,94,5,5,94,,63761.85,,
2026-06-15T03:13:48+08:00,btc-updown-5m-1781464200,https://polymarket.com/zh/event/btc-updown-5m-1781464200,03:10-03:15,96.00,4.00,95.00,3.00,23.95,86.87,461.43,1277.21,95.50,3.50,1.00,1.00,24649.23,16838.01,16812.91,23944.22,95,4,3,96,,63761.71,,
2026-06-15T03:13:50+08:00,btc-updown-5m-1781464200,https://polymarket.com/zh/event/btc-updown-5m-1781464200,03:10-03:15,97.00,4.00,96.00,3.00,1084.88,46.87,46.87,1065.88,96.50,3.50,1.00,1.00,23918.52,16920.50,16801.50,24438.52,96,3,3,96,,63761.70,,
2026-06-15T03:13:52+08:00,btc-updown-5m-1781464200,https://polymarket.com/zh/event/btc-updown-5m-1781464200,03:10-03:15,97.00,4.00,96.00,3.00,596.31,630.93,543.89,541.66,96.50,3.50,1.00,1.00,24313.52,15845.51,15765.86,23929.22,96,3,3,96,,63761.71,,
2026-06-15T03:13:54+08:00,btc-updown-5m-1781464200,https://polymarket.com/zh/event/btc-updown-5m-1781464200,03:10-03:15,97.00,4.00,96.00,3.00,302.21,605.76,634.76,300.21,96.50,3.50,1.00,1.00,23819.22,15780.99,15778.99,23824.22,96,3,3,96,,63765.99,,
2026-06-15T03:13:56+08:00,btc-updown-5m-1781464200,https://polymarket.com/zh/event/btc-updown-5m-1781464200,03:10-03:15,98.00,3.00,97.00,2.00,2548.89,592.53,592.53,2553.89,97.50,2.50,1.00,1.00,24234.22,14385.92,14390.92,23834.22,97,2,2,97,,63765.98,,
2026-06-15T03:13:58+08:00,btc-updown-5m-1781464200,https://polymarket.com/zh/event/btc-updown-5m-1781464200,03:10-03:15,98.00,3.00,97.00,2.00,2477.67,676.40,688.74,2472.67,97.50,2.50,1.00,1.00,24639.22,14392.20,14331.61,23849.23,97,2,2,97,,63767.12,,
2026-06-15T03:14:00+08:00,btc-updown-5m-1781464200,https://polymarket.com/zh/event/btc-updown-5m-1781464200,03:10-03:15,98.00,3.00,97.00,2.00,2256.87,645.53,738.90,2256.87,97.50,2.50,1.00,1.00,24639.22,14085.81,14704.80,24144.22,97,2,2,97,,63767.96,,
2026-06-15T03:14:02+08:00,btc-updown-5m-1781464200,https://polymarket.com/zh/event/btc-updown-5m-1781464200,03:10-03:15,98.00,3.00,97.00,2.00,2095.70,600.67,600.67,2090.70,97.50,2.50,1.00,1.00,24669.22,14164.64,14159.64,24669.22,97,2,2,97,,63767.97,,
2026-06-15T03:14:04+08:00,btc-updown-5m-1781464200,https://polymarket.com/zh/event/btc-updown-5m-1781464200,03:10-03:15,98.00,3.00,97.00,2.00,2019.55,607.58,607.58,2004.55,97.50,2.50,1.00,1.00,24358.52,14838.52,14803.52,25153.52,97,2,2,97,,63767.97,,
2026-06-15T03:14:06+08:00,btc-updown-5m-1781464200,https://polymarket.com/zh/event/btc-updown-5m-1781464200,03:10-03:15,98.00,3.00,97.00,2.00,1887.49,653.58,662.58,1844.83,97.50,2.50,1.00,1.00,23814.22,14056.46,14013.80,23309.22,97,2,2,97,,63767.97,,
2026-06-15T03:14:07+08:00,btc-updown-5m-1781464200,https://polymarket.com/zh/event/btc-updown-5m-1781464200,03:10-03:15,98.00,3.00,97.00,2.00,1716.53,772.70,772.70,1671.53,97.50,2.50,1.00,1.00,22914.22,13785.50,13765.50,23304.22,97,2,2,97,,63768.61,,
2026-06-15T03:14:09+08:00,btc-updown-5m-1781464200,https://polymarket.com/zh/event/btc-updown-5m-1781464200,03:10-03:15,98.00,3.00,97.00,2.00,1477.63,1147.20,909.70,1087.53,97.50,2.50,1.00,1.00,23484.22,13549.60,13234.50,23283.53,97,2,2,97,,63769.10,,
2026-06-15T03:14:11+08:00,btc-updown-5m-1781464200,https://polymarket.com/zh/event/btc-updown-5m-1781464200,03:10-03:15,98.00,3.00,97.00,2.00,951.38,1206.20,1206.20,931.38,97.50,2.50,1.00,1.00,23269.22,7023.32,7003.32,22663.52,97,2,2,97,,63769.11,,
2026-06-15T03:14:13+08:00,btc-updown-5m-1781464200,https://polymarket.com/zh/event/btc-updown-5m-1781464200,03:10-03:15,98.00,3.00,97.00,2.00,1081.17,214.90,954.81,1285.57,97.50,2.50,1.00,1.00,22769.22,7208.11,7174.91,22989.22,97,2,2,97,,63769.10,,
2026-06-15T03:14:15+08:00,btc-updown-5m-1781464200,https://polymarket.com/zh/event/btc-updown-5m-1781464200,03:10-03:15,99.00,2.00,98.00,1.00,5456.94,30.00,30.00,5708.44,98.50,1.50,1.00,1.00,22639.22,5456.94,5708.44,22637.06,98,1,1,98,,63764.87,,
2026-06-15T03:14:17+08:00,btc-updown-5m-1781464200,https://polymarket.com/zh/event/btc-updown-5m-1781464200,03:10-03:15,99.00,2.00,98.00,1.00,5455.98,263.70,265.70,5455.27,98.50,1.50,1.00,1.00,22621.36,5455.98,5455.27,22627.06,98,1,1,98,,63759.52,,
2026-06-15T03:14:19+08:00,btc-updown-5m-1781464200,https://polymarket.com/zh/event/btc-updown-5m-1781464200,03:10-03:15,99.00,2.00,98.00,1.00,5083.13,338.43,333.43,5093.13,98.50,1.50,1.00,1.00,22612.06,5083.13,5093.13,23127.06,98,1,1,98,,63759.52,,
2026-06-15T03:14:21+08:00,btc-updown-5m-1781464200,https://polymarket.com/zh/event/btc-updown-5m-1781464200,03:10-03:15,99.00,2.00,98.00,1.00,4405.34,955.24,940.24,4400.34,98.50,1.50,1.00,1.00,22417.06,4405.34,4400.34,22807.06,98,1,1,98,,63759.52,,
2026-06-15T03:14:23+08:00,btc-updown-5m-1781464200,https://polymarket.com/zh/event/btc-updown-5m-1781464200,03:10-03:15,99.00,2.00,98.00,1.00,4225.29,70.50,70.50,4230.29,98.50,1.50,1.00,1.00,22412.06,4225.29,4230.29,22412.06,98,1,1,98,,63759.52,,
2026-06-15T03:14:25+08:00,btc-updown-5m-1781464200,https://polymarket.com/zh/event/btc-updown-5m-1781464200,03:10-03:15,99.00,2.00,98.00,1.00,4069.56,356.00,356.00,4059.56,98.50,1.50,1.00,1.00,22612.06,4069.56,4059.56,22322.07,98,1,1,98,,63759.52,,
2026-06-15T03:14:27+08:00,btc-updown-5m-1781464200,https://polymarket.com/zh/event/btc-updown-5m-1781464200,03:10-03:15,99.00,2.00,98.00,1.00,4535.82,168.79,168.79,4500.82,98.50,1.50,1.00,1.00,22917.06,4535.82,4500.82,22632.07,98,1,1,98,,63759.52,,
2026-06-15T03:14:29+08:00,btc-updown-5m-1781464200,https://polymarket.com/zh/event/btc-updown-5m-1781464200,03:10-03:15,99.00,2.00,98.00,1.00,4075.96,300.59,300.59,4070.96,98.50,1.50,1.00,1.00,22921.37,4075.96,4070.96,23311.36,98,1,1,98,,63759.51,,
2026-06-15T03:14:31+08:00,btc-updown-5m-1781464200,https://polymarket.com/zh/event/btc-updown-5m-1781464200,03:10-03:15,99.00,2.00,98.00,1.00,3919.59,206.09,211.09,3901.55,98.50,1.50,1.00,1.00,22623.73,3919.59,3901.55,22948.73,98,1,1,98,,63759.51,,
2026-06-15T03:14:33+08:00,btc-updown-5m-1781464200,https://polymarket.com/zh/event/btc-updown-5m-1781464200,03:10-03:15,99.00,2.00,98.00,1.00,3896.07,109.09,109.09,3940.07,98.50,1.50,1.00,1.00,22253.73,3896.07,3940.07,23148.73,98,1,1,98,,63759.51,,
2026-06-15T03:14:35+08:00,btc-updown-5m-1781464200,https://polymarket.com/zh/event/btc-updown-5m-1781464200,03:10-03:15,99.00,2.00,98.00,1.00,3716.52,274.09,241.09,3721.52,98.50,1.50,1.00,1.00,23334.73,3716.52,3721.52,22722.74,98,1,1,98,,63759.51,,
2026-06-15T03:14:37+08:00,btc-updown-5m-1781464200,https://polymarket.com/zh/event/btc-updown-5m-1781464200,03:10-03:15,99.00,2.00,98.00,1.00,3608.51,235.09,235.09,3633.51,98.50,1.50,1.00,1.00,21932.74,3608.51,3633.51,22232.74,98,1,1,98,,63759.52,,
2026-06-15T03:14:38+08:00,btc-updown-5m-1781464200,https://polymarket.com/zh/event/btc-updown-5m-1781464200,03:10-03:15,99.00,2.00,98.00,1.00,2980.38,218.09,223.09,2975.38,98.50,1.50,1.00,1.00,21937.74,2980.38,2975.38,22747.74,98,1,1,98,,63759.52,,
2026-06-15T03:14:40+08:00,btc-updown-5m-1781464200,https://polymarket.com/zh/event/btc-updown-5m-1781464200,03:10-03:15,99.00,2.00,98.00,1.00,2870.03,68.77,68.77,2856.03,98.50,1.50,1.00,1.00,21907.74,2870.03,2856.03,21942.75,98,1,1,98,,63759.51,,
2026-06-15T03:14:42+08:00,btc-updown-5m-1781464200,https://polymarket.com/zh/event/btc-updown-5m-1781464200,03:10-03:15,99.00,2.00,98.00,1.00,2382.91,5.00,5.00,2746.91,98.50,1.50,1.00,1.00,21907.05,2382.91,2746.91,21902.04,98,1,1,98,,63758.01,,
2026-06-15T03:14:44+08:00,btc-updown-5m-1781464200,https://polymarket.com/zh/event/btc-updown-5m-1781464200,03:10-03:15,99.00,2.00,98.00,1.00,2651.55,15.00,15.00,2511.55,98.50,1.50,1.00,1.00,21912.04,2651.55,2511.55,22507.04,98,1,1,98,,63758.00,,
2026-06-15T03:14:46+08:00,btc-updown-5m-1781464200,https://polymarket.com/zh/event/btc-updown-5m-1781464200,03:10-03:15,98.00,3.00,97.00,2.00,370.55,67.68,67.68,416.55,97.50,2.50,1.00,1.00,22803.44,3111.53,3157.53,22703.45,94,2,2,94,,63757.49,,
2026-06-15T03:14:48+08:00,btc-updown-5m-1781464200,https://polymarket.com/zh/event/btc-updown-5m-1781464200,03:10-03:15,98.00,3.00,90.00,2.00,25.00,40.00,160.42,25.00,94.00,2.50,8.00,1.00,22204.45,1404.14,1390.14,22704.44,87,2,2,90,,63751.24,,
2026-06-15T03:14:50+08:00,btc-updown-5m-1781464200,https://polymarket.com/zh/event/btc-updown-5m-1781464200,03:10-03:15,99.00,2.00,98.00,1.00,1567.00,63.06,28.06,1588.06,98.50,1.50,1.00,1.00,14697.44,1567.00,1588.06,15202.44,84,1,1,84,,63751.25,,
2026-06-15T03:14:52+08:00,btc-updown-5m-1781464200,https://polymarket.com/zh/event/btc-updown-5m-1781464200,03:10-03:15,99.00,2.00,98.00,1.00,1401.06,25.00,63.06,1449.59,98.50,1.50,1.00,1.00,14607.44,1401.06,1449.59,14112.44,87,1,1,85,,63751.25,,
2026-06-15T03:14:54+08:00,btc-updown-5m-1781464200,https://polymarket.com/zh/event/btc-updown-5m-1781464200,03:10-03:15,99.00,3.00,95.00,1.00,1222.60,8.05,42.00,1450.26,97.00,2.00,4.00,2.00,14237.44,1222.60,1450.26,14237.44,84,1,1,85,,63749.52,,
2026-06-15T03:14:56+08:00,btc-updown-5m-1781464200,https://polymarket.com/zh/event/btc-updown-5m-1781464200,03:10-03:15,,1.00,99.00,,,1084.63,992.67,,,,,,13987.44,,,14497.44,83,0,0,83,,63748.58,,
2026-06-15T03:14:58+08:00,btc-updown-5m-1781464200,https://polymarket.com/zh/event/btc-updown-5m-1781464200,03:10-03:15,,1.00,99.00,,,5022.17,4838.11,,,,,,14742.44,,,14227.44,84,0,0,83,,63748.58,,
2026-06-15T03:15:00+08:00,btc-updown-5m-1781464500,https://polymarket.com/zh/event/btc-updown-5m-1781464500,03:15-03:20,60.00,41.00,59.00,40.00,183.63,123.56,71.62,170.63,59.50,40.50,1.00,1.00,121260.78,122527.40,122526.70,121255.78,57,40,40,58,63748.57,63748.57,,
2026-06-15T03:15:02+08:00,btc-updown-5m-1781464500,https://polymarket.com/zh/event/btc-updown-5m-1781464500,03:15-03:20,59.00,42.00,58.00,41.00,304.62,1756.86,1748.86,289.77,58.50,41.50,1.00,1.00,111130.12,111126.05,111131.05,110590.12,57,41,41,58,63748.57,63746.30,,
2026-06-15T03:15:04+08:00,btc-updown-5m-1781464500,https://polymarket.com/zh/event/btc-updown-5m-1781464500,03:15-03:20,60.00,42.00,59.00,41.00,504.98,1866.01,3.72,200.00,59.50,41.50,1.00,1.00,112240.94,112725.05,112730.05,112750.94,59,40,41,58,63748.57,63746.30,,
2026-06-15T03:15:06+08:00,btc-updown-5m-1781464500,https://polymarket.com/zh/event/btc-updown-5m-1781464500,03:15-03:20,59.00,42.00,58.00,41.00,166.33,1340.05,1353.64,156.06,58.50,41.50,1.00,1.00,112331.64,113164.75,113249.75,112836.64,58,41,41,58,63748.57,63746.29,,
2026-06-15T03:15:08+08:00,btc-updown-5m-1781464500,https://polymarket.com/zh/event/btc-updown-5m-1781464500,03:15-03:20,60.00,41.00,59.00,40.00,313.97,47.75,52.50,402.47,59.50,40.50,1.00,1.00,111140.94,113402.38,113402.38,110535.94,59,40,40,59,63748.57,63748.48,,
2026-06-15T03:15:10+08:00,btc-updown-5m-1781464500,https://polymarket.com/zh/event/btc-updown-5m-1781464500,03:15-03:20,59.00,42.00,58.00,41.00,225.64,1025.30,1171.80,230.64,58.50,41.50,1.00,1.00,110579.94,111471.38,111466.38,111190.64,58,41,41,58,63748.57,63748.48,,
2026-06-15T03:15:12+08:00,btc-updown-5m-1781464500,https://polymarket.com/zh/event/btc-updown-5m-1781464500,03:15-03:20,59.00,42.00,58.00,41.00,323.16,576.90,657.01,328.16,58.50,41.50,1.00,1.00,112415.64,111507.08,111517.08,111635.65,58,41,41,58,63748.57,63748.47,,
2026-06-15T03:15:14+08:00,btc-updown-5m-1781464500,https://polymarket.com/zh/event/btc-updown-5m-1781464500,03:15-03:20,59.00,42.00,58.00,41.00,167.80,1755.66,1685.66,167.80,58.50,41.50,1.00,1.00,113325.65,111532.08,111532.08,113230.65,58,41,41,58,63748.57,63749.36,,
2026-06-15T03:15:16+08:00,btc-updown-5m-1781464500,https://polymarket.com/zh/event/btc-updown-5m-1781464500,03:15-03:20,60.00,41.00,59.00,40.00,6.18,594.96,591.67,20.18,59.50,40.50,1.00,1.00,112656.66,111551.38,105342.08,106715.95,59,40,40,59,63748.57,63755.10,,
2026-06-15T03:15:18+08:00,btc-updown-5m-1781464500,https://polymarket.com/zh/event/btc-updown-5m-1781464500,03:15-03:20,61.00,40.00,60.00,39.00,682.51,114.97,94.97,585.04,60.50,39.50,1.00,1.00,106555.65,105357.08,105357.08,106450.64,60,39,39,60,63748.57,63755.10,,
2026-06-15T03:15:19+08:00,btc-updown-5m-1781464500,https://polymarket.com/zh/event/btc-updown-5m-1781464500,03:15-03:20,59.00,42.00,58.00,41.00,40.00,1849.72,1844.51,30.00,58.50,41.50,1.00,1.00,106439.94,105361.38,105361.38,106549.94,58,41,41,58,63748.57,63755.10,,
2026-06-15T03:15:21+08:00,btc-updown-5m-1781464500,https://polymarket.com/zh/event/btc-updown-5m-1781464500,03:15-03:20,60.00,41.00,59.00,40.00,106.74,453.02,105.00,97.76,59.50,40.50,1.00,1.00,98295.44,97166.88,97161.18,98205.44,59,40,40,59,63748.57,63755.11,,
2026-06-15T03:15:23+08:00,btc-updown-5m-1781464500,https://polymarket.com/zh/event/btc-updown-5m-1781464500,03:15-03:20,59.00,42.00,58.00,41.00,165.19,1247.96,1179.43,226.00,58.50,41.50,1.00,1.00,98384.34,97116.88,97111.18,98337.03,58,41,41,58,63748.57,63755.11,,
2026-06-15T03:15:25+08:00,btc-updown-5m-1781464500,https://polymarket.com/zh/event/btc-updown-5m-1781464500,03:15-03:20,60.00,41.00,59.00,40.00,141.86,341.62,373.62,141.86,59.50,40.50,1.00,1.00,98917.43,97724.77,97724.77,98553.73,59,40,40,59,63748.57,63755.11,,
2026-06-15T03:15:27+08:00,btc-updown-5m-1781464500,https://polymarket.com/zh/event/btc-updown-5m-1781464500,03:15-03:20,60.00,41.00,59.00,40.00,52.78,603.13,574.13,38.11,59.50,40.50,1.00,1.00,98639.73,97805.77,97790.77,98124.73,59,40,40,59,63748.57,63755.11,,
2026-06-15T03:15:29+08:00,btc-updown-5m-1781464500,https://polymarket.com/zh/event/btc-updown-5m-1781464500,03:15-03:20,60.00,41.00,59.00,40.00,74.54,582.79,533.13,69.52,59.50,40.50,1.00,1.00,98777.04,97952.77,98007.47,98677.04,59,40,40,59,63748.57,63755.10,,
2026-06-15T03:15:31+08:00,btc-updown-5m-1781464500,https://polymarket.com/zh/event/btc-updown-5m-1781464500,03:15-03:20,63.00,38.00,62.00,37.00,169.75,931.28,94.00,170.44,62.50,37.50,1.00,1.00,87128.03,85990.77,85990.77,86623.03,62,37,37,62,63748.57,63755.11,,
2026-06-15T03:15:33+08:00,btc-updown-5m-1781464500,https://polymarket.com/zh/event/btc-updown-5m-1781464500,03:15-03:20,65.00,36.00,64.00,35.00,260.38,389.99,542.99,243.10,64.50,35.50,1.00,1.00,86143.03,86800.77,86790.77,86728.03,64,35,35,64,63748.57,63760.22,,
2026-06-15T03:15:35+08:00,btc-updown-5m-1781464500,https://polymarket.com/zh/event/btc-updown-5m-1781464500,03:15-03:20,65.00,36.00,64.00,35.00,258.51,458.12,454.98,258.51,64.50,35.50,1.00,1.00,87533.04,86785.77,86785.77,87633.04,64,35,35,64,63748.57,63760.21,,
2026-06-15T03:15:37+08:00,btc-updown-5m-1781464500,https://polymarket.com/zh/event/btc-updown-5m-1781464500,03:15-03:20,65.00,36.00,64.00,35.00,109.02,591.25,490.25,74.00,64.50,35.50,1.00,1.00,87518.03,88870.77,88870.77,87028.03,64,35,35,64,63748.57,63760.22,,
2026-06-15T03:15:39+08:00,btc-updown-5m-1781464500,https://polymarket.com/zh/event/btc-updown-5m-1781464500,03:15-03:20,65.00,36.00,64.00,35.00,4.29,624.92,730.92,9.29,64.50,35.50,1.00,1.00,87026.33,89075.77,89070.77,87036.33,64,35,35,64,63748.57,63760.22,,
2026-06-15T03:15:41+08:00,btc-updown-5m-1781464500,https://polymarket.com/zh/event/btc-updown-5m-1781464500,03:15-03:20,66.00,35.00,65.00,34.00,496.68,268.35,214.61,117.71,65.50,34.50,1.00,1.00,67627.04,69537.04,69537.04,67017.03,65,34,34,65,63748.57,63761.72,,
2026-06-15T03:15:43+08:00,btc-updown-5m-1781464500,https://polymarket.com/zh/event/btc-updown-5m-1781464500,03:15-03:20,67.00,34.00,66.00,33.00,19.55,845.74,912.96,24.47,66.50,33.50,1.00,1.00,67908.03,69479.04,69489.04,67298.03,66,33,33,66,63748.57,63761.73,,
2026-06-15T03:15:45+08:00,btc-updown-5m-1781464500,https://polymarket.com/zh/event/btc-updown-5m-1781464500,03:15-03:20,68.00,33.00,67.00,32.00,673.76,226.46,225.62,494.76,67.50,32.50,1.00,1.00,67102.33,69679.04,69679.04,67702.33,67,32,32,67,63748.57,63761.73,,
2026-06-15T03:15:47+08:00,btc-updown-5m-1781464500,https://polymarket.com/zh/event/btc-updown-5m-1781464500,03:15-03:20,69.00,32.00,68.00,31.00,75.76,633.37,549.37,74.31,68.50,31.50,1.00,1.00,68123.03,69899.04,69899.04,67723.03,68,31,31,68,63748.57,63762.83,,
2026-06-15T03:15:48+08:00,btc-updown-5m-1781464500,https://polymarket.com/zh/event/btc-updown-5m-1781464500,03:15-03:20,70.00,31.00,69.00,30.00,472.28,130.36,61.50,427.69,69.50,30.50,1.00,1.00,67207.33,69880.04,69875.04,67117.33,69,30,30,69,63748.57,63762.83,,
2026-06-15T03:15:50+08:00,btc-updown-5m-1781464500,https://polymarket.com/zh/event/btc-updown-5m-1781464500,03:15-03:20,71.00,30.00,70.00,29.00,871.38,29.02,36.33,1046.45,70.50,29.50,1.00,1.00,67602.33,69870.04,69865.04,68402.33,70,29,29,70,63748.57,63764.14,,
2026-06-15T03:15:52+08:00,btc-updown-5m-1781464500,https://polymarket.com/zh/event/btc-updown-5m-1781464500,03:15-03:20,71.00,30.00,70.00,29.00,481.65,24.16,41.16,625.65,70.50,29.50,1.00,1.00,25603.03,27470.04,27465.04,25128.04,70,29,29,70,63748.57,63764.14,,
2026-06-15T03:15:55+08:00,btc-updown-5m-1781464500,https://polymarket.com/zh/event/btc-updown-5m-1781464500,03:15-03:20,71.00,30.00,70.00,29.00,625.01,21.14,26.16,617.43,70.50,29.50,1.00,1.00,26033.05,27275.04,27265.04,25708.03,70,29,29,70,63748.57,63764.14,,
2026-06-15T03:15:57+08:00,btc-updown-5m-1781464500,https://polymarket.com/zh/event/btc-updown-5m-1781464500,03:15-03:20,70.00,31.00,69.00,30.00,97.24,670.65,650.12,46.14,69.50,30.50,1.00,1.00,26613.03,27275.04,27280.04,26238.03,69,30,30,69,63748.57,63764.14,,
2026-06-15T03:15:58+08:00,btc-updown-5m-1781464500,https://polymarket.com/zh/event/btc-updown-5m-1781464500,03:15-03:20,71.00,30.00,70.00,29.00,870.89,41.27,41.27,791.00,70.50,29.50,1.00,1.00,25712.33,27281.04,27286.04,26212.33,70,29,29,70,63748.57,63764.46,,
2026-06-15T03:16:00+08:00,btc-updown-5m-1781464500,https://polymarket.com/zh/event/btc-updown-5m-1781464500,03:15-03:20,71.00,30.00,70.00,29.00,499.55,274.74,191.61,182.23,70.50,29.50,1.00,1.00,33058.03,34121.04,34126.04,32562.34,70,29,29,70,63748.57,63765.05,,
2026-06-15T03:16:02+08:00,btc-updown-5m-1781464500,https://polymarket.com/zh/event/btc-updown-5m-1781464500,03:15-03:20,71.00,31.00,70.00,30.00,495.12,6.05,79.71,30.00,70.50,30.50,1.00,1.00,33343.03,34106.04,34106.04,33148.03,70,29,30,69,63748.57,63766.19,,
2026-06-15T03:16:04+08:00,btc-updown-5m-1781464500,https://polymarket.com/zh/event/btc-updown-5m-1781464500,03:15-03:20,70.00,32.00,69.00,31.00,417.28,715.70,93.28,35.02,69.50,31.50,1.00,1.00,31938.03,34111.04,34106.04,32547.33,69,30,31,68,63748.57,63766.20,,
2026-06-15T03:16:06+08:00,btc-updown-5m-1781464500,https://polymarket.com/zh/event/btc-updown-5m-1781464500,03:15-03:20,77.00,19.00,76.00,18.00,24.29,48.00,1060.73,78.72,76.50,18.50,1.00,1.00,30375.04,30655.87,30087.87,29865.03,76,21,18,81,63748.57,63774.50,,
2026-06-15T03:16:08+08:00,btc-updown-5m-1781464500,https://polymarket.com/zh/event/btc-updown-5m-1781464500,03:15-03:20,83.00,17.00,81.00,16.00,16.53,21.00,830.41,59.00,82.00,16.50,2.00,1.00,29270.04,29643.29,29643.29,29264.34,81,17,16,82,63748.57,63787.16,,
2026-06-15T03:16:10+08:00,btc-updown-5m-1781464500,https://polymarket.com/zh/event/btc-updown-5m-1781464500,03:15-03:20,85.00,17.00,83.00,16.00,294.36,73.74,13.74,16.11,84.00,16.50,2.00,1.00,29295.04,24319.51,24294.51,29805.04,83,15,16,83,63748.57,63798.75,,
2026-06-15T03:16:12+08:00,btc-updown-5m-1781464500,https://polymarket.com/zh/event/btc-updown-5m-1781464500,03:15-03:20,88.00,13.00,87.00,12.00,205.27,521.85,533.85,22.18,87.50,12.50,1.00,1.00,30369.34,24072.63,23972.63,30374.34,87,12,12,87,63748.57,63798.74,,
2026-06-15T03:16:14+08:00,btc-updown-5m-1781464500,https://polymarket.com/zh/event/btc-updown-5m-1781464500,03:15-03:20,91.00,10.00,90.00,9.00,594.81,325.85,574.19,814.87,90.50,9.50,1.00,1.00,30829.34,24237.65,24527.65,30419.33,90,9,9,90,63748.57,63798.74,,
2026-06-15T03:16:16+08:00,btc-updown-5m-1781464500,https://polymarket.com/zh/event/btc-updown-5m-1781464500,03:15-03:20,89.00,12.00,88.00,11.00,509.10,108.51,130.51,570.10,88.50,11.50,1.00,1.00,30450.04,24967.44,24967.44,30840.03,88,11,11,88,63748.57,63798.74,,
2026-06-15T03:16:18+08:00,btc-updown-5m-1781464500,https://polymarket.com/zh/event/btc-updown-5m-1781464500,03:15-03:20,89.00,12.00,88.00,11.00,643.96,119.51,125.00,629.72,88.50,11.50,1.00,1.00,29840.03,26073.30,26081.69,30350.04,88,11,11,88,63748.57,63798.74,,
2026-06-15T03:16:20+08:00,btc-updown-5m-1781464500,https://polymarket.com/zh/event/btc-updown-5m-1781464500,03:15-03:20,87.00,14.00,86.00,13.00,183.31,888.04,771.04,160.32,86.50,13.50,1.00,1.00,29235.03,26090.21,26065.21,29845.03,86,13,13,86,63748.57,63798.74,,
2026-06-15T03:16:22+08:00,btc-updown-5m-1781464500,https://polymarket.com/zh/event/btc-updown-5m-1781464500,03:15-03:20,87.00,13.00,86.00,12.00,102.42,80.00,903.99,31.62,86.50,12.50,1.00,1.00,30325.04,26097.33,26097.33,29830.03,86,13,12,87,63748.57,63798.74,,
2026-06-15T03:16:24+08:00,btc-updown-5m-1781464500,https://polymarket.com/zh/event/btc-updown-5m-1781464500,03:15-03:20,88.00,13.00,87.00,12.00,235.86,285.62,319.12,274.57,87.50,12.50,1.00,1.00,30319.33,26062.33,26072.33,29834.34,87,12,12,87,63748.57,63796.00,,
2026-06-15T03:16:26+08:00,btc-updown-5m-1781464500,https://polymarket.com/zh/event/btc-updown-5m-1781464500,03:15-03:20,89.00,12.00,88.00,11.00,344.31,233.89,91.14,649.97,88.50,11.50,1.00,1.00,30225.03,25311.33,25321.33,30425.03,88,11,11,88,63748.57,63792.28,,
2026-06-15T03:16:28+08:00,btc-updown-5m-1781464500,https://polymarket.com/zh/event/btc-updown-5m-1781464500,03:15-03:20,89.00,12.00,88.00,11.00,463.53,205.83,186.83,448.29,88.50,11.50,1.00,1.00,31335.03,25486.33,24736.33,31340.03,88,11,11,88,63748.57,63792.27,,
2026-06-15T03:16:30+08:00,btc-updown-5m-1781464500,https://polymarket.com/zh/event/btc-updown-5m-1781464500,03:15-03:20,90.00,11.00,89.00,10.00,118.79,422.95,421.95,118.79,89.50,10.50,1.00,1.00,30820.03,24775.44,24770.44,30320.03,89,10,10,89,63748.57,63792.28,,
2026-06-15T03:16:32+08:00,btc-updown-5m-1781464500,https://polymarket.com/zh/event/btc-updown-5m-1781464500,03:15-03:20,91.00,10.00,90.00,9.00,785.61,113.96,85.96,787.62,90.50,9.50,1.00,1.00,30808.33,24938.19,24938.19,30714.03,90,9,9,90,63748.57,63792.28,,
2026-06-15T03:16:34+08:00,btc-updown-5m-1781464500,https://polymarket.com/zh/event/btc-updown-5m-1781464500,03:15-03:20,91.00,10.00,90.00,9.00,18.00,462.98,523.33,14.90,90.50,9.50,1.00,1.00,30724.03,24438.20,24438.20,31199.03,90,9,9,90,63748.57,63795.91,,
2026-06-15T03:16:35+08:00,btc-updown-5m-1781464500,https://polymarket.com/zh/event/btc-updown-5m-1781464500,03:15-03:20,92.00,9.00,91.00,8.00,931.51,59.06,59.06,1004.51,91.50,8.50,1.00,1.00,29204.03,24438.20,24438.20,29714.03,91,8,8,91,63748.57,63795.90,,
2026-06-15T03:16:37+08:00,btc-updown-5m-1781464500,https://polymarket.com/zh/event/btc-updown-5m-1781464500,03:15-03:20,91.00,10.00,90.00,9.00,101.52,323.99,275.99,99.52,90.50,9.50,1.00,1.00,30224.03,24408.19,24408.19,30219.03,90,9,9,90,63748.57,63795.91,,
2026-06-15T03:16:39+08:00,btc-updown-5m-1781464500,https://polymarket.com/zh/event/btc-updown-5m-1781464500,03:15-03:20,92.00,9.00,91.00,8.00,548.30,147.82,292.35,635.90,91.50,8.50,1.00,1.00,30708.33,24382.19,24382.19,30213.33,91,8,8,91,63748.57,63795.91,,
2026-06-15T03:16:41+08:00,btc-updown-5m-1781464500,https://polymarket.com/zh/event/btc-updown-5m-1781464500,03:15-03:20,92.00,9.00,91.00,8.00,151.52,329.65,262.65,129.52,91.50,8.50,1.00,1.00,30599.03,23068.19,23068.19,29699.03,91,8,8,91,63748.57,63795.90,,
2026-06-15T03:16:43+08:00,btc-updown-5m-1781464500,https://polymarket.com/zh/event/btc-updown-5m-1781464500,03:15-03:20,91.00,10.00,90.00,9.00,72.50,389.29,377.29,63.96,90.50,9.50,1.00,1.00,29693.33,23375.04,23375.04,30209.03,90,9,9,90,63748.57,63797.18,,
2026-06-15T03:16:45+08:00,btc-updown-5m-1781464500,https://polymarket.com/zh/event/btc-updown-5m-1781464500,03:15-03:20,92.00,9.00,91.00,8.00,520.75,101.00,101.00,504.75,91.50,8.50,1.00,1.00,30693.33,24924.04,24939.04,30208.34,91,8,8,91,63748.57,63797.98,,
2026-06-15T03:16:47+08:00,btc-updown-5m-1781464500,https://polymarket.com/zh/event/btc-updown-5m-1781464500,03:15-03:20,93.00,8.00,92.00,7.00,232.01,866.77,828.58,194.51,92.50,7.50,1.00,1.00,29574.04,22020.02,22109.02,29269.03,92,7,7,92,63748.57,63802.79,,
2026-06-15T03:16:49+08:00,btc-updown-5m-1781464500,https://polymarket.com/zh/event/btc-updown-5m-1781464500,03:15-03:20,93.00,8.00,92.00,7.00,107.98,585.75,554.40,105.98,92.50,7.50,1.00,1.00,29564.03,22422.79,22143.83,29569.03,92,7,7,92,63748.57,63819.57,,
2026-06-15T03:16:51+08:00,btc-updown-5m-1781464500,https://polymarket.com/zh/event/btc-updown-5m-1781464500,03:15-03:20,93.00,8.00,92.00,7.00,350.74,181.49,211.49,390.74,92.50,7.50,1.00,1.00,28149.03,23824.95,23810.33,29054.03,92,7,7,92,63748.57,63807.08,,
2026-06-15T03:16:53+08:00,btc-updown-5m-1781464500,https://polymarket.com/zh/event/btc-updown-5m-1781464500,03:15-03:20,93.00,8.00,92.00,7.00,10.00,459.00,401.52,10.00,92.50,7.50,1.00,1.00,29379.03,23650.08,23637.33,29374.03,92,7,7,92,63748.57,63807.07,,
2026-06-15T03:16:55+08:00,btc-updown-5m-1781464500,https://polymarket.com/zh/event/btc-updown-5m-1781464500,03:15-03:20,94.00,7.00,93.00,6.00,259.17,520.30,525.30,297.17,93.50,6.50,1.00,1.00,29584.03,22551.13,22660.13,29868.33,93,6,6,93,63748.57,63811.31,,
2026-06-15T03:16:57+08:00,btc-updown-5m-1781464500,https://polymarket.com/zh/event/btc-updown-5m-1781464500,03:15-03:20,94.00,7.00,93.00,6.00,118.00,513.55,485.88,104.15,93.50,6.50,1.00,1.00,29496.33,22570.75,22514.75,29187.04,93,6,6,93,63748.57,63810.52,,
2026-06-15T03:16:59+08:00,btc-updown-5m-1781464500,https://polymarket.com/zh/event/btc-updown-5m-1781464500,03:15-03:20,95.00,6.00,94.00,5.00,1933.50,279.29,279.29,1931.45,94.50,5.50,1.00,1.00,28487.03,23801.99,23828.27,28487.03,94,5,5,94,63748.57,63810.51,,
2026-06-15T03:17:01+08:00,btc-updown-5m-1781464500,https://polymarket.com/zh/event/btc-updown-5m-1781464500,03:15-03:20,95.00,6.00,94.00,5.00,1962.97,217.60,277.60,1844.54,94.50,5.50,1.00,1.00,28261.03,24292.30,24112.05,28355.33,94,5,5,94,63748.57,63810.52,,
2026-06-15T03:17:03+08:00,btc-updown-5m-1781464500,https://polymarket.com/zh/event/btc-updown-5m-1781464500,03:15-03:20,95.00,6.00,94.00,5.00,1082.90,549.07,511.90,1061.84,94.50,5.50,1.00,1.00,28019.04,23074.21,23074.15,28204.03,94,5,5,94,63748.57,63808.97,,
2026-06-15T03:17:04+08:00,btc-updown-5m-1781464500,https://polymarket.com/zh/event/btc-updown-5m-1781464500,03:15-03:20,94.00,7.00,93.00,6.00,130.00,726.14,713.57,113.77,93.50,6.50,1.00,1.00,27713.33,23103.40,23118.40,28198.33,93,6,6,93,63748.57,63808.97,,
2026-06-15T03:17:06+08:00,btc-updown-5m-1781464500,https://polymarket.com/zh/event/btc-updown-5m-1781464500,03:15-03:20,94.00,7.00,93.00,6.00,7.68,978.72,984.72,5.68,93.50,6.50,1.00,1.00,27429.03,20846.11,20891.11,27619.03,93,6,6,93,63748.57,63808.97,,
2026-06-15T03:17:08+08:00,btc-updown-5m-1781464500,https://polymarket.com/zh/event/btc-updown-5m-1781464500,03:15-03:20,95.00,6.00,94.00,5.00,746.27,342.61,342.61,802.47,94.50,5.50,1.00,1.00,28584.03,21657.13,21713.33,27894.04,94,5,5,94,63748.57,63812.68,,
2026-06-15T03:17:10+08:00,btc-updown-5m-1781464500,https://polymarket.com/zh/event/btc-updown-5m-1781464500,03:15-03:20,95.00,6.00,94.00,5.00,1054.19,60.00,64.20,1060.19,94.50,5.50,1.00,1.00,28479.03,22834.25,22835.25,27984.03,94,5,5,94,63748.57,63812.68,,
2026-06-15T03:17:12+08:00,btc-updown-5m-1781464500,https://polymarket.com/zh/event/btc-updown-5m-1781464500,03:15-03:20,95.00,5.00,94.00,4.00,25.53,35.00,584.23,802.38,94.50,4.50,1.00,1.00,27964.03,19718.37,19846.84,27474.03,94,5,4,95,63748.57,63812.68,,
2026-06-15T03:17:14+08:00,btc-updown-5m-1781464500,https://polymarket.com/zh/event/btc-updown-5m-1781464500,03:15-03:20,96.00,5.00,95.00,4.00,803.77,254.90,274.90,866.13,95.50,4.50,1.00,1.00,27813.33,20356.23,20690.67,27713.33,95,4,4,95,63748.57,63816.07,,
2026-06-15T03:17:16+08:00,btc-updown-5m-1781464500,https://polymarket.com/zh/event/btc-updown-5m-1781464500,03:15-03:20,96.00,5.00,95.00,4.00,823.67,346.44,346.44,823.67,95.50,4.50,1.00,1.00,27723.33,21124.83,20990.83,28328.33,95,4,4,95,63748.57,63816.07,,
2026-06-15T03:17:18+08:00,btc-updown-5m-1781464500,https://polymarket.com/zh/event/btc-updown-5m-1781464500,03:15-03:20,96.00,5.00,95.00,4.00,732.34,208.00,213.74,1007.26,95.50,4.50,1.00,1.00,27629.03,14303.49,14811.61,28134.03,95,4,4,95,63748.57,63820.00,,
2026-06-15T03:17:20+08:00,btc-updown-5m-1781464500,https://polymarket.com/zh/event/btc-updown-5m-1781464500,03:15-03:20,96.00,5.00,95.00,4.00,764.65,229.20,229.20,769.65,95.50,4.50,1.00,1.00,27726.53,14789.69,14794.69,27701.53,95,4,4,95,63748.57,63816.02,,
2026-06-15T03:17:22+08:00,btc-updown-5m-1781464500,https://polymarket.com/zh/event/btc-updown-5m-1781464500,03:15-03:20,98.00,3.00,97.00,2.00,1901.19,1479.10,1377.12,1916.19,97.50,2.50,1.00,1.00,25946.16,10899.64,10904.64,26246.16,97,2,2,97,63748.57,63816.02,,
2026-06-15T03:17:24+08:00,btc-updown-5m-1781464500,https://polymarket.com/zh/event/btc-updown-5m-1781464500,03:15-03:20,98.00,3.00,97.00,2.00,1745.26,1399.65,1409.65,1720.26,97.50,2.50,1.00,1.00,25751.16,10767.71,10717.71,25646.16,97,2,2,97,63748.57,63816.02,,
2026-06-15T03:17:26+08:00,btc-updown-5m-1781464500,https://polymarket.com/zh/event/btc-updown-5m-1781464500,03:15-03:20,98.00,3.00,97.00,2.00,1670.82,663.07,663.07,1680.82,97.50,2.50,1.00,1.00,25771.86,10043.27,9953.27,25661.86,97,2,2,97,63748.57,63816.03,,
2026-06-15T03:17:28+08:00,btc-updown-5m-1781464500,https://polymarket.com/zh/event/btc-updown-5m-1781464500,03:15-03:20,98.00,3.00,97.00,2.00,1664.64,414.02,414.02,1659.64,97.50,2.50,1.00,1.00,25766.86,10015.09,9910.09,26281.86,97,2,2,97,63748.57,63809.46,,
2026-06-15T03:17:30+08:00,btc-updown-5m-1781464500,https://polymarket.com/zh/event/btc-updown-5m-1781464500,03:15-03:20,98.00,3.00,97.00,2.00,1616.51,445.24,479.71,1626.51,97.50,2.50,1.00,1.00,26936.16,9961.96,10721.96,26756.17,97,2,2,97,63748.57,63809.47,,
2026-06-15T03:17:32+08:00,btc-updown-5m-1781464500,https://polymarket.com/zh/event/btc-updown-5m-1781464500,03:15-03:20,93.00,10.00,92.00,9.00,1162.96,64.12,5.00,674.36,92.50,9.50,1.00,1.00,26296.86,11369.11,11771.81,26796.86,92,7,9,90,63748.57,63799.17,,
2026-06-15T03:17:34+08:00,btc-updown-5m-1781464500,https://polymarket.com/zh/event/btc-updown-5m-1781464500,03:15-03:20,89.00,12.00,88.00,11.00,92.56,513.49,914.34,101.34,88.50,11.50,1.00,1.00,26301.86,10974.91,11008.25,26296.86,88,11,11,88,63748.57,63785.55,,
2026-06-15T03:17:36+08:00,btc-updown-5m-1781464500,https://polymarket.com/zh/event/btc-updown-5m-1781464500,03:15-03:20,90.00,11.00,89.00,10.00,640.04,170.72,120.72,669.50,89.50,10.50,1.00,1.00,26816.16,10953.91,10953.91,26311.17,89,10,10,89,63748.57,63785.55,,
2026-06-15T03:17:38+08:00,btc-updown-5m-1781464500,https://polymarket.com/zh/event/btc-updown-5m-1781464500,03:15-03:20,90.00,11.00,89.00,10.00,307.42,416.32,462.32,307.42,89.50,10.50,1.00,1.00,26211.86,11482.07,11472.07,26316.86,89,10,10,89,63748.57,63785.56,,
2026-06-15T03:17:39+08:00,btc-updown-5m-1781464500,https://polymarket.com/zh/event/btc-updown-5m-1781464500,03:15-03:20,90.00,11.00,89.00,10.00,263.11,264.79,326.96,300.08,89.50,10.50,1.00,1.00,26616.88,10889.06,10889.91,26611.16,89,10,10,89,63748.57,63785.56,,
2026-06-15T03:17:41+08:00,btc-updown-5m-1781464500,https://polymarket.com/zh/event/btc-updown-5m-1781464500,03:15-03:20,89.00,12.00,88.00,11.00,303.20,317.79,306.79,269.20,88.50,11.50,1.00,1.00,26096.16,10734.41,10744.54,26491.16,88,11,11,88,63748.57,63785.55,,
2026-06-15T03:17:43+08:00,btc-updown-5m-1781464500,https://polymarket.com/zh/event/btc-updown-5m-1781464500,03:15-03:20,90.00,11.00,89.00,10.00,58.58,502.35,511.35,39.58,89.50,10.50,1.00,1.00,26106.87,11592.01,11592.01,26596.86,89,10,10,89,63748.57,63785.55,,
2026-06-15T03:17:45+08:00,btc-updown-5m-1781464500,https://polymarket.com/zh/event/btc-updown-5m-1781464500,03:15-03:20,91.00,10.00,90.00,9.00,463.62,80.06,75.06,538.62,90.50,9.50,1.00,1.00,26596.86,16721.28,16721.28,26201.86,90,9,9,90,63748.57,63785.56,,
2026-06-15T03:17:47+08:00,btc-updown-5m-1781464500,https://polymarket.com/zh/event/btc-updown-5m-1781464500,03:15-03:20,91.00,10.00,90.00,9.00,62.52,528.68,443.68,46.03,90.50,9.50,1.00,1.00,26711.17,16691.89,16691.89,26106.16,90,9,9,90,63748.57,63785.98,,
2026-06-15T03:17:49+08:00,btc-updown-5m-1781464500,https://polymarket.com/zh/event/btc-updown-5m-1781464500,03:15-03:20,92.00,9.00,91.00,8.00,348.02,407.21,391.21,308.02,91.50,8.50,1.00,1.00,26106.16,16699.89,16699.89,26111.16,91,8,8,91,63748.57,63785.98,,
2026-06-15T03:17:51+08:00,btc-updown-5m-1781464500,https://polymarket.com/zh/event/btc-updown-5m-1781464500,03:15-03:20,92.00,9.00,91.00,8.00,128.50,653.15,700.15,128.50,91.50,8.50,1.00,1.00,26096.16,16635.17,16625.17,26596.16,91,8,8,91,63748.57,63785.98,,
2026-06-15T03:17:53+08:00,btc-updown-5m-1781464500,https://polymarket.com/zh/event/btc-updown-5m-1781464500,03:15-03:20,95.00,6.00,94.00,5.00,346.86,529.82,285.15,282.97,94.50,5.50,1.00,1.00,26601.87,16610.20,16719.09,26101.86,94,5,5,94,63748.57,63792.00,,
2026-06-15T03:17:55+08:00,btc-updown-5m-1781464500,https://polymarket.com/zh/event/btc-updown-5m-1781464500,03:15-03:20,97.00,4.00,96.00,3.00,165.03,1046.83,878.65,5.03,96.50,3.50,1.00,1.00,26091.16,14792.46,14632.46,26101.16,96,3,3,96,63748.57,63799.47,,
2026-06-15T03:17:57+08:00,btc-updown-5m-1781464500,https://polymarket.com/zh/event/btc-updown-5m-1781464500,03:15-03:20,98.00,3.00,97.00,2.00,964.30,586.43,591.43,866.30,97.50,2.50,1.00,1.00,26111.86,14232.10,13705.10,26016.87,97,2,2,97,63748.57,63816.12,,
2026-06-15T03:17:59+08:00,btc-updown-5m-1781464500,https://polymarket.com/zh/event/btc-updown-5m-1781464500,03:15-03:20,98.00,3.00,97.00,2.00,1045.11,440.48,367.67,1050.11,97.50,2.50,1.00,1.00,26116.86,14273.06,14278.06,26111.86,97,2,2,97,63748.57,63812.85,,
2026-06-15T03:18:01+08:00,btc-updown-5m-1781464500,https://polymarket.com/zh/event/btc-updown-5m-1781464500,03:15-03:20,98.00,3.00,97.00,2.00,645.44,569.14,560.57,595.44,97.50,2.50,1.00,1.00,26001.86,13577.10,13527.10,25791.86,97,2,2,97,63748.57,63812.84,,
2026-06-15T03:18:03+08:00,btc-updown-5m-1781464500,https://polymarket.com/zh/event/btc-updown-5m-1781464500,03:15-03:20,98.00,3.00,97.00,2.00,452.70,561.56,505.87,452.70,97.50,2.50,1.00,1.00,25991.16,13494.36,13500.36,26296.86,97,2,2,97,63748.57,63812.84,,
2026-06-15T03:18:05+08:00,btc-updown-5m-1781464500,https://polymarket.com/zh/event/btc-updown-5m-1781464500,03:15-03:20,98.00,3.00,97.00,2.00,27.97,909.38,832.01,27.97,97.50,2.50,1.00,1.00,25886.16,12970.63,12970.63,25901.86,97,2,2,97,63748.57,63812.85,,
2026-06-15T03:18:07+08:00,btc-updown-5m-1781464500,https://polymarket.com/zh/event/btc-updown-5m-1781464500,03:15-03:20,99.00,2.00,98.00,1.00,13270.18,561.91,583.84,13269.18,98.50,1.50,1.00,1.00,26511.86,13270.18,13269.18,26011.86,98,1,1,98,63748.57,63816.96,,
2026-06-15T03:18:09+08:00,btc-updown-5m-1781464500,https://polymarket.com/zh/event/btc-updown-5m-1781464500,03:15-03:20,99.00,2.00,98.00,1.00,11088.62,411.79,406.79,11083.62,98.50,1.50,1.00,1.00,25891.86,11088.62,11083.62,26481.86,98,1,1,98,63748.57,63822.09,,
2026-06-15T03:18:10+08:00,btc-updown-5m-1781464500,https://polymarket.com/zh/event/btc-updown-5m-1781464500,03:15-03:20,99.00,2.00,98.00,1.00,11121.28,543.08,548.08,11111.28,98.50,1.50,1.00,1.00,25976.86,11121.28,11111.28,25776.86,98,1,1,98,63748.57,63822.09,,
2026-06-15T03:18:12+08:00,btc-updown-5m-1781464500,https://polymarket.com/zh/event/btc-updown-5m-1781464500,03:15-03:20,99.00,3.00,98.00,2.00,11930.91,441.71,137.10,167.17,98.50,2.50,1.00,1.00,25981.86,11930.91,11864.03,26276.86,98,1,2,97,63748.57,63812.79,,
2026-06-15T03:18:14+08:00,btc-updown-5m-1781464500,https://polymarket.com/zh/event/btc-updown-5m-1781464500,03:15-03:20,98.00,3.00,97.00,2.00,160.87,647.20,615.34,145.13,97.50,2.50,1.00,1.00,25381.86,12511.88,12496.14,25476.86,97,2,2,97,63748.57,63812.79,,
2026-06-15T03:18:16+08:00,btc-updown-5m-1781464500,https://polymarket.com/zh/event/btc-updown-5m-1781464500,03:15-03:20,98.00,3.00,97.00,2.00,651.85,437.24,442.24,611.22,97.50,2.50,1.00,1.00,25996.87,12977.86,12938.23,25496.86,97,2,2,97,63748.57,63812.78,,
2026-06-15T03:18:18+08:00,btc-updown-5m-1781464500,https://polymarket.com/zh/event/btc-updown-5m-1781464500,03:15-03:20,98.00,3.00,97.00,2.00,801.18,213.75,175.27,710.87,97.50,2.50,1.00,1.00,25481.16,12927.57,12943.56,25491.16,97,2,2,97,63748.57,63812.79,,
2026-06-15T03:18:20+08:00,btc-updown-5m-1781464500,https://polymarket.com/zh/event/btc-updown-5m-1781464500,03:15-03:20,99.00,2.00,98.00,1.00,11988.19,470.00,447.00,11993.19,98.50,1.50,1.00,1.00,25613.52,11988.19,11993.19,25413.52,98,1,1,98,63748.57,63812.79,,
2026-06-15T03:18:22+08:00,btc-updown-5m-1781464500,https://polymarket.com/zh/event/btc-updown-5m-1781464500,03:15-03:20,99.00,2.00,98.00,1.00,12263.99,362.30,357.30,11550.54,98.50,1.50,1.00,1.00,25618.52,12263.99,11550.54,25618.52,98,1,1,98,63748.57,63812.79,,
2026-06-15T03:18:24+08:00,btc-updown-5m-1781464500,https://polymarket.com/zh/event/btc-updown-5m-1781464500,03:15-03:20,99.00,2.00,98.00,1.00,11677.95,366.15,371.15,11673.01,98.50,1.50,1.00,1.00,25627.82,11677.95,11673.01,25607.82,98,1,1,98,63748.57,63799.54,,
2026-06-15T03:18:26+08:00,btc-updown-5m-1781464500,https://polymarket.com/zh/event/btc-updown-5m-1781464500,03:15-03:20,99.00,2.00,98.00,1.00,11562.59,128.06,173.06,11430.55,98.50,1.50,1.00,1.00,25137.83,11562.59,11430.55,25612.82,98,1,1,98,63748.57,63803.95,,
2026-06-15T03:18:28+08:00,btc-updown-5m-1781464500,https://polymarket.com/zh/event/btc-updown-5m-1781464500,03:15-03:20,99.00,2.00,98.00,1.00,11386.86,292.85,273.56,11386.86,98.50,1.50,1.00,1.00,25633.52,11386.86,11386.86,25232.83,98,1,1,98,63748.57,63805.98,,
2026-06-15T03:18:30+08:00,btc-updown-5m-1781464500,https://polymarket.com/zh/event/btc-updown-5m-1781464500,03:15-03:20,99.00,2.00,98.00,1.00,12136.77,480.69,352.69,12126.77,98.50,1.50,1.00,1.00,25908.52,12136.77,12126.77,25028.52,98,1,1,98,63748.57,63809.99,,
2026-06-15T03:18:32+08:00,btc-updown-5m-1781464500,https://polymarket.com/zh/event/btc-updown-5m-1781464500,03:15-03:20,98.00,3.00,97.00,2.00,69.70,460.66,466.66,69.70,97.50,2.50,1.00,1.00,25008.52,11859.29,11859.29,25523.52,97,2,2,97,63748.57,63809.98,,
2026-06-15T03:18:34+08:00,btc-updown-5m-1781464500,https://polymarket.com/zh/event/btc-updown-5m-1781464500,03:15-03:20,99.00,2.00,98.00,1.00,11948.59,198.00,183.00,11918.33,98.50,1.50,1.00,1.00,25208.52,11948.59,11918.33,25018.52,98,1,1,98,63748.57,63809.99,,
2026-06-15T03:18:36+08:00,btc-updown-5m-1781464500,https://polymarket.com/zh/event/btc-updown-5m-1781464500,03:15-03:20,99.00,2.00,98.00,1.00,11917.33,257.00,262.00,11641.73,98.50,1.50,1.00,1.00,25328.53,11917.33,11641.73,25028.52,98,1,1,98,63748.57,63809.98,,
2026-06-15T03:18:38+08:00,btc-updown-5m-1781464500,https://polymarket.com/zh/event/btc-updown-5m-1781464500,03:15-03:20,99.00,2.00,98.00,1.00,11626.56,235.00,250.00,11621.56,98.50,1.50,1.00,1.00,25333.52,11626.56,11621.56,25208.52,98,1,1,98,63748.57,63809.09,,
2026-06-15T03:18:40+08:00,btc-updown-5m-1781464500,https://polymarket.com/zh/event/btc-updown-5m-1781464500,03:15-03:20,99.00,2.00,98.00,1.00,11621.56,235.00,235.00,11633.24,98.50,1.50,1.00,1.00,25217.82,11621.56,11633.24,25018.52,98,1,1,98,63748.57,63809.09,,
2026-06-15T03:18:42+08:00,btc-updown-5m-1781464500,https://polymarket.com/zh/event/btc-updown-5m-1781464500,03:15-03:20,99.00,2.00,98.00,1.00,11103.46,239.00,244.00,11178.46,98.50,1.50,1.00,1.00,25318.52,11103.46,11178.46,25618.52,98,1,1,98,63748.57,63809.10,,
2026-06-15T03:18:44+08:00,btc-updown-5m-1781464500,https://polymarket.com/zh/event/btc-updown-5m-1781464500,03:15-03:20,99.00,2.00,98.00,1.00,11054.07,405.86,273.17,11054.07,98.50,1.50,1.00,1.00,25508.52,11054.07,11054.07,25123.52,98,1,1,98,63748.57,63798.00,,
2026-06-15T03:18:46+08:00,btc-updown-5m-1781464500,https://polymarket.com/zh/event/btc-updown-5m-1781464500,03:15-03:20,99.00,2.00,98.00,1.00,10791.76,436.86,436.86,10786.76,98.50,1.50,1.00,1.00,25808.52,10791.76,10786.76,25813.52,98,1,1,98,63748.57,63798.00,,
2026-06-15T03:18:48+08:00,btc-updown-5m-1781464500,https://polymarket.com/zh/event/btc-updown-5m-1781464500,03:15-03:20,99.00,2.00,98.00,1.00,11224.65,443.70,443.70,11219.65,98.50,1.50,1.00,1.00,25523.52,11224.65,11219.65,25328.52,98,1,1,98,63748.57,63799.46,,
2026-06-15T03:18:49+08:00,btc-updown-5m-1781464500,https://polymarket.com/zh/event/btc-updown-5m-1781464500,03:15-03:20,98.00,3.00,97.00,2.00,12.48,462.35,477.35,12.48,97.50,2.50,1.00,1.00,25008.52,10863.77,10995.07,25033.52,97,2,2,97,63748.57,63799.45,,
2026-06-15T03:18:51+08:00,btc-updown-5m-1781464500,https://polymarket.com/zh/event/btc-updown-5m-1781464500,03:15-03:20,98.00,3.00,97.00,2.00,276.53,401.67,381.67,271.53,97.50,2.50,1.00,1.00,25413.53,10996.82,10991.82,25008.52,97,2,2,97,63748.57,63799.46,,
2026-06-15T03:18:53+08:00,btc-updown-5m-1781464500,https://polymarket.com/zh/event/btc-updown-5m-1781464500,03:15-03:20,99.00,2.00,98.00,1.00,10860.08,197.51,197.51,10837.98,98.50,1.50,1.00,1.00,25363.52,10860.08,10837.98,25358.52,98,1,1,98,63748.57,63799.46,,
2026-06-15T03:18:55+08:00,btc-updown-5m-1781464500,https://polymarket.com/zh/event/btc-updown-5m-1781464500,03:15-03:20,99.00,2.00,98.00,1.00,10521.06,237.51,207.51,10561.06,98.50,1.50,1.00,1.00,25368.52,10521.06,10561.06,24962.83,98,1,1,98,63748.57,63801.97,,
2026-06-15T03:18:57+08:00,btc-updown-5m-1781464500,https://polymarket.com/zh/event/btc-updown-5m-1781464500,03:15-03:20,99.00,2.00,98.00,1.00,9717.06,16.86,46.86,9792.06,98.50,1.50,1.00,1.00,24878.52,9717.06,9792.06,24878.52,98,1,1,98,63748.57,63803.77,,
2026-06-15T03:18:59+08:00,btc-updown-5m-1781464500,https://polymarket.com/zh/event/btc-updown-5m-1781464500,03:15-03:20,99.00,2.00,98.00,1.00,9613.15,153.00,153.00,9613.15,98.50,1.50,1.00,1.00,24978.52,9613.15,9613.15,24867.82,98,1,1,98,63748.57,63803.77,,
2026-06-15T03:19:01+08:00,btc-updown-5m-1781464500,https://polymarket.com/zh/event/btc-updown-5m-1781464500,03:15-03:20,99.00,2.00,98.00,1.00,9834.74,4.19,6.23,9747.72,98.50,1.50,1.00,1.00,24986.06,9834.74,9747.72,25176.06,98,1,1,98,63748.57,63803.77,,
2026-06-15T03:19:03+08:00,btc-updown-5m-1781464500,https://polymarket.com/zh/event/btc-updown-5m-1781464500,03:15-03:20,99.00,2.00,98.00,1.00,9017.57,20.14,20.14,9019.57,98.50,1.50,1.00,1.00,24496.05,9017.57,9019.57,23996.06,98,1,1,98,63748.57,63809.22,,
2026-06-15T03:19:05+08:00,btc-updown-5m-1781464500,https://polymarket.com/zh/event/btc-updown-5m-1781464500,03:15-03:20,99.00,2.00,98.00,1.00,6858.39,25.14,25.14,6850.39,98.50,1.50,1.00,1.00,24386.05,6858.39,6850.39,23876.05,98,1,1,98,63748.57,63808.36,,
2026-06-15T03:19:07+08:00,btc-updown-5m-1781464500,https://polymarket.com/zh/event/btc-updown-5m-1781464500,03:15-03:20,99.00,2.00,98.00,1.00,6808.39,61.14,61.14,6938.39,98.50,1.50,1.00,1.00,24401.05,6808.39,6938.39,23906.06,98,1,1,98,63748.57,63808.65,,
2026-06-15T03:19:09+08:00,btc-updown-5m-1781464500,https://polymarket.com/zh/event/btc-updown-5m-1781464500,03:15-03:20,99.00,2.00,98.00,1.00,6649.81,261.14,261.14,6649.81,98.50,1.50,1.00,1.00,24391.05,6649.81,6649.81,23901.06,98,1,1,98,63748.57,63808.67,,
2026-06-15T03:19:11+08:00,btc-updown-5m-1781464500,https://polymarket.com/zh/event/btc-updown-5m-1781464500,03:15-03:20,99.00,2.00,98.00,1.00,6666.02,327.44,327.44,6570.34,98.50,1.50,1.00,1.00,23886.05,6666.02,6570.34,23880.35,98,1,1,98,63748.57,63808.67,,
2026-06-15T03:19:13+08:00,btc-updown-5m-1781464500,https://polymarket.com/zh/event/btc-updown-5m-1781464500,03:15-03:20,99.00,2.00,98.00,1.00,5592.49,335.11,333.44,5575.37,98.50,1.50,1.00,1.00,23881.05,5592.49,5575.37,24376.05,98,1,1,98,63748.57,63811.11,,
2026-06-15T03:19:15+08:00,btc-updown-5m-1781464500,https://polymarket.com/zh/event/btc-updown-5m-1781464500,03:15-03:20,99.00,2.00,98.00,1.00,2942.75,232.00,232.00,2899.31,98.50,1.50,1.00,1.00,24586.05,2942.75,2899.31,24276.05,98,1,1,98,63748.57,63811.11,,
2026-06-15T03:19:17+08:00,btc-updown-5m-1781464500,https://polymarket.com/zh/event/btc-updown-5m-1781464500,03:15-03:20,,1.00,99.00,,,148.63,167.72,,,,,,23890.35,,,23896.05,99,0,0,99,63748.57,63811.11,,
2026-06-15T03:19:19+08:00,btc-updown-5m-1781464500,https://polymarket.com/zh/event/btc-updown-5m-1781464500,03:15-03:20,,1.00,99.00,,,1519.26,1514.26,,,,,,23875.35,,,23896.05,99,0,0,99,63748.57,63816.13,,
2026-06-15T03:19:21+08:00,btc-updown-5m-1781464500,https://polymarket.com/zh/event/btc-updown-5m-1781464500,03:15-03:20,,1.00,99.00,,,2085.97,2080.96,,,,,,24285.35,,,23775.35,99,0,0,99,63748.57,63816.13,,
2026-06-15T03:19:23+08:00,btc-updown-5m-1781464500,https://polymarket.com/zh/event/btc-updown-5m-1781464500,03:15-03:20,,1.00,99.00,,,3028.64,2731.01,,,,,,23780.35,,,23785.36,99,0,0,99,63748.57,63816.13,,
2026-06-15T03:19:25+08:00,btc-updown-5m-1781464500,https://polymarket.com/zh/event/btc-updown-5m-1781464500,03:15-03:20,,1.00,99.00,,,2920.03,2920.03,,,,,,23785.35,,,24275.35,99,0,0,99,63748.57,63816.14,,
2026-06-15T03:19:27+08:00,btc-updown-5m-1781464500,https://polymarket.com/zh/event/btc-updown-5m-1781464500,03:15-03:20,,1.00,99.00,,,2920.03,2915.03,,,,,,23800.35,,,23790.35,99,0,0,99,63748.57,63816.14,,
2026-06-15T03:19:29+08:00,btc-updown-5m-1781464500,https://polymarket.com/zh/event/btc-updown-5m-1781464500,03:15-03:20,,1.00,99.00,,,3090.03,3095.03,,,,,,23595.35,,,24080.35,99,0,0,99,63748.57,63816.13,,
2026-06-15T03:19:31+08:00,btc-updown-5m-1781464500,https://polymarket.com/zh/event/btc-updown-5m-1781464500,03:15-03:20,,1.00,99.00,,,4790.63,4785.63,,,,,,23810.35,,,23810.35,99,0,0,99,63748.57,63816.12,,
2026-06-15T03:19:33+08:00,btc-updown-5m-1781464500,https://polymarket.com/zh/event/btc-updown-5m-1781464500,03:15-03:20,,1.00,99.00,,,4837.82,4937.82,,,,,,23110.35,,,23605.35,99,0,0,99,63748.57,63816.12,,
2026-06-15T03:19:35+08:00,btc-updown-5m-1781464500,https://polymarket.com/zh/event/btc-updown-5m-1781464500,03:15-03:20,,1.00,99.00,,,8400.83,7905.83,,,,,,23208.36,,,22698.36,99,0,0,99,63748.57,63816.13,,
2026-06-15T03:19:37+08:00,btc-updown-5m-1781464500,https://polymarket.com/zh/event/btc-updown-5m-1781464500,03:15-03:20,,1.00,99.00,,,8425.98,8430.99,,,,,,22718.37,,,22718.36,99,0,0,99,63748.57,63816.13,,
2026-06-15T03:19:39+08:00,btc-updown-5m-1781464500,https://polymarket.com/zh/event/btc-updown-5m-1781464500,03:15-03:20,,1.00,99.00,,,8434.08,8454.09,,,,,,22208.37,,,22198.36,99,0,0,99,63748.57,63816.13,,
2026-06-15T03:19:41+08:00,btc-updown-5m-1781464500,https://polymarket.com/zh/event/btc-updown-5m-1781464500,03:15-03:20,,1.00,99.00,,,8479.43,8474.44,,,,,,21983.36,,,22188.36,99,0,0,99,63748.57,63816.13,,
2026-06-15T03:19:43+08:00,btc-updown-5m-1781464500,https://polymarket.com/zh/event/btc-updown-5m-1781464500,03:15-03:20,,1.00,99.00,,,9034.80,9029.80,,,,,,21688.36,,,21688.36,99,0,0,99,63748.57,63816.13,,
2026-06-15T03:19:45+08:00,btc-updown-5m-1781464500,https://polymarket.com/zh/event/btc-updown-5m-1781464500,03:15-03:20,,1.00,99.00,,,9634.99,9624.99,,,,,,21384.76,,,21904.77,99,0,0,99,63748.57,63822.00,,
2026-06-15T03:19:47+08:00,btc-updown-5m-1781464500,https://polymarket.com/zh/event/btc-updown-5m-1781464500,03:15-03:20,,1.00,99.00,,,9597.11,9597.11,,,,,,21894.76,,,21404.76,99,0,0,99,63748.57,63820.08,,
2026-06-15T03:19:49+08:00,btc-updown-5m-1781464500,https://polymarket.com/zh/event/btc-updown-5m-1781464500,03:15-03:20,,1.00,99.00,,,9621.69,9621.69,,,,,,21899.76,,,21399.76,80,0,0,80,63748.57,63814.01,,
2026-06-15T03:19:51+08:00,btc-updown-5m-1781464500,https://polymarket.com/zh/event/btc-updown-5m-1781464500,03:15-03:20,,1.00,99.00,,,9782.25,9682.25,,,,,,13914.76,,,14419.76,80,0,0,80,63748.57,63812.80,,
2026-06-15T03:19:53+08:00,btc-updown-5m-1781464500,https://polymarket.com/zh/event/btc-updown-5m-1781464500,03:15-03:20,,1.00,99.00,,,11343.35,11233.25,,,,,,14414.76,,,14229.77,80,0,0,80,63748.57,63812.80,,
2026-06-15T03:19:55+08:00,btc-updown-5m-1781464500,https://polymarket.com/zh/event/btc-updown-5m-1781464500,03:15-03:20,,1.00,99.00,,,12334.05,12313.85,,,,,,14419.77,,,13794.76,80,0,0,80,63748.57,63812.80,,
2026-06-15T03:19:57+08:00,btc-updown-5m-1781464500,https://polymarket.com/zh/event/btc-updown-5m-1781464500,03:15-03:20,,1.00,99.00,,,14262.36,13923.36,,,,,,13814.76,,,13794.76,81,0,0,81,63748.57,63812.80,,
2026-06-15T03:19:59+08:00,btc-updown-5m-1781464500,https://polymarket.com/zh/event/btc-updown-5m-1781464500,03:15-03:20,,1.00,99.00,,,31955.56,26177.02,,,,,,14124.76,,,14619.76,74,0,0,74,63748.57,63811.11,,
2026-06-15T03:20:01+08:00,btc-updown-5m-1781464800,https://polymarket.com/zh/event/btc-updown-5m-1781464800,03:20-03:25,59.00,42.00,58.00,41.00,137.92,528.14,528.14,137.92,58.50,41.50,1.00,1.00,109823.19,110746.21,110746.21,109823.19,58,41,41,58,63809.65,63809.65,,
2026-06-15T03:20:03+08:00,btc-updown-5m-1781464800,https://polymarket.com/zh/event/btc-updown-5m-1781464800,03:20-03:25,59.00,42.00,58.00,41.00,330.23,382.75,301.85,101.16,58.50,41.50,1.00,1.00,110590.53,110842.56,110942.56,110622.52,58,41,41,58,63809.65,63809.65,,
2026-06-15T03:20:05+08:00,btc-updown-5m-1781464800,https://polymarket.com/zh/event/btc-updown-5m-1781464800,03:20-03:25,59.00,42.00,58.00,41.00,133.95,163.75,133.29,211.95,58.50,41.50,1.00,1.00,112147.52,112690.56,112696.26,112538.21,58,41,41,58,63809.65,63809.64,,
2026-06-15T03:20:07+08:00,btc-updown-5m-1781464800,https://polymarket.com/zh/event/btc-updown-5m-1781464800,03:20-03:25,59.00,42.00,58.00,41.00,133.79,224.25,254.28,152.02,58.50,41.50,1.00,1.00,112673.22,112695.56,112695.56,112673.22,58,41,41,58,63809.65,63809.65,,
2026-06-15T03:20:09+08:00,btc-updown-5m-1781464800,https://polymarket.com/zh/event/btc-updown-5m-1781464800,03:20-03:25,59.00,42.00,58.00,41.00,477.74,62.62,62.62,477.74,58.50,41.50,1.00,1.00,111441.56,110746.26,110746.26,111441.56,57,41,41,57,63809.65,63809.64,,
2026-06-15T03:20:11+08:00,btc-updown-5m-1781464800,https://polymarket.com/zh/event/btc-updown-5m-1781464800,03:20-03:25,59.00,45.00,55.00,41.00,952.39,483.74,554.20,929.39,57.00,43.00,4.00,4.00,111890.55,110686.26,110671.26,111890.55,53,41,41,53,63809.65,63803.76,,
2026-06-15T03:20:13+08:00,btc-updown-5m-1781464800,https://polymarket.com/zh/event/btc-updown-5m-1781464800,03:20-03:25,46.00,54.00,45.00,50.00,54.61,5.00,202.63,222.71,45.50,52.00,1.00,4.00,112727.86,111028.63,111012.93,112702.85,45,54,50,46,63809.65,63797.98,,
2026-06-15T03:20:15+08:00,btc-updown-5m-1781464800,https://polymarket.com/zh/event/btc-updown-5m-1781464800,03:20-03:25,47.00,55.00,45.00,53.00,289.18,134.84,134.84,314.18,46.00,54.00,2.00,2.00,112475.84,111332.93,111253.94,111375.84,45,53,53,45,63809.65,63797.93,,
2026-06-15T03:20:17+08:00,btc-updown-5m-1781464800,https://polymarket.com/zh/event/btc-updown-5m-1781464800,03:20-03:25,46.00,55.00,45.00,54.00,50.31,6.85,6.85,58.47,45.50,54.50,1.00,1.00,105786.54,105057.94,105062.94,105786.54,45,54,54,45,63809.65,63796.15,,
2026-06-15T03:20:19+08:00,btc-updown-5m-1781464800,https://polymarket.com/zh/event/btc-updown-5m-1781464800,03:20-03:25,46.00,58.00,44.00,55.00,261.27,61.31,90.50,60.00,45.00,56.50,2.00,3.00,106065.84,105057.94,105052.95,106076.54,44,54,55,42,63809.65,63796.00,,
2026-06-15T03:20:21+08:00,btc-updown-5m-1781464800,https://polymarket.com/zh/event/btc-updown-5m-1781464800,03:20-03:25,43.00,58.00,42.00,57.00,61.16,298.39,204.05,30.00,42.50,57.50,1.00,1.00,106682.62,105309.05,105299.05,106917.95,42,57,57,42,63809.65,63796.00,,
2026-06-15T03:20:22+08:00,btc-updown-5m-1781464800,https://polymarket.com/zh/event/btc-updown-5m-1781464800,03:20-03:25,44.00,57.00,43.00,56.00,138.78,35.87,123.91,143.78,43.50,56.50,1.00,1.00,100529.55,97053.04,97159.05,100634.55,43,56,56,43,63809.65,63796.00,,
2026-06-15T03:20:24+08:00,btc-updown-5m-1781464800,https://polymarket.com/zh/event/btc-updown-5m-1781464800,03:20-03:25,43.00,58.00,42.00,57.00,923.73,104.16,169.16,975.73,42.50,57.50,1.00,1.00,100858.94,97327.35,97422.34,100858.94,41,57,57,41,63809.65,63796.00,,
2026-06-15T03:20:26+08:00,btc-updown-5m-1781464800,https://polymarket.com/zh/event/btc-updown-5m-1781464800,03:20-03:25,41.00,63.00,37.00,59.00,76.42,403.02,415.22,94.98,39.00,61.00,4.00,4.00,99122.24,97400.66,97559.64,99122.24,37,59,59,37,63809.65,63792.81,,
2026-06-15T03:20:28+08:00,btc-updown-5m-1781464800,https://polymarket.com/zh/event/btc-updown-5m-1781464800,03:20-03:25,40.00,63.00,37.00,60.00,81.35,180.97,188.91,81.35,38.50,61.50,3.00,3.00,99137.24,97585.34,97590.34,99137.24,37,60,60,37,63809.65,63789.49,,
2026-06-15T03:20:30+08:00,btc-updown-5m-1781464800,https://polymarket.com/zh/event/btc-updown-5m-1781464800,03:20-03:25,39.00,62.00,38.00,61.00,28.11,549.67,322.07,51.59,38.50,61.50,1.00,1.00,102129.24,97887.65,97937.35,102629.24,38,61,61,38,63809.65,63793.33,,
2026-06-15T03:20:32+08:00,btc-updown-5m-1781464800,https://polymarket.com/zh/event/btc-updown-5m-1781464800,03:20-03:25,40.00,61.00,39.00,60.00,976.11,46.64,29.99,1011.67,39.50,60.50,1.00,1.00,90706.54,85965.34,85966.33,90706.54,39,60,60,39,63809.65,63790.29,,
2026-06-15T03:20:34+08:00,btc-updown-5m-1781464800,https://polymarket.com/zh/event/btc-updown-5m-1781464800,03:20-03:25,37.00,64.00,36.00,63.00,672.93,138.33,95.81,518.10,36.50,63.50,1.00,1.00,90736.54,85961.33,85970.33,90736.54,36,63,63,36,63809.65,63789.49,,
2026-06-15T03:20:36+08:00,btc-updown-5m-1781464800,https://polymarket.com/zh/event/btc-updown-5m-1781464800,03:20-03:25,32.00,69.00,29.00,68.00,185.00,41.29,185.02,186.00,30.50,68.50,3.00,1.00,88666.54,85944.64,85954.65,88671.54,29,68,68,30,63809.65,63789.49,,
2026-06-15T03:20:38+08:00,btc-updown-5m-1781464800,https://polymarket.com/zh/event/btc-updown-5m-1781464800,03:20-03:25,30.00,71.00,29.00,70.00,547.57,98.45,102.45,547.57,29.50,70.50,1.00,1.00,87626.54,86065.64,85655.64,88126.54,29,70,70,29,63809.65,63789.49,,
2026-06-15T03:20:40+08:00,btc-updown-5m-1781464800,https://polymarket.com/zh/event/btc-updown-5m-1781464800,03:20-03:25,30.00,71.00,29.00,70.00,719.67,364.63,369.04,718.37,29.50,70.50,1.00,1.00,88121.54,85660.34,85655.34,88126.54,29,70,70,29,63809.65,63789.49,,
2026-06-15T03:20:42+08:00,btc-updown-5m-1781464800,https://polymarket.com/zh/event/btc-updown-5m-1781464800,03:20-03:25,30.00,71.00,29.00,70.00,150.71,606.08,485.49,136.37,29.50,70.50,1.00,1.00,69236.54,66164.64,66179.64,69236.54,29,70,70,29,63809.65,63786.15,,
2026-06-15T03:20:44+08:00,btc-updown-5m-1781464800,https://polymarket.com/zh/event/btc-updown-5m-1781464800,03:20-03:25,31.00,70.00,30.00,69.00,672.57,154.54,102.79,541.57,30.50,69.50,1.00,1.00,68721.54,67750.33,67756.33,68836.54,30,69,69,30,63809.65,63786.00,,
2026-06-15T03:20:46+08:00,btc-updown-5m-1781464800,https://polymarket.com/zh/event/btc-updown-5m-1781464800,03:20-03:25,30.00,71.00,29.00,70.00,252.60,25.00,51.00,465.60,29.50,70.50,1.00,1.00,68236.54,67565.63,67760.63,68241.54,29,70,70,29,63809.65,63785.99,,
2026-06-15T03:20:48+08:00,btc-updown-5m-1781464800,https://polymarket.com/zh/event/btc-updown-5m-1781464800,03:20-03:25,29.00,72.00,28.00,71.00,410.49,608.01,563.01,360.99,28.50,71.50,1.00,1.00,68241.54,67686.34,67686.35,68241.54,28,71,71,28,63809.65,63786.00,,
2026-06-15T03:20:50+08:00,btc-updown-5m-1781464800,https://polymarket.com/zh/event/btc-updown-5m-1781464800,03:20-03:25,29.00,72.00,28.00,71.00,83.43,348.73,359.79,187.22,28.50,71.50,1.00,1.00,69236.54,67765.34,67670.34,69236.54,28,71,71,28,63809.65,63786.00,,
2026-06-15T03:20:52+08:00,btc-updown-5m-1781464800,https://polymarket.com/zh/event/btc-updown-5m-1781464800,03:20-03:25,29.00,72.00,28.00,71.00,283.07,10.02,15.04,533.14,28.50,71.50,1.00,1.00,27316.54,25665.34,25755.33,27426.54,28,71,71,28,63809.65,63785.99,,
2026-06-15T03:20:54+08:00,btc-updown-5m-1781464800,https://polymarket.com/zh/event/btc-updown-5m-1781464800,03:20-03:25,28.00,73.00,27.00,72.00,35.99,557.27,538.64,18.13,27.50,72.50,1.00,1.00,26831.54,25765.63,25634.63,26921.54,27,72,72,27,63809.65,63785.99,,
2026-06-15T03:20:56+08:00,btc-updown-5m-1781464800,https://polymarket.com/zh/event/btc-updown-5m-1781464800,03:20-03:25,25.00,79.00,23.00,75.00,9.74,64.00,31.00,23.07,24.00,77.00,2.00,4.00,26297.54,25654.64,25754.64,26822.54,23,74,75,21,63809.65,63772.84,,
2026-06-15T03:20:58+08:00,btc-updown-5m-1781464800,https://polymarket.com/zh/event/btc-updown-5m-1781464800,03:20-03:25,19.00,83.00,17.00,81.00,12.28,37.15,77.10,12.28,18.00,82.00,2.00,2.00,26172.54,23745.34,23755.35,26672.54,17,81,81,17,63809.65,63772.83,,
2026-06-15T03:21:00+08:00,btc-updown-5m-1781464800,https://polymarket.com/zh/event/btc-updown-5m-1781464800,03:20-03:25,18.00,83.00,17.00,82.00,6.00,42.24,42.24,6.00,17.50,82.50,1.00,1.00,26132.54,23679.64,23674.64,26132.54,17,81,81,17,63809.65,63781.98,,
2026-06-15T03:21:02+08:00,btc-updown-5m-1781464800,https://polymarket.com/zh/event/btc-updown-5m-1781464800,03:20-03:25,23.00,81.00,19.00,80.00,5.00,128.76,161.18,5.36,21.00,80.50,4.00,1.00,25611.54,24384.64,24390.64,25611.54,19,76,78,19,63809.65,63779.99,,
2026-06-15T03:21:04+08:00,btc-updown-5m-1781464800,https://polymarket.com/zh/event/btc-updown-5m-1781464800,03:20-03:25,26.00,75.00,25.00,74.00,619.00,115.10,134.07,618.82,25.50,74.50,1.00,1.00,27811.54,30769.63,30769.63,28321.54,25,74,74,25,63809.65,63779.99,,
2026-06-15T03:21:06+08:00,btc-updown-5m-1781464800,https://polymarket.com/zh/event/btc-updown-5m-1781464800,03:20-03:25,26.00,75.00,25.00,74.00,358.12,392.52,587.52,369.76,25.50,74.50,1.00,1.00,27474.32,30406.63,30412.63,27974.32,25,74,74,25,63809.65,63779.99,,
2026-06-15T03:21:08+08:00,btc-updown-5m-1781464800,https://polymarket.com/zh/event/btc-updown-5m-1781464800,03:20-03:25,25.00,76.00,24.00,75.00,175.52,44.75,46.07,184.25,24.50,75.50,1.00,1.00,25979.32,30402.64,30391.63,26489.32,24,75,75,24,63809.65,63781.02,,
2026-06-15T03:21:11+08:00,btc-updown-5m-1781464800,https://polymarket.com/zh/event/btc-updown-5m-1781464800,03:20-03:25,24.00,77.00,23.00,76.00,289.98,25.58,26.88,317.30,23.50,76.50,1.00,1.00,26593.29,30422.64,30422.64,26593.29,23,76,76,23,63809.65,63781.02,,
2026-06-15T03:21:13+08:00,btc-updown-5m-1781464800,https://polymarket.com/zh/event/btc-updown-5m-1781464800,03:20-03:25,22.00,79.00,21.00,78.00,141.44,137.48,63.00,68.17,21.50,78.50,1.00,1.00,26189.32,30406.64,30412.64,26194.32,21,78,78,21,63809.65,63781.02,,
2026-06-15T03:21:15+08:00,btc-updown-5m-1781464800,https://polymarket.com/zh/event/btc-updown-5m-1781464800,03:20-03:25,24.00,77.00,23.00,76.00,171.48,592.03,521.03,145.64,23.50,76.50,1.00,1.00,26868.29,30297.63,30392.33,26868.29,23,76,76,23,63809.65,63781.03,,
2026-06-15T03:21:17+08:00,btc-updown-5m-1781464800,https://polymarket.com/zh/event/btc-updown-5m-1781464800,03:20-03:25,24.00,78.00,23.00,77.00,517.96,67.00,2.24,302.65,23.50,77.50,1.00,1.00,27693.29,30570.05,30559.04,27688.29,23,76,77,22,63809.65,63781.03,,
2026-06-15T03:21:19+08:00,btc-updown-5m-1781464800,https://polymarket.com/zh/event/btc-updown-5m-1781464800,03:20-03:25,21.00,83.00,17.00,79.00,79.82,7.43,19.89,76.24,19.00,81.00,4.00,4.00,27448.29,30659.05,30559.05,26953.29,17,79,79,17,63809.65,63781.02,,
2026-06-15T03:21:21+08:00,btc-updown-5m-1781464800,https://polymarket.com/zh/event/btc-updown-5m-1781464800,03:20-03:25,17.00,84.00,16.00,83.00,154.54,43.98,17.40,171.17,16.50,83.50,1.00,1.00,27138.29,30569.05,30675.05,27623.29,16,83,83,16,63809.65,63772.84,,
2026-06-15T03:21:22+08:00,btc-updown-5m-1781464800,https://polymarket.com/zh/event/btc-updown-5m-1781464800,03:20-03:25,16.00,85.00,15.00,84.00,116.87,54.07,56.43,116.87,15.50,84.50,1.00,1.00,26528.29,30559.06,30554.05,26528.29,15,84,84,15,63809.65,63772.84,,
2026-06-15T03:21:24+08:00,btc-updown-5m-1781464800,https://polymarket.com/zh/event/btc-updown-5m-1781464800,03:20-03:25,17.00,84.00,16.00,83.00,99.25,564.09,544.47,81.15,16.50,83.50,1.00,1.00,27583.29,30550.04,30554.05,27683.29,16,83,83,16,63809.65,63772.84,,
2026-06-15T03:21:26+08:00,btc-updown-5m-1781464800,https://polymarket.com/zh/event/btc-updown-5m-1781464800,03:20-03:25,18.00,83.00,17.00,82.00,569.36,22.93,47.03,602.36,17.50,82.50,1.00,1.00,26281.39,30559.04,30450.04,26266.39,17,82,82,17,63809.65,63772.84,,
2026-06-15T03:21:28+08:00,btc-updown-5m-1781464800,https://polymarket.com/zh/event/btc-updown-5m-1781464800,03:20-03:25,17.00,84.00,16.00,83.00,103.50,369.94,386.00,103.50,16.50,83.50,1.00,1.00,25256.39,30554.04,30549.04,25256.39,16,83,83,16,63809.65,63772.83,,
2026-06-15T03:21:30+08:00,btc-updown-5m-1781464800,https://polymarket.com/zh/event/btc-updown-5m-1781464800,03:20-03:25,17.00,84.00,16.00,83.00,110.50,323.14,330.26,110.50,16.50,83.50,1.00,1.00,25990.39,30288.33,30382.33,26490.39,16,83,83,16,63809.65,63772.83,,
2026-06-15T03:21:32+08:00,btc-updown-5m-1781464800,https://polymarket.com/zh/event/btc-updown-5m-1781464800,03:20-03:25,18.00,84.00,17.00,82.00,502.52,69.97,5.62,460.64,17.50,83.00,1.00,2.00,25454.39,29761.65,29740.63,25459.39,17,82,82,16,63809.65,63772.84,,
2026-06-15T03:21:34+08:00,btc-updown-5m-1781464800,https://polymarket.com/zh/event/btc-updown-5m-1781464800,03:20-03:25,19.00,84.00,16.00,81.00,193.30,597.91,514.41,113.03,17.50,82.50,3.00,3.00,25394.39,29761.34,29761.33,25424.39,16,81,81,16,63809.65,63772.85,,
2026-06-15T03:21:36+08:00,btc-updown-5m-1781464800,https://polymarket.com/zh/event/btc-updown-5m-1781464800,03:20-03:25,18.00,83.00,17.00,82.00,74.38,411.69,427.69,100.38,17.50,82.50,1.00,1.00,25419.39,29861.34,29867.33,25419.39,17,82,82,17,63809.65,63772.85,,
2026-06-15T03:21:38+08:00,btc-updown-5m-1781464800,https://polymarket.com/zh/event/btc-updown-5m-1781464800,03:20-03:25,18.00,82.00,17.00,81.00,185.88,607.81,489.97,234.62,17.50,81.50,1.00,1.00,24914.39,29961.34,29772.33,24414.39,17,82,81,18,63809.65,63772.85,,
2026-06-15T03:21:40+08:00,btc-updown-5m-1781464800,https://polymarket.com/zh/event/btc-updown-5m-1781464800,03:20-03:25,19.00,82.00,18.00,81.00,367.42,235.34,235.34,420.42,18.50,81.50,1.00,1.00,24394.39,29745.63,29761.63,24914.39,18,81,81,18,63809.65,63774.64,,
2026-06-15T03:21:42+08:00,btc-updown-5m-1781464800,https://polymarket.com/zh/event/btc-updown-5m-1781464800,03:20-03:25,18.00,83.00,17.00,82.00,43.52,554.36,534.63,43.52,17.50,82.50,1.00,1.00,24145.39,29946.63,29745.64,24650.39,17,82,82,17,63809.65,63774.65,,
2026-06-15T03:21:44+08:00,btc-updown-5m-1781464800,https://polymarket.com/zh/event/btc-updown-5m-1781464800,03:20-03:25,20.00,81.00,19.00,80.00,411.17,225.29,258.52,477.17,19.50,80.50,1.00,1.00,24579.39,29746.63,29750.63,24579.39,19,80,80,19,63809.65,63774.65,,
2026-06-15T03:21:46+08:00,btc-updown-5m-1781464800,https://polymarket.com/zh/event/btc-updown-5m-1781464800,03:20-03:25,19.00,82.00,18.00,81.00,150.94,323.51,333.88,171.94,18.50,81.50,1.00,1.00,25109.39,29862.33,29861.33,25409.39,18,81,81,18,63809.65,63774.64,,
2026-06-15T03:21:48+08:00,btc-updown-5m-1781464800,https://polymarket.com/zh/event/btc-updown-5m-1781464800,03:20-03:25,19.00,82.00,18.00,81.00,352.73,5.00,105.33,401.48,18.50,81.50,1.00,1.00,25599.39,29766.64,29955.63,24904.39,18,81,81,18,63809.65,63774.65,,
2026-06-15T03:21:50+08:00,btc-updown-5m-1781464800,https://polymarket.com/zh/event/btc-updown-5m-1781464800,03:20-03:25,18.00,83.00,17.00,82.00,171.52,143.15,179.61,176.52,17.50,82.50,1.00,1.00,26099.39,29770.64,29850.63,25604.39,17,82,82,17,63809.65,63775.03,,
2026-06-15T03:21:51+08:00,btc-updown-5m-1781464800,https://polymarket.com/zh/event/btc-updown-5m-1781464800,03:20-03:25,18.00,84.00,17.00,83.00,580.66,498.27,10.02,261.94,17.50,83.50,1.00,1.00,25604.39,29751.63,29746.63,25584.39,17,82,83,16,63809.65,63775.03,,
2026-06-15T03:21:53+08:00,btc-updown-5m-1781464800,https://polymarket.com/zh/event/btc-updown-5m-1781464800,03:20-03:25,18.00,83.00,17.00,82.00,530.26,78.69,78.69,529.26,17.50,82.50,1.00,1.00,25489.39,29651.63,29645.64,25594.39,17,82,82,17,63809.65,63775.02,,
2026-06-15T03:21:55+08:00,btc-updown-5m-1781464800,https://polymarket.com/zh/event/btc-updown-5m-1781464800,03:20-03:25,17.00,84.00,16.00,83.00,19.43,613.85,642.85,35.37,16.50,83.50,1.00,1.00,25489.39,29756.34,29766.34,25489.39,16,83,83,16,63809.65,63775.03,,
2026-06-15T03:21:57+08:00,btc-updown-5m-1781464800,https://polymarket.com/zh/event/btc-updown-5m-1781464800,03:20-03:25,18.00,83.00,17.00,82.00,101.02,316.99,400.61,48.52,17.50,82.50,1.00,1.00,24085.42,29656.63,29760.63,24080.42,17,82,82,17,63809.65,63775.03,,
2026-06-15T03:21:59+08:00,btc-updown-5m-1781464800,https://polymarket.com/zh/event/btc-updown-5m-1781464800,03:20-03:25,18.00,83.00,17.00,82.00,156.11,317.41,306.61,156.11,17.50,82.50,1.00,1.00,24518.42,29645.63,29767.33,24513.42,17,82,82,17,63809.65,63775.02,,
2026-06-15T03:22:01+08:00,btc-updown-5m-1781464800,https://polymarket.com/zh/event/btc-updown-5m-1781464800,03:20-03:25,17.00,84.00,16.00,83.00,5.02,631.85,593.92,15.02,16.50,83.50,1.00,1.00,25145.39,29936.63,29951.64,25140.39,16,83,83,16,63809.65,63775.03,,
2026-06-15T03:22:03+08:00,btc-updown-5m-1781464800,https://polymarket.com/zh/event/btc-updown-5m-1781464800,03:20-03:25,17.00,84.00,16.00,83.00,69.10,386.86,506.63,69.10,16.50,83.50,1.00,1.00,24530.39,29918.63,29902.63,24635.39,16,83,83,16,63809.65,63775.03,,
2026-06-15T03:22:05+08:00,btc-updown-5m-1781464800,https://polymarket.com/zh/event/btc-updown-5m-1781464800,03:20-03:25,17.00,84.00,16.00,83.00,363.26,30.00,30.00,496.76,16.50,83.50,1.00,1.00,24095.39,29902.63,29871.65,24095.39,16,83,83,16,63809.65,63775.03,,
2026-06-15T03:22:07+08:00,btc-updown-5m-1781464800,https://polymarket.com/zh/event/btc-updown-5m-1781464800,03:20-03:25,16.00,85.00,15.00,84.00,67.75,534.63,511.81,77.75,15.50,84.50,1.00,1.00,24020.39,29863.34,29872.34,23915.39,15,84,84,15,63809.65,63775.03,,
2026-06-15T03:22:09+08:00,btc-updown-5m-1781464800,https://polymarket.com/zh/event/btc-updown-5m-1781464800,03:20-03:25,19.00,82.00,17.00,81.00,220.68,179.94,802.73,270.68,18.00,81.50,2.00,1.00,24030.39,29881.34,29875.64,24035.39,17,81,81,18,63809.65,63775.02,,
2026-06-15T03:22:11+08:00,btc-updown-5m-1781464800,https://polymarket.com/zh/event/btc-updown-5m-1781464800,03:20-03:25,19.00,82.00,18.00,81.00,766.73,30.02,30.02,598.73,18.50,81.50,1.00,1.00,23681.39,29887.34,29877.33,23381.39,18,81,81,18,63809.65,63775.03,,
2026-06-15T03:22:13+08:00,btc-updown-5m-1781464800,https://polymarket.com/zh/event/btc-updown-5m-1781464800,03:20-03:25,19.00,82.00,18.00,81.00,714.98,1.89,1.89,747.98,18.50,81.50,1.00,1.00,23735.39,29872.33,29877.33,23381.39,18,81,81,18,63809.65,63775.03,,
2026-06-15T03:22:15+08:00,btc-updown-5m-1781464800,https://polymarket.com/zh/event/btc-updown-5m-1781464800,03:20-03:25,18.00,83.00,17.00,82.00,754.10,69.07,69.07,708.10,17.50,82.50,1.00,1.00,24070.39,29876.33,29891.34,24075.39,17,82,82,17,63809.65,63775.03,,
2026-06-15T03:22:17+08:00,btc-updown-5m-1781464800,https://polymarket.com/zh/event/btc-updown-5m-1781464800,03:20-03:25,17.00,87.00,13.00,83.00,335.59,60.36,91.36,412.47,15.00,85.00,4.00,4.00,22176.86,29892.34,29892.34,22176.86,13,83,83,13,63809.65,63775.02,,
2026-06-15T03:22:19+08:00,btc-updown-5m-1781464800,https://polymarket.com/zh/event/btc-updown-5m-1781464800,03:20-03:25,13.00,88.00,12.00,87.00,537.31,285.03,287.03,587.31,12.50,87.50,1.00,1.00,22371.06,29875.63,29886.63,22366.06,12,87,87,12,63809.65,63774.65,,
2026-06-15T03:22:21+08:00,btc-updown-5m-1781464800,https://polymarket.com/zh/event/btc-updown-5m-1781464800,03:20-03:25,12.00,89.00,11.00,88.00,104.00,646.31,715.92,181.77,11.50,88.50,1.00,1.00,23354.32,29772.33,29891.34,23689.32,11,88,88,11,63809.65,63769.67,,
2026-06-15T03:22:23+08:00,btc-updown-5m-1781464800,https://polymarket.com/zh/event/btc-updown-5m-1781464800,03:20-03:25,13.00,88.00,12.00,87.00,422.23,211.40,211.40,449.23,12.50,87.50,1.00,1.00,23725.32,29766.63,29895.64,23735.32,12,87,87,12,63809.65,63769.67,,
2026-06-15T03:22:25+08:00,btc-updown-5m-1781464800,https://polymarket.com/zh/event/btc-updown-5m-1781464800,03:20-03:25,13.00,88.00,12.00,87.00,61.98,677.56,752.56,167.15,12.50,87.50,1.00,1.00,23652.18,29871.34,29971.63,23652.18,12,87,87,12,63809.65,63773.99,,
2026-06-15T03:22:27+08:00,btc-updown-5m-1781464800,https://polymarket.com/zh/event/btc-updown-5m-1781464800,03:20-03:25,13.00,88.00,12.00,87.00,462.01,130.58,135.99,431.01,12.50,87.50,1.00,1.00,22836.35,29996.63,30080.64,22841.35,12,87,87,12,63809.65,63775.89,,
2026-06-15T03:22:29+08:00,btc-updown-5m-1781464800,https://polymarket.com/zh/event/btc-updown-5m-1781464800,03:20-03:25,13.00,88.00,12.00,87.00,535.97,66.32,67.46,562.97,12.50,87.50,1.00,1.00,23148.18,29896.34,29887.33,23148.18,12,87,87,12,63809.65,63775.89,,
2026-06-15T03:22:31+08:00,btc-updown-5m-1781464800,https://polymarket.com/zh/event/btc-updown-5m-1781464800,03:20-03:25,12.00,89.00,11.00,88.00,488.72,120.48,123.70,481.72,11.50,88.50,1.00,1.00,23722.96,29891.34,29871.33,23627.96,11,88,88,11,63809.65,63775.89,,
2026-06-15T03:22:33+08:00,btc-updown-5m-1781464800,https://polymarket.com/zh/event/btc-updown-5m-1781464800,03:20-03:25,12.00,89.00,11.00,88.00,406.17,57.25,57.25,461.17,11.50,88.50,1.00,1.00,23642.96,30076.33,29897.33,23667.96,11,88,88,11,63809.65,63775.89,,
2026-06-15T03:22:34+08:00,btc-updown-5m-1781464800,https://polymarket.com/zh/event/btc-updown-5m-1781464800,03:20-03:25,12.00,89.00,11.00,88.00,461.17,57.25,57.25,461.17,11.50,88.50,1.00,1.00,23667.96,29897.33,29897.33,23667.96,11,88,88,11,63809.65,63775.89,,
2026-06-15T03:22:36+08:00,btc-updown-5m-1781464800,https://polymarket.com/zh/event/btc-updown-5m-1781464800,03:20-03:25,11.00,90.00,10.00,89.00,397.14,136.60,136.60,399.14,10.50,89.50,1.00,1.00,23607.96,29787.33,29976.33,23637.96,10,89,89,10,63809.65,63775.89,,
2026-06-15T03:22:38+08:00,btc-updown-5m-1781464800,https://polymarket.com/zh/event/btc-updown-5m-1781464800,03:20-03:25,11.00,90.00,10.00,88.00,260.90,114.24,114.24,23.33,10.50,89.00,1.00,2.00,23660.96,29970.63,29971.63,23671.47,10,89,88,10,63809.65,63775.89,,
2026-06-15T03:22:40+08:00,btc-updown-5m-1781464800,https://polymarket.com/zh/event/btc-updown-5m-1781464800,03:20-03:25,11.00,90.00,10.00,89.00,91.45,394.00,430.37,148.35,10.50,89.50,1.00,1.00,23646.23,29892.33,29866.34,23631.23,10,89,89,10,63809.65,63775.88,,
2026-06-15T03:22:42+08:00,btc-updown-5m-1781464800,https://polymarket.com/zh/event/btc-updown-5m-1781464800,03:20-03:25,11.00,90.00,10.00,89.00,212.96,36.51,56.51,362.07,10.50,89.50,1.00,1.00,22287.45,29871.34,29861.33,22292.46,10,89,89,10,63809.65,63775.89,,
2026-06-15T03:22:44+08:00,btc-updown-5m-1781464800,https://polymarket.com/zh/event/btc-updown-5m-1781464800,03:20-03:25,11.00,90.00,10.00,89.00,393.27,32.97,59.66,402.27,10.50,89.50,1.00,1.00,23364.45,29760.63,29761.63,23369.45,10,89,89,10,63809.65,63775.89,,
2026-06-15T03:22:46+08:00,btc-updown-5m-1781464800,https://polymarket.com/zh/event/btc-updown-5m-1781464800,03:20-03:25,10.00,91.00,9.00,90.00,171.14,1055.68,415.93,166.66,9.50,90.50,1.00,1.00,22968.61,29846.63,29961.64,22956.61,9,90,90,9,63809.65,63775.89,,
2026-06-15T03:22:48+08:00,btc-updown-5m-1781464800,https://polymarket.com/zh/event/btc-updown-5m-1781464800,03:20-03:25,15.00,87.00,13.00,85.00,5.00,108.00,100.00,206.50,14.00,86.00,2.00,2.00,22978.81,29698.97,29708.97,22973.61,13,85,85,13,63809.65,63781.99,,
2026-06-15T03:22:50+08:00,btc-updown-5m-1781464800,https://polymarket.com/zh/event/btc-updown-5m-1781464800,03:20-03:25,15.00,86.00,14.00,85.00,300.96,179.18,237.50,281.69,14.50,85.50,1.00,1.00,23018.61,29703.27,29538.27,22843.61,14,85,85,14,63809.65,63782.00,,
2026-06-15T03:22:52+08:00,btc-updown-5m-1781464800,https://polymarket.com/zh/event/btc-updown-5m-1781464800,03:20-03:25,14.00,87.00,13.00,86.00,111.90,397.31,292.76,111.90,13.50,86.50,1.00,1.00,22828.61,29508.26,29613.26,22828.61,13,86,86,13,63809.65,63782.00,,
2026-06-15T03:22:54+08:00,btc-updown-5m-1781464800,https://polymarket.com/zh/event/btc-updown-5m-1781464800,03:20-03:25,11.00,90.00,10.00,89.00,85.00,293.28,288.28,155.02,10.50,89.50,1.00,1.00,22804.03,29489.26,29579.26,22809.23,10,89,89,10,63809.65,63782.00,,
2026-06-15T03:22:56+08:00,btc-updown-5m-1781464800,https://polymarket.com/zh/event/btc-updown-5m-1781464800,03:20-03:25,11.00,90.00,10.00,89.00,269.47,138.00,168.52,259.45,10.50,89.50,1.00,1.00,21457.73,29378.26,29278.27,21457.73,10,89,89,10,63809.65,63781.99,,
2026-06-15T03:22:58+08:00,btc-updown-5m-1781464800,https://polymarket.com/zh/event/btc-updown-5m-1781464800,03:20-03:25,14.00,87.00,13.00,86.00,296.94,74.94,52.99,377.58,13.50,86.50,1.00,1.00,21275.77,29384.28,29378.27,21395.77,13,86,86,13,63809.65,63782.00,,
2026-06-15T03:23:00+08:00,btc-updown-5m-1781464800,https://polymarket.com/zh/event/btc-updown-5m-1781464800,03:20-03:25,14.00,88.00,13.00,86.00,730.08,34.00,103.16,684.08,13.50,87.00,1.00,2.00,22344.74,29309.26,29313.27,22338.11,13,86,86,12,63809.65,63779.99,,
2026-06-15T03:23:02+08:00,btc-updown-5m-1781464800,https://polymarket.com/zh/event/btc-updown-5m-1781464800,03:20-03:25,8.00,93.00,7.00,92.00,210.50,121.87,121.87,395.71,7.50,92.50,1.00,1.00,20598.76,28089.28,28068.27,20617.18,7,92,92,7,63809.65,63772.83,,
2026-06-15T03:23:04+08:00,btc-updown-5m-1781464800,https://polymarket.com/zh/event/btc-updown-5m-1781464800,03:20-03:25,8.00,93.00,7.00,92.00,608.26,88.53,88.53,597.26,7.50,92.50,1.00,1.00,21506.32,27979.67,27858.68,21511.32,7,92,92,7,63809.65,63768.00,,
2026-06-15T03:23:06+08:00,btc-updown-5m-1781464800,https://polymarket.com/zh/event/btc-updown-5m-1781464800,03:20-03:25,8.00,93.00,7.00,92.00,566.55,15.35,15.35,616.55,7.50,92.50,1.00,1.00,21491.42,27568.67,27569.67,21483.42,7,92,92,7,63809.65,63773.98,,
2026-06-15T03:23:08+08:00,btc-updown-5m-1781464800,https://polymarket.com/zh/event/btc-updown-5m-1781464800,03:20-03:25,8.00,93.00,7.00,92.00,584.29,35.87,35.87,582.73,7.50,92.50,1.00,1.00,21557.27,27563.68,27563.68,21557.27,7,92,92,7,63809.65,63773.98,,
2026-06-15T03:23:10+08:00,btc-updown-5m-1781464800,https://polymarket.com/zh/event/btc-updown-5m-1781464800,03:20-03:25,6.00,95.00,5.00,94.00,183.83,558.45,571.45,253.83,5.50,94.50,1.00,1.00,20585.93,27573.68,27578.68,19906.26,5,94,94,5,63809.65,63768.36,,
2026-06-15T03:23:12+08:00,btc-updown-5m-1781464800,https://polymarket.com/zh/event/btc-updown-5m-1781464800,03:20-03:25,5.00,96.00,4.00,95.00,106.35,518.88,294.81,285.47,4.50,95.50,1.00,1.00,17476.52,27144.68,27129.68,17766.17,4,95,95,4,63809.65,63761.98,,
2026-06-15T03:23:14+08:00,btc-updown-5m-1781464800,https://polymarket.com/zh/event/btc-updown-5m-1781464800,03:20-03:25,4.00,97.00,3.00,96.00,389.19,2486.05,2469.48,359.19,3.50,96.50,1.00,1.00,12587.89,26848.17,26933.17,12656.96,3,96,96,3,63809.65,63759.51,,
2026-06-15T03:23:16+08:00,btc-updown-5m-1781464800,https://polymarket.com/zh/event/btc-updown-5m-1781464800,03:20-03:25,4.00,97.00,3.00,96.00,796.95,2297.43,2290.18,801.95,3.50,96.50,1.00,1.00,12608.64,26798.50,26803.20,12615.89,3,96,96,3,63809.65,63761.69,,
2026-06-15T03:23:17+08:00,btc-updown-5m-1781464800,https://polymarket.com/zh/event/btc-updown-5m-1781464800,03:20-03:25,4.00,97.00,3.00,96.00,969.22,2238.15,2243.15,969.22,3.50,96.50,1.00,1.00,13542.58,26749.20,26658.21,13537.58,3,96,96,3,63809.65,63763.03,,
2026-06-15T03:23:19+08:00,btc-updown-5m-1781464800,https://polymarket.com/zh/event/btc-updown-5m-1781464800,03:20-03:25,4.00,97.00,3.00,96.00,672.03,1863.88,1863.88,672.03,3.50,96.50,1.00,1.00,13244.19,26592.50,26719.20,13244.19,3,96,96,3,63809.65,63761.99,,
2026-06-15T03:23:21+08:00,btc-updown-5m-1781464800,https://polymarket.com/zh/event/btc-updown-5m-1781464800,03:20-03:25,4.00,97.00,3.00,96.00,642.92,1704.52,1674.52,642.92,3.50,96.50,1.00,1.00,12655.33,26079.16,26075.15,12685.33,3,96,96,3,63809.65,63762.00,,
2026-06-15T03:23:23+08:00,btc-updown-5m-1781464800,https://polymarket.com/zh/event/btc-updown-5m-1781464800,03:20-03:25,5.00,96.00,4.00,95.00,409.77,126.52,114.48,419.77,4.50,95.50,1.00,1.00,12452.19,26084.15,26064.15,12476.84,4,95,95,4,63809.65,63761.99,,
2026-06-15T03:23:25+08:00,btc-updown-5m-1781464800,https://polymarket.com/zh/event/btc-updown-5m-1781464800,03:20-03:25,5.00,97.00,4.00,96.00,420.51,1842.42,19.13,60.00,4.50,96.50,1.00,1.00,12635.36,26075.15,26074.16,12905.34,4,95,96,3,63809.65,63762.00,,
2026-06-15T03:23:27+08:00,btc-updown-5m-1781464800,https://polymarket.com/zh/event/btc-updown-5m-1781464800,03:20-03:25,4.00,97.00,3.00,96.00,218.50,1764.38,1766.38,218.50,3.50,96.50,1.00,1.00,12582.78,26190.15,26084.15,12580.78,3,96,96,3,63809.65,63761.99,,
2026-06-15T03:23:29+08:00,btc-updown-5m-1781464800,https://polymarket.com/zh/event/btc-updown-5m-1781464800,03:20-03:25,4.00,97.00,3.00,96.00,344.90,1367.88,1367.88,344.90,3.50,96.50,1.00,1.00,12131.99,26090.86,26185.85,12031.99,3,96,96,3,63809.65,63762.00,,
2026-06-15T03:23:31+08:00,btc-updown-5m-1781464800,https://polymarket.com/zh/event/btc-updown-5m-1781464800,03:20-03:25,4.00,97.00,3.00,96.00,546.94,40.00,35.00,570.91,3.50,96.50,1.00,1.00,9805.32,25984.17,25984.16,9593.41,3,96,96,3,63809.65,63763.01,,
2026-06-15T03:23:33+08:00,btc-updown-5m-1781464800,https://polymarket.com/zh/event/btc-updown-5m-1781464800,03:20-03:25,3.00,98.00,2.00,97.00,742.81,675.01,2232.75,716.34,2.50,97.50,1.00,1.00,10250.83,26080.15,25969.15,8673.09,2,97,97,2,63809.65,63763.01,,
2026-06-15T03:23:35+08:00,btc-updown-5m-1781464800,https://polymarket.com/zh/event/btc-updown-5m-1781464800,03:20-03:25,3.00,98.00,2.00,97.00,1031.92,437.43,437.43,1020.89,2.50,97.50,1.00,1.00,8892.51,25721.37,25731.37,8892.51,2,97,97,2,63809.65,63763.01,,
2026-06-15T03:23:37+08:00,btc-updown-5m-1781464800,https://polymarket.com/zh/event/btc-updown-5m-1781464800,03:20-03:25,3.00,98.00,2.00,97.00,975.31,368.54,363.54,990.31,2.50,97.50,1.00,1.00,8813.62,25736.37,25747.37,8823.62,2,97,97,2,63809.65,63763.01,,
2026-06-15T03:23:39+08:00,btc-updown-5m-1781464800,https://polymarket.com/zh/event/btc-updown-5m-1781464800,03:20-03:25,3.00,98.00,2.00,97.00,895.03,413.54,403.54,895.03,2.50,97.50,1.00,1.00,8879.36,25852.37,25742.37,8889.36,2,97,97,2,63809.65,63763.01,,
2026-06-15T03:23:41+08:00,btc-updown-5m-1781464800,https://polymarket.com/zh/event/btc-updown-5m-1781464800,03:20-03:25,3.00,98.00,2.00,97.00,466.10,626.97,661.37,491.10,2.50,97.50,1.00,1.00,8703.90,25751.37,25740.37,8045.53,2,97,97,2,63809.65,63764.30,,
2026-06-15T03:23:43+08:00,btc-updown-5m-1781464800,https://polymarket.com/zh/event/btc-updown-5m-1781464800,03:20-03:25,3.00,98.00,2.00,97.00,506.48,355.46,345.46,506.48,2.50,97.50,1.00,1.00,8462.99,25750.37,25761.37,8921.99,2,97,97,2,63809.65,63765.52,,
2026-06-15T03:23:45+08:00,btc-updown-5m-1781464800,https://polymarket.com/zh/event/btc-updown-5m-1781464800,03:20-03:25,3.00,98.00,2.00,97.00,469.80,332.71,307.71,469.80,2.50,97.50,1.00,1.00,8436.82,25765.37,25851.37,8461.82,2,97,97,2,63809.65,63765.53,,
2026-06-15T03:23:46+08:00,btc-updown-5m-1781464800,https://polymarket.com/zh/event/btc-updown-5m-1781464800,03:20-03:25,3.00,98.00,2.00,97.00,355.88,1585.75,1590.75,355.88,2.50,97.50,1.00,1.00,10218.86,25772.07,25751.07,10213.86,2,97,97,2,63809.65,63765.52,,
2026-06-15T03:23:48+08:00,btc-updown-5m-1781464800,https://polymarket.com/zh/event/btc-updown-5m-1781464800,03:20-03:25,3.00,98.00,2.00,97.00,445.18,1351.34,1485.27,497.68,2.50,97.50,1.00,1.00,9908.38,25766.07,25872.07,9874.45,2,97,97,2,63809.65,63765.53,,
2026-06-15T03:23:50+08:00,btc-updown-5m-1781464800,https://polymarket.com/zh/event/btc-updown-5m-1781464800,03:20-03:25,4.00,97.00,3.00,96.00,28.03,731.57,762.57,18.03,3.50,96.50,1.00,1.00,9871.41,25772.07,25656.07,9745.41,3,96,96,3,63809.65,63773.79,,
2026-06-15T03:23:52+08:00,btc-updown-5m-1781464800,https://polymarket.com/zh/event/btc-updown-5m-1781464800,03:20-03:25,5.00,96.00,4.00,95.00,110.00,993.73,975.87,37.50,4.50,95.50,1.00,1.00,10755.06,25756.08,25962.08,10772.92,4,95,95,4,63809.65,63776.16,,
2026-06-15T03:23:54+08:00,btc-updown-5m-1781464800,https://polymarket.com/zh/event/btc-updown-5m-1781464800,03:20-03:25,6.00,95.00,5.00,94.00,354.52,208.66,208.66,334.52,5.50,94.50,1.00,1.00,10957.06,25660.38,25555.37,10947.06,5,94,94,5,63809.65,63779.49,,
2026-06-15T03:23:56+08:00,btc-updown-5m-1781464800,https://polymarket.com/zh/event/btc-updown-5m-1781464800,03:20-03:25,6.00,95.00,5.00,94.00,410.95,154.93,144.93,410.95,5.50,94.50,1.00,1.00,10746.36,25671.07,25670.37,10751.36,5,94,94,5,63809.65,63779.55,,
2026-06-15T03:23:58+08:00,btc-updown-5m-1781464800,https://polymarket.com/zh/event/btc-updown-5m-1781464800,03:20-03:25,6.00,95.00,5.00,94.00,439.30,83.96,78.96,350.63,5.50,94.50,1.00,1.00,11752.76,25656.37,25670.37,11757.76,5,94,94,5,63809.65,63780.30,,
2026-06-15T03:24:00+08:00,btc-updown-5m-1781464800,https://polymarket.com/zh/event/btc-updown-5m-1781464800,03:20-03:25,6.00,95.00,5.00,94.00,441.68,2.15,7.37,494.68,5.50,94.50,1.00,1.00,11226.05,25660.37,25631.37,11220.83,5,94,94,5,63809.65,63780.28,,
2026-06-15T03:24:02+08:00,btc-updown-5m-1781464800,https://polymarket.com/zh/event/btc-updown-5m-1781464800,03:20-03:25,4.00,97.00,3.00,96.00,140.89,639.19,584.19,140.89,3.50,96.50,1.00,1.00,10853.57,26035.38,26031.37,10908.57,3,96,96,3,63809.65,63780.26,,
2026-06-15T03:24:04+08:00,btc-updown-5m-1781464800,https://polymarket.com/zh/event/btc-updown-5m-1781464800,03:20-03:25,3.00,98.00,2.00,97.00,77.19,2014.84,2029.06,77.19,2.50,97.50,1.00,1.00,10161.88,26140.37,26051.37,10147.66,2,97,97,2,63809.65,63774.60,,
2026-06-15T03:24:06+08:00,btc-updown-5m-1781464800,https://polymarket.com/zh/event/btc-updown-5m-1781464800,03:20-03:25,4.00,97.00,3.00,96.00,53.14,137.96,149.00,53.14,3.50,96.50,1.00,1.00,9387.76,24686.37,24675.37,9615.85,3,96,96,3,63809.65,63774.60,,
2026-06-15T03:24:08+08:00,btc-updown-5m-1781464800,https://polymarket.com/zh/event/btc-updown-5m-1781464800,03:20-03:25,4.00,97.00,3.00,96.00,50.00,1.99,23.03,119.00,3.50,96.50,1.00,1.00,9236.79,24701.38,24691.37,9190.75,3,96,96,3,63809.65,63774.60,,
2026-06-15T03:24:10+08:00,btc-updown-5m-1781464800,https://polymarket.com/zh/event/btc-updown-5m-1781464800,03:20-03:25,3.00,98.00,2.00,97.00,40.00,1734.45,1640.71,45.00,2.50,97.50,1.00,1.00,9345.53,24696.37,24691.37,9439.27,2,97,97,2,63809.65,63774.61,,
2026-06-15T03:24:12+08:00,btc-updown-5m-1781464800,https://polymarket.com/zh/event/btc-updown-5m-1781464800,03:20-03:25,3.00,98.00,2.00,97.00,50.00,957.03,1371.58,61.00,2.50,97.50,1.00,1.00,7628.43,24560.37,24676.07,7213.88,2,97,97,2,63809.65,63774.60,,
2026-06-15T03:24:14+08:00,btc-updown-5m-1781464800,https://polymarket.com/zh/event/btc-updown-5m-1781464800,03:20-03:25,4.00,98.00,3.00,97.00,50.00,1225.91,129.00,262.00,3.50,97.50,1.00,1.00,7807.38,24466.37,24376.37,7678.38,3,96,96,2,63809.65,63774.60,,
2026-06-15T03:24:16+08:00,btc-updown-5m-1781464800,https://polymarket.com/zh/event/btc-updown-5m-1781464800,03:20-03:25,3.00,98.00,2.00,97.00,173.18,652.49,957.49,256.18,2.50,97.50,1.00,1.00,7431.96,24702.38,24703.37,6572.20,2,97,97,2,63809.65,63774.61,,
2026-06-15T03:24:17+08:00,btc-updown-5m-1781464800,https://polymarket.com/zh/event/btc-updown-5m-1781464800,03:20-03:25,3.00,98.00,2.00,97.00,155.28,785.62,735.62,155.28,2.50,97.50,1.00,1.00,6655.33,24718.07,24618.07,6705.33,2,97,97,2,63809.65,63769.51,,
2026-06-15T03:24:19+08:00,btc-updown-5m-1781464800,https://polymarket.com/zh/event/btc-updown-5m-1781464800,03:20-03:25,3.00,98.00,2.00,97.00,95.60,797.03,802.03,95.60,2.50,97.50,1.00,1.00,6718.74,24718.07,24714.07,6713.74,2,97,97,2,63809.65,63769.52,,
2026-06-15T03:24:21+08:00,btc-updown-5m-1781464800,https://polymarket.com/zh/event/btc-updown-5m-1781464800,03:20-03:25,3.00,98.00,2.00,97.00,95.60,333.84,318.84,89.76,2.50,97.50,1.00,1.00,6200.55,24802.37,24708.37,6195.55,2,97,97,2,63809.65,63769.52,,
2026-06-15T03:24:23+08:00,btc-updown-5m-1781464800,https://polymarket.com/zh/event/btc-updown-5m-1781464800,03:20-03:25,3.00,98.00,2.00,97.00,134.46,266.66,263.69,139.46,2.50,97.50,1.00,1.00,6145.40,24812.38,24608.37,6148.37,2,97,97,2,63809.65,63769.52,,
2026-06-15T03:24:25+08:00,btc-updown-5m-1781464800,https://polymarket.com/zh/event/btc-updown-5m-1781464800,03:20-03:25,3.00,98.00,2.00,97.00,352.30,217.24,222.35,327.30,2.50,97.50,1.00,1.00,6039.06,24723.07,24723.07,6033.95,2,97,97,2,63809.65,63769.52,,
2026-06-15T03:24:27+08:00,btc-updown-5m-1781464800,https://polymarket.com/zh/event/btc-updown-5m-1781464800,03:20-03:25,3.00,98.00,2.00,97.00,424.25,54.59,64.59,419.25,2.50,97.50,1.00,1.00,5864.11,24429.07,24402.37,5854.11,2,97,97,2,63809.65,63769.52,,
2026-06-15T03:24:29+08:00,btc-updown-5m-1781464800,https://polymarket.com/zh/event/btc-updown-5m-1781464800,03:20-03:25,2.00,99.00,1.00,98.00,104.19,5116.79,5121.99,97.19,1.50,98.50,1.00,1.00,5121.99,24698.07,24623.37,5116.79,1,98,98,1,63809.65,63769.52,,
2026-06-15T03:24:31+08:00,btc-updown-5m-1781464800,https://polymarket.com/zh/event/btc-updown-5m-1781464800,03:20-03:25,2.00,,1.00,99.00,906.56,,1696.16,3854.45,1.50,,1.00,,1696.16,24595.04,24590.04,,1,98,99,0,63809.65,63769.52,,
2026-06-15T03:24:33+08:00,btc-updown-5m-1781464800,https://polymarket.com/zh/event/btc-updown-5m-1781464800,03:20-03:25,1.00,,,99.00,3824.83,,,3829.83,,,,,,24714.04,24814.04,,0,99,99,0,63809.65,63768.00,,
2026-06-15T03:24:35+08:00,btc-updown-5m-1781464800,https://polymarket.com/zh/event/btc-updown-5m-1781464800,03:20-03:25,1.00,,,99.00,3442.42,,,3442.42,,,,,,24033.05,24043.05,,0,99,99,0,63809.65,63768.00,,
2026-06-15T03:24:37+08:00,btc-updown-5m-1781464800,https://polymarket.com/zh/event/btc-updown-5m-1781464800,03:20-03:25,1.00,,,99.00,3191.16,,,3191.16,,,,,,24494.25,24499.25,,0,99,99,0,63809.65,63768.00,,
2026-06-15T03:24:39+08:00,btc-updown-5m-1781464800,https://polymarket.com/zh/event/btc-updown-5m-1781464800,03:20-03:25,1.00,,,99.00,3222.19,,,3222.19,,,,,,24958.05,24974.05,,0,99,99,0,63809.65,63768.00,,
2026-06-15T03:24:41+08:00,btc-updown-5m-1781464800,https://polymarket.com/zh/event/btc-updown-5m-1781464800,03:20-03:25,1.00,,,99.00,3288.61,,,3298.61,,,,,,24924.05,24948.05,,0,99,99,0,63809.65,63768.00,,
2026-06-15T03:24:43+08:00,btc-updown-5m-1781464800,https://polymarket.com/zh/event/btc-updown-5m-1781464800,03:20-03:25,1.00,,,99.00,3325.08,,,3325.08,,,,,,24728.05,24723.05,,0,99,99,0,63809.65,63768.00,,
2026-06-15T03:24:45+08:00,btc-updown-5m-1781464800,https://polymarket.com/zh/event/btc-updown-5m-1781464800,03:20-03:25,1.00,,,99.00,3360.58,,,3365.58,,,,,,24597.45,24608.45,,0,99,99,0,63809.65,63772.14,,
2026-06-15T03:24:47+08:00,btc-updown-5m-1781464800,https://polymarket.com/zh/event/btc-updown-5m-1781464800,03:20-03:25,1.00,,,99.00,4299.23,,,4294.23,,,,,,24603.45,24592.45,,0,99,99,0,63809.65,63772.15,,
2026-06-15T03:24:49+08:00,btc-updown-5m-1781464800,https://polymarket.com/zh/event/btc-updown-5m-1781464800,03:20-03:25,1.00,,,99.00,4122.91,,,4122.91,,,,,,24607.46,24602.45,,0,91,91,0,63809.65,63772.14,,
2026-06-15T03:24:51+08:00,btc-updown-5m-1781464800,https://polymarket.com/zh/event/btc-updown-5m-1781464800,03:20-03:25,1.00,,,99.00,4692.28,,,4732.28,,,,,,17123.45,16922.45,,0,94,94,0,63809.65,63774.93,,
2026-06-15T03:24:53+08:00,btc-updown-5m-1781464800,https://polymarket.com/zh/event/btc-updown-5m-1781464800,03:20-03:25,1.00,,,99.00,5429.38,,,5439.38,,,,,,17103.45,17109.45,,0,91,91,0,63809.65,63774.93,,
2026-06-15T03:24:55+08:00,btc-updown-5m-1781464800,https://polymarket.com/zh/event/btc-updown-5m-1781464800,03:20-03:25,1.00,,,99.00,6902.08,,,6912.08,,,,,,16803.45,16814.45,,0,91,91,0,63809.65,63774.94,,
2026-06-15T03:24:57+08:00,btc-updown-5m-1781464800,https://polymarket.com/zh/event/btc-updown-5m-1781464800,03:20-03:25,1.00,,,99.00,10523.31,,,10773.31,,,,,,16798.45,16789.45,,0,92,92,0,63809.65,63774.93,,
2026-06-15T03:24:59+08:00,btc-updown-5m-1781464800,https://polymarket.com/zh/event/btc-updown-5m-1781464800,03:20-03:25,1.00,,,99.00,27426.03,,,27542.03,,,,,,17108.46,17104.45,,0,90,90,0,63809.65,63774.93,,
2026-06-15T03:25:02+08:00,btc-updown-5m-1781465100,https://polymarket.com/zh/event/btc-updown-5m-1781465100,03:25-03:30,63.00,38.00,62.00,37.00,117.37,64.56,140.56,131.37,62.50,37.50,1.00,1.00,110034.32,110764.89,110759.89,110534.32,59,37,37,59,63774.94,63774.94,,
2026-06-15T03:25:04+08:00,btc-updown-5m-1781465100,https://polymarket.com/zh/event/btc-updown-5m-1781465100,03:25-03:30,60.00,41.00,59.00,40.00,261.46,5.00,57.00,445.46,59.50,40.50,1.00,1.00,111853.65,112762.24,112762.24,111953.64,59,40,40,59,63774.94,63774.94,,
2026-06-15T03:25:05+08:00,btc-updown-5m-1781465100,https://polymarket.com/zh/event/btc-updown-5m-1781465100,03:25-03:30,58.00,43.00,57.00,42.00,132.36,617.33,711.33,246.36,57.50,42.50,1.00,1.00,112439.34,113026.94,113036.24,112433.64,57,42,42,57,63774.94,63775.62,,
2026-06-15T03:25:07+08:00,btc-updown-5m-1781465100,https://polymarket.com/zh/event/btc-updown-5m-1781465100,03:25-03:30,58.00,43.00,57.00,42.00,146.64,707.87,689.87,146.64,57.50,42.50,1.00,1.00,112613.64,113198.67,113198.67,112642.64,57,42,42,57,63774.94,63775.62,,
2026-06-15T03:25:09+08:00,btc-updown-5m-1781465100,https://polymarket.com/zh/event/btc-updown-5m-1781465100,03:25-03:30,58.00,43.00,57.00,42.00,54.50,550.20,524.20,34.50,57.50,42.50,1.00,1.00,110677.64,111282.67,111298.37,110688.34,57,42,42,57,63774.94,63775.63,,
2026-06-15T03:25:11+08:00,btc-updown-5m-1781465100,https://polymarket.com/zh/event/btc-updown-5m-1781465100,03:25-03:30,59.00,42.00,58.00,41.00,201.54,347.08,285.57,206.54,58.50,41.50,1.00,1.00,111818.34,111358.37,111358.37,111928.35,58,41,41,58,63774.94,63775.63,,
2026-06-15T03:25:13+08:00,btc-updown-5m-1781465100,https://polymarket.com/zh/event/btc-updown-5m-1781465100,03:25-03:30,59.00,42.00,58.00,41.00,399.18,11.39,11.39,353.27,58.50,41.50,1.00,1.00,112623.34,111583.37,111588.37,112523.34,58,41,41,58,63774.94,63775.62,,
2026-06-15T03:25:15+08:00,btc-updown-5m-1781465100,https://polymarket.com/zh/event/btc-updown-5m-1781465100,03:25-03:30,58.00,43.00,57.00,42.00,41.37,325.63,283.33,66.37,57.50,42.50,1.00,1.00,112448.34,111723.37,111713.37,112233.35,57,42,42,57,63774.94,63775.63,,
2026-06-15T03:25:17+08:00,btc-updown-5m-1781465100,https://polymarket.com/zh/event/btc-updown-5m-1781465100,03:25-03:30,58.00,43.00,57.00,42.00,31.47,580.14,427.14,31.47,57.50,42.50,1.00,1.00,106248.35,105733.37,105733.37,106638.34,57,42,42,57,63774.94,63775.72,,
2026-06-15T03:25:19+08:00,btc-updown-5m-1781465100,https://polymarket.com/zh/event/btc-updown-5m-1781465100,03:25-03:30,58.00,43.00,57.00,42.00,48.84,306.31,344.40,116.34,57.50,42.50,1.00,1.00,106148.35,105838.37,105823.37,106723.34,57,42,42,57,63774.94,63775.64,,
2026-06-15T03:25:21+08:00,btc-updown-5m-1781465100,https://polymarket.com/zh/event/btc-updown-5m-1781465100,03:25-03:30,58.00,43.00,57.00,42.00,124.34,490.45,346.24,119.34,57.50,42.50,1.00,1.00,98539.06,97233.80,97238.80,98239.06,57,42,42,57,63774.94,63775.64,,
2026-06-15T03:25:23+08:00,btc-updown-5m-1781465100,https://polymarket.com/zh/event/btc-updown-5m-1781465100,03:25-03:30,58.00,43.00,57.00,42.00,60.22,536.57,665.40,55.22,57.50,42.50,1.00,1.00,98683.36,97649.09,97654.09,98746.06,57,42,42,57,63774.94,63775.64,,
2026-06-15T03:25:25+08:00,btc-updown-5m-1781465100,https://polymarket.com/zh/event/btc-updown-5m-1781465100,03:25-03:30,58.00,43.00,57.00,42.00,69.86,480.28,504.28,69.86,57.50,42.50,1.00,1.00,97200.76,97768.39,97773.39,97205.77,57,42,42,57,63774.94,63775.64,,
2026-06-15T03:25:27+08:00,btc-updown-5m-1781465100,https://polymarket.com/zh/event/btc-updown-5m-1781465100,03:25-03:30,58.00,43.00,57.00,42.00,35.06,563.50,692.63,35.06,57.50,42.50,1.00,1.00,98033.06,98223.09,98261.99,98033.06,57,42,42,57,63774.94,63775.63,,
2026-06-15T03:25:29+08:00,btc-updown-5m-1781465100,https://polymarket.com/zh/event/btc-updown-5m-1781465100,03:25-03:30,58.00,43.00,57.00,42.00,170.50,86.28,158.28,199.52,57.50,42.50,1.00,1.00,101199.36,98384.39,98383.69,101283.66,57,42,42,57,63774.94,63775.64,,
2026-06-15T03:25:31+08:00,btc-updown-5m-1781465100,https://polymarket.com/zh/event/btc-updown-5m-1781465100,03:25-03:30,58.00,43.00,57.00,42.00,303.37,271.56,290.89,292.33,57.50,42.50,1.00,1.00,89344.66,86629.69,86634.69,89834.66,57,42,42,57,63774.94,63775.64,,
2026-06-15T03:25:33+08:00,btc-updown-5m-1781465100,https://polymarket.com/zh/event/btc-updown-5m-1781465100,03:25-03:30,58.00,43.00,57.00,42.00,133.37,703.55,661.63,128.35,57.50,42.50,1.00,1.00,89545.36,86540.39,86545.39,89345.36,57,42,42,57,63774.94,63775.63,,
2026-06-15T03:25:35+08:00,btc-updown-5m-1781465100,https://polymarket.com/zh/event/btc-updown-5m-1781465100,03:25-03:30,58.00,43.00,57.00,42.00,34.33,1106.74,1192.74,34.33,57.50,42.50,1.00,1.00,88965.36,86555.39,86560.39,89460.36,57,42,42,57,63774.94,63775.64,,
2026-06-15T03:25:37+08:00,btc-updown-5m-1781465100,https://polymarket.com/zh/event/btc-updown-5m-1781465100,03:25-03:30,58.00,43.00,57.00,42.00,66.22,1041.11,1030.11,71.22,57.50,42.50,1.00,1.00,89240.36,86235.39,86230.39,88760.37,57,42,42,57,63774.94,63775.64,,
2026-06-15T03:25:39+08:00,btc-updown-5m-1781465100,https://polymarket.com/zh/event/btc-updown-5m-1781465100,03:25-03:30,59.00,42.00,58.00,41.00,111.72,371.33,421.27,181.72,58.50,41.50,1.00,1.00,88945.36,86275.39,86270.39,88445.36,58,41,41,58,63774.94,63775.64,,
2026-06-15T03:25:41+08:00,btc-updown-5m-1781465100,https://polymarket.com/zh/event/btc-updown-5m-1781465100,03:25-03:30,59.00,42.00,58.00,41.00,64.02,657.54,726.54,70.82,58.50,41.50,1.00,1.00,68825.36,66660.39,66655.39,68340.36,58,41,41,58,63774.94,63775.63,,
2026-06-15T03:25:43+08:00,btc-updown-5m-1781465100,https://polymarket.com/zh/event/btc-updown-5m-1781465100,03:25-03:30,60.00,41.00,59.00,40.00,187.91,439.66,330.38,238.74,59.50,40.50,1.00,1.00,68719.66,66657.73,66658.43,68835.36,59,40,40,59,63774.94,63775.64,,
2026-06-15T03:25:45+08:00,btc-updown-5m-1781465100,https://polymarket.com/zh/event/btc-updown-5m-1781465100,03:25-03:30,60.00,41.00,59.00,40.00,404.76,22.72,29.02,393.76,59.50,40.50,1.00,1.00,68645.37,66739.38,66739.38,67650.37,59,40,40,59,63774.94,63775.63,,
2026-06-15T03:25:47+08:00,btc-updown-5m-1781465100,https://polymarket.com/zh/event/btc-updown-5m-1781465100,03:25-03:30,59.00,42.00,58.00,41.00,471.94,146.41,138.41,460.65,58.50,41.50,1.00,1.00,68760.37,66709.38,66719.38,68845.36,58,41,41,58,63774.94,63775.64,,
2026-06-15T03:25:49+08:00,btc-updown-5m-1781465100,https://polymarket.com/zh/event/btc-updown-5m-1781465100,03:25-03:30,59.00,42.00,58.00,41.00,514.87,124.50,169.50,455.46,58.50,41.50,1.00,1.00,68840.36,66719.38,66719.38,69845.37,58,41,41,58,63774.94,63775.64,,
2026-06-15T03:25:51+08:00,btc-updown-5m-1781465100,https://polymarket.com/zh/event/btc-updown-5m-1781465100,03:25-03:30,61.00,40.00,60.00,39.00,352.90,363.08,238.02,252.90,60.50,39.50,1.00,1.00,26329.66,24723.68,24703.68,26825.36,60,39,39,60,63774.94,63775.64,,
2026-06-15T03:25:53+08:00,btc-updown-5m-1781465100,https://polymarket.com/zh/event/btc-updown-5m-1781465100,03:25-03:30,59.00,42.00,58.00,41.00,111.09,1003.11,1169.64,487.38,58.50,41.50,1.00,1.00,27020.67,25278.68,25078.68,27021.68,58,41,41,58,63774.94,63769.68,,
2026-06-15T03:25:55+08:00,btc-updown-5m-1781465100,https://polymarket.com/zh/event/btc-updown-5m-1781465100,03:25-03:30,59.00,42.00,58.00,41.00,674.89,176.30,188.21,944.96,58.50,41.50,1.00,1.00,28116.66,25273.68,25273.68,28096.66,58,41,41,58,63774.94,63769.68,,
2026-06-15T03:25:57+08:00,btc-updown-5m-1781465100,https://polymarket.com/zh/event/btc-updown-5m-1781465100,03:25-03:30,58.00,43.00,57.00,42.00,313.22,2626.25,2563.25,233.22,57.50,42.50,1.00,1.00,27142.39,25094.38,25094.38,27742.37,57,42,42,57,63774.94,63768.00,,
2026-06-15T03:25:59+08:00,btc-updown-5m-1781465100,https://polymarket.com/zh/event/btc-updown-5m-1781465100,03:25-03:30,58.00,43.00,57.00,42.00,409.48,1053.24,1087.94,379.50,57.50,42.50,1.00,1.00,26839.69,24431.05,23061.05,26444.69,57,42,42,57,63774.94,63767.99,,
2026-06-15T03:26:01+08:00,btc-updown-5m-1781465100,https://polymarket.com/zh/event/btc-updown-5m-1781465100,03:25-03:30,58.00,43.00,57.00,42.00,33.90,752.97,825.11,5.81,57.50,42.50,1.00,1.00,33844.69,29961.05,29946.05,33929.69,57,42,42,57,63774.94,63766.88,,
2026-06-15T03:26:03+08:00,btc-updown-5m-1781465100,https://polymarket.com/zh/event/btc-updown-5m-1781465100,03:25-03:30,59.00,42.00,58.00,41.00,564.31,55.27,57.66,429.44,58.50,41.50,1.00,1.00,34418.99,29940.35,29945.35,33838.99,58,41,41,58,63774.94,63770.06,,
2026-06-15T03:26:05+08:00,btc-updown-5m-1781465100,https://polymarket.com/zh/event/btc-updown-5m-1781465100,03:25-03:30,62.00,39.00,61.00,38.00,568.54,28.50,28.50,506.72,61.50,38.50,1.00,1.00,34395.99,29922.35,29937.35,34815.99,61,38,38,61,63774.94,63771.21,,
2026-06-15T03:26:06+08:00,btc-updown-5m-1781465100,https://polymarket.com/zh/event/btc-updown-5m-1781465100,03:25-03:30,61.00,40.00,60.00,39.00,30.42,180.00,175.00,15.42,60.50,39.50,1.00,1.00,33760.99,29887.35,29893.05,33771.69,60,39,39,60,63774.94,63771.22,,
2026-06-15T03:26:08+08:00,btc-updown-5m-1781465100,https://polymarket.com/zh/event/btc-updown-5m-1781465100,03:25-03:30,63.00,38.00,62.00,37.00,313.58,69.18,78.02,315.18,62.50,37.50,1.00,1.00,32396.00,30582.35,30582.35,32785.99,62,37,37,62,63774.94,63773.77,,
2026-06-15T03:26:10+08:00,btc-updown-5m-1781465100,https://polymarket.com/zh/event/btc-updown-5m-1781465100,03:25-03:30,61.00,41.00,60.00,39.00,207.61,80.08,42.91,325.06,60.50,40.00,1.00,2.00,33900.99,30782.35,30782.35,33385.99,60,39,39,59,63774.94,63773.77,,
2026-06-15T03:26:12+08:00,btc-updown-5m-1781465100,https://polymarket.com/zh/event/btc-updown-5m-1781465100,03:25-03:30,59.00,42.00,58.00,41.00,207.38,314.76,329.76,187.38,58.50,41.50,1.00,1.00,32881.00,30767.35,30767.35,32875.99,58,41,41,58,63774.94,63769.98,,
2026-06-15T03:26:14+08:00,btc-updown-5m-1781465100,https://polymarket.com/zh/event/btc-updown-5m-1781465100,03:25-03:30,59.00,42.00,58.00,41.00,262.86,148.26,163.65,273.86,58.50,41.50,1.00,1.00,32676.69,30573.05,30573.05,32670.99,58,41,41,58,63774.94,63769.98,,
2026-06-15T03:26:16+08:00,btc-updown-5m-1781465100,https://polymarket.com/zh/event/btc-updown-5m-1781465100,03:25-03:30,55.00,47.00,54.00,46.00,1005.40,208.27,5.00,392.14,54.50,46.50,1.00,1.00,32821.99,30887.35,30887.35,32222.00,54,45,46,53,63774.94,63769.98,,
2026-06-15T03:26:18+08:00,btc-updown-5m-1781465100,https://polymarket.com/zh/event/btc-updown-5m-1781465100,03:25-03:30,53.00,48.00,52.00,47.00,262.41,147.64,113.69,294.41,52.50,47.50,1.00,1.00,32817.00,29517.35,29517.35,32811.99,52,47,47,52,63774.94,63762.00,,
2026-06-15T03:26:20+08:00,btc-updown-5m-1781465100,https://polymarket.com/zh/event/btc-updown-5m-1781465100,03:25-03:30,52.00,49.00,51.00,48.00,109.80,462.88,443.99,111.56,51.50,48.50,1.00,1.00,32806.99,29517.35,29517.35,33206.99,51,48,48,51,63774.94,63762.00,,
2026-06-15T03:26:22+08:00,btc-updown-5m-1781465100,https://polymarket.com/zh/event/btc-updown-5m-1781465100,03:25-03:30,52.00,49.00,51.00,48.00,319.72,175.38,115.38,191.73,51.50,48.50,1.00,1.00,32306.99,28902.35,28907.35,32206.99,51,48,48,51,63774.94,63762.00,,
2026-06-15T03:26:24+08:00,btc-updown-5m-1781465100,https://polymarket.com/zh/event/btc-updown-5m-1781465100,03:25-03:30,53.00,48.00,52.00,47.00,65.00,468.96,460.53,55.00,52.50,47.50,1.00,1.00,32301.99,28902.35,28902.35,33286.99,52,47,47,52,63774.94,63761.99,,
2026-06-15T03:26:26+08:00,btc-updown-5m-1781465100,https://polymarket.com/zh/event/btc-updown-5m-1781465100,03:25-03:30,61.00,39.00,60.00,38.00,36.36,140.65,488.81,1365.54,60.50,38.50,1.00,1.00,32091.99,28923.01,28923.01,33286.99,60,39,38,61,63774.94,63765.93,,
2026-06-15T03:26:28+08:00,btc-updown-5m-1781465100,https://polymarket.com/zh/event/btc-updown-5m-1781465100,03:25-03:30,61.00,40.00,60.00,39.00,353.09,21.35,33.35,234.10,60.50,39.50,1.00,1.00,32486.99,28313.01,28298.01,32072.00,60,39,39,60,63774.94,63769.99,,
2026-06-15T03:26:30+08:00,btc-updown-5m-1781465100,https://polymarket.com/zh/event/btc-updown-5m-1781465100,03:25-03:30,60.00,41.00,59.00,40.00,102.03,284.34,206.34,109.17,59.50,40.50,1.00,1.00,31676.99,28293.01,28298.01,31681.99,59,40,40,59,63774.94,63770.00,,
2026-06-15T03:26:32+08:00,btc-updown-5m-1781465100,https://polymarket.com/zh/event/btc-updown-5m-1781465100,03:25-03:30,58.00,43.00,57.00,42.00,168.46,200.04,79.67,15.50,57.50,42.50,1.00,1.00,30895.99,27207.01,27212.01,31600.99,57,42,42,57,63774.94,63769.13,,
2026-06-15T03:26:34+08:00,btc-updown-5m-1781465100,https://polymarket.com/zh/event/btc-updown-5m-1781465100,03:25-03:30,58.00,43.00,57.00,42.00,238.13,25.00,25.00,337.13,57.50,42.50,1.00,1.00,31001.00,27412.01,27412.01,31090.99,57,42,42,57,63774.94,63769.13,,
2026-06-15T03:26:36+08:00,btc-updown-5m-1781465100,https://polymarket.com/zh/event/btc-updown-5m-1781465100,03:25-03:30,57.00,44.00,56.00,43.00,30.34,738.77,859.32,30.34,56.50,43.50,1.00,1.00,31410.99,27627.01,27627.01,31510.99,56,43,43,56,63774.94,63769.13,,
2026-06-15T03:26:38+08:00,btc-updown-5m-1781465100,https://polymarket.com/zh/event/btc-updown-5m-1781465100,03:25-03:30,58.00,44.00,57.00,43.00,641.46,84.60,2.53,112.49,57.50,43.50,1.00,1.00,31515.99,27722.01,27712.01,31590.99,57,42,43,56,63774.94,63769.13,,
2026-06-15T03:26:40+08:00,btc-updown-5m-1781465100,https://polymarket.com/zh/event/btc-updown-5m-1781465100,03:25-03:30,57.00,44.00,56.00,43.00,240.78,16.20,16.20,343.72,56.50,43.50,1.00,1.00,31916.00,27527.01,27527.01,31510.99,56,43,43,56,63774.94,63769.13,,
2026-06-15T03:26:42+08:00,btc-updown-5m-1781465100,https://polymarket.com/zh/event/btc-updown-5m-1781465100,03:25-03:30,56.00,45.00,55.00,44.00,55.00,612.69,548.19,46.07,55.50,44.50,1.00,1.00,31031.70,27322.71,27322.71,31026.70,55,44,44,55,63774.94,63769.13,,
2026-06-15T03:26:44+08:00,btc-updown-5m-1781465100,https://polymarket.com/zh/event/btc-updown-5m-1781465100,03:25-03:30,56.00,45.00,55.00,44.00,28.02,817.82,798.82,28.02,55.50,44.50,1.00,1.00,31516.69,27227.71,27217.71,31496.69,55,44,44,55,63774.94,63769.13,,
2026-06-15T03:26:46+08:00,btc-updown-5m-1781465100,https://polymarket.com/zh/event/btc-updown-5m-1781465100,03:25-03:30,57.00,44.00,56.00,43.00,344.72,27.54,17.54,270.60,56.50,43.50,1.00,1.00,30516.69,27227.71,27232.71,31121.69,56,43,43,56,63774.94,63769.14,,
2026-06-15T03:26:48+08:00,btc-updown-5m-1781465100,https://polymarket.com/zh/event/btc-updown-5m-1781465100,03:25-03:30,57.00,44.00,56.00,43.00,106.38,102.83,117.83,101.38,56.50,43.50,1.00,1.00,30516.69,27222.01,27232.71,30516.69,56,43,43,56,63774.94,63769.13,,
2026-06-15T03:26:50+08:00,btc-updown-5m-1781465100,https://polymarket.com/zh/event/btc-updown-5m-1781465100,03:25-03:30,57.00,44.00,56.00,43.00,137.27,30.86,86.68,204.23,56.50,43.50,1.00,1.00,31520.99,27222.01,27227.01,31005.99,56,43,43,56,63774.94,63769.14,,
2026-06-15T03:26:52+08:00,btc-updown-5m-1781465100,https://polymarket.com/zh/event/btc-updown-5m-1781465100,03:25-03:30,57.00,44.00,56.00,43.00,148.02,153.25,148.25,148.02,56.50,43.50,1.00,1.00,31506.69,27212.71,27217.71,31596.69,56,43,43,56,63774.94,63769.30,,
2026-06-15T03:26:54+08:00,btc-updown-5m-1781465100,https://polymarket.com/zh/event/btc-updown-5m-1781465100,03:25-03:30,57.00,44.00,56.00,43.00,114.18,144.98,147.98,117.43,56.50,43.50,1.00,1.00,31500.99,27207.01,27207.01,32095.99,56,43,43,56,63774.94,63769.14,,
2026-06-15T03:26:56+08:00,btc-updown-5m-1781465100,https://polymarket.com/zh/event/btc-updown-5m-1781465100,03:25-03:30,57.00,43.00,56.00,42.00,10.02,130.77,270.15,127.52,56.50,42.50,1.00,1.00,31015.99,27227.01,27222.01,31370.99,56,43,42,57,63774.94,63769.13,,
2026-06-15T03:26:58+08:00,btc-updown-5m-1781465100,https://polymarket.com/zh/event/btc-updown-5m-1781465100,03:25-03:30,58.00,43.00,57.00,42.00,262.57,20.02,25.02,294.57,57.50,42.50,1.00,1.00,30929.70,27227.71,27227.71,31029.69,57,42,42,57,63774.94,63769.14,,
2026-06-15T03:27:00+08:00,btc-updown-5m-1781465100,https://polymarket.com/zh/event/btc-updown-5m-1781465100,03:25-03:30,58.00,43.00,57.00,42.00,234.50,73.39,48.39,236.50,57.50,42.50,1.00,1.00,30919.69,27222.71,27212.71,30904.69,57,42,42,57,63774.94,63769.13,,
2026-06-15T03:27:02+08:00,btc-updown-5m-1781465100,https://polymarket.com/zh/event/btc-updown-5m-1781465100,03:25-03:30,58.00,43.00,57.00,42.00,453.02,38.54,38.54,439.02,57.50,42.50,1.00,1.00,30146.99,27363.01,27454.01,30751.99,57,42,42,57,63774.94,63769.27,,
2026-06-15T03:27:04+08:00,btc-updown-5m-1781465100,https://polymarket.com/zh/event/btc-updown-5m-1781465100,03:25-03:30,56.00,45.00,55.00,44.00,5.22,518.80,608.80,5.22,55.50,44.50,1.00,1.00,30152.00,27515.01,27520.01,30246.99,55,44,44,55,63774.94,63769.13,,
2026-06-15T03:27:06+08:00,btc-updown-5m-1781465100,https://polymarket.com/zh/event/btc-updown-5m-1781465100,03:25-03:30,57.00,44.00,56.00,43.00,185.59,186.21,70.02,40.00,56.50,43.50,1.00,1.00,29627.00,27833.01,27838.01,30016.99,56,43,43,56,63774.94,63769.26,,
2026-06-15T03:27:08+08:00,btc-updown-5m-1781465100,https://polymarket.com/zh/event/btc-updown-5m-1781465100,03:25-03:30,57.00,44.00,56.00,43.00,44.93,298.39,287.39,39.93,56.50,43.50,1.00,1.00,30132.69,27838.71,27843.71,29732.70,56,43,43,56,63774.94,63769.51,,
2026-06-15T03:27:10+08:00,btc-updown-5m-1781465100,https://polymarket.com/zh/event/btc-updown-5m-1781465100,03:25-03:30,57.00,44.00,56.00,43.00,200.24,184.63,154.63,205.24,56.50,43.50,1.00,1.00,30127.69,27622.71,27641.71,30127.69,56,43,43,56,63774.94,63770.33,,
2026-06-15T03:27:12+08:00,btc-updown-5m-1781465100,https://polymarket.com/zh/event/btc-updown-5m-1781465100,03:25-03:30,57.00,44.00,56.00,43.00,135.24,145.94,148.22,175.24,56.50,43.50,1.00,1.00,29601.99,27419.01,27414.01,30111.99,56,43,43,56,63774.94,63770.32,,
2026-06-15T03:27:14+08:00,btc-updown-5m-1781465100,https://polymarket.com/zh/event/btc-updown-5m-1781465100,03:25-03:30,57.00,44.00,56.00,43.00,497.53,24.40,5.02,358.53,56.50,43.50,1.00,1.00,30212.69,27318.01,27318.71,29612.69,56,43,43,56,63774.94,63770.33,,
2026-06-15T03:27:16+08:00,btc-updown-5m-1781465100,https://polymarket.com/zh/event/btc-updown-5m-1781465100,03:25-03:30,56.00,45.00,55.00,44.00,125.20,723.91,706.33,135.20,55.50,44.50,1.00,1.00,30232.00,27328.01,27328.01,29516.99,55,44,44,55,63774.94,63770.33,,
2026-06-15T03:27:18+08:00,btc-updown-5m-1781465100,https://polymarket.com/zh/event/btc-updown-5m-1781465100,03:25-03:30,52.00,49.00,51.00,48.00,520.70,35.34,40.45,438.78,51.50,48.50,1.00,1.00,30146.00,27328.01,27328.01,30145.99,51,48,48,51,63774.94,63768.78,,
2026-06-15T03:27:20+08:00,btc-updown-5m-1781465100,https://polymarket.com/zh/event/btc-updown-5m-1781465100,03:25-03:30,52.00,50.00,51.00,49.00,262.34,507.23,5.00,189.51,51.50,49.50,1.00,1.00,30241.00,27318.01,27328.01,29740.99,51,48,49,50,63774.94,63768.79,,
2026-06-15T03:27:22+08:00,btc-updown-5m-1781465100,https://polymarket.com/zh/event/btc-updown-5m-1781465100,03:25-03:30,51.00,50.00,50.00,49.00,208.01,333.32,390.33,194.51,50.50,49.50,1.00,1.00,30126.69,27323.71,27318.71,29841.69,50,49,49,50,63774.94,63768.79,,
2026-06-15T03:27:24+08:00,btc-updown-5m-1781465100,https://polymarket.com/zh/event/btc-updown-5m-1781465100,03:25-03:30,51.00,49.00,50.00,48.00,100.61,115.00,536.21,16.84,50.50,48.50,1.00,1.00,30336.69,27318.01,27323.71,29746.70,50,49,48,51,63774.94,63768.79,,
2026-06-15T03:27:26+08:00,btc-updown-5m-1781465100,https://polymarket.com/zh/event/btc-updown-5m-1781465100,03:25-03:30,51.00,50.00,50.00,49.00,71.86,474.85,344.85,47.86,50.50,49.50,1.00,1.00,30366.69,27338.71,27338.71,30261.69,50,49,49,50,63774.94,63768.79,,
2026-06-15T03:27:28+08:00,btc-updown-5m-1781465100,https://polymarket.com/zh/event/btc-updown-5m-1781465100,03:25-03:30,51.00,50.00,50.00,49.00,35.00,534.05,587.85,35.00,50.50,49.50,1.00,1.00,29760.99,27333.01,27333.01,30155.99,50,49,49,50,63774.94,63768.79,,
2026-06-15T03:27:30+08:00,btc-updown-5m-1781465100,https://polymarket.com/zh/event/btc-updown-5m-1781465100,03:25-03:30,51.00,49.00,50.00,48.00,71.81,132.50,344.75,13.00,50.50,48.50,1.00,1.00,30340.99,27333.01,27333.01,29830.99,50,49,48,51,63774.94,63766.01,,
2026-06-15T03:27:32+08:00,btc-updown-5m-1781465100,https://polymarket.com/zh/event/btc-updown-5m-1781465100,03:25-03:30,57.00,44.00,56.00,43.00,346.52,257.00,257.00,350.35,56.50,43.50,1.00,1.00,29746.00,28693.01,28688.01,29835.99,56,43,43,56,63774.94,63770.49,,
2026-06-15T03:27:34+08:00,btc-updown-5m-1781465100,https://polymarket.com/zh/event/btc-updown-5m-1781465100,03:25-03:30,57.00,44.00,56.00,43.00,402.77,31.31,31.31,396.77,56.50,43.50,1.00,1.00,30240.99,28688.01,28683.01,30145.99,56,43,43,56,63774.94,63771.86,,
2026-06-15T03:27:36+08:00,btc-updown-5m-1781465100,https://polymarket.com/zh/event/btc-updown-5m-1781465100,03:25-03:30,56.00,45.00,55.00,44.00,56.71,586.01,511.01,26.71,55.50,44.50,1.00,1.00,30225.99,28688.01,28688.01,29630.99,55,44,44,55,63774.94,63771.87,,
2026-06-15T03:27:38+08:00,btc-updown-5m-1781465100,https://polymarket.com/zh/event/btc-updown-5m-1781465100,03:25-03:30,57.00,44.00,56.00,43.00,76.40,715.34,452.51,22.56,56.50,43.50,1.00,1.00,30253.00,28693.71,28698.01,30157.99,56,43,43,56,63774.94,63771.97,,
2026-06-15T03:27:40+08:00,btc-updown-5m-1781465100,https://polymarket.com/zh/event/btc-updown-5m-1781465100,03:25-03:30,60.00,41.00,59.00,40.00,49.85,270.96,346.59,44.85,59.50,40.50,1.00,1.00,30362.99,28703.01,28698.01,29673.70,59,40,40,59,63774.94,63771.97,,
2026-06-15T03:27:42+08:00,btc-updown-5m-1781465100,https://polymarket.com/zh/event/btc-updown-5m-1781465100,03:25-03:30,59.00,42.00,58.00,41.00,26.06,505.46,553.46,26.06,58.50,41.50,1.00,1.00,30442.99,28693.71,28688.71,29552.99,58,41,41,58,63774.94,63774.00,,
2026-06-15T03:27:44+08:00,btc-updown-5m-1781465100,https://polymarket.com/zh/event/btc-updown-5m-1781465100,03:25-03:30,59.00,42.00,58.00,41.00,68.97,265.53,276.80,68.97,58.50,41.50,1.00,1.00,29648.69,28693.71,28688.71,30053.69,58,41,41,58,63774.94,63773.99,,
2026-06-15T03:27:46+08:00,btc-updown-5m-1781465100,https://polymarket.com/zh/event/btc-updown-5m-1781465100,03:25-03:30,58.00,43.00,57.00,42.00,90.02,367.78,239.78,156.00,57.50,42.50,1.00,1.00,29963.69,28708.71,28703.71,29878.70,57,42,42,57,63774.94,63774.00,,
2026-06-15T03:27:48+08:00,btc-updown-5m-1781465100,https://polymarket.com/zh/event/btc-updown-5m-1781465100,03:25-03:30,59.00,42.00,58.00,41.00,257.72,277.37,267.37,284.72,58.50,41.50,1.00,1.00,29762.99,28703.01,28703.01,30362.99,58,41,41,58,63774.94,63774.00,,
2026-06-15T03:27:50+08:00,btc-updown-5m-1781465100,https://polymarket.com/zh/event/btc-updown-5m-1781465100,03:25-03:30,51.00,51.00,49.00,50.00,517.54,59.50,49.50,149.51,50.00,50.50,2.00,1.00,29793.04,28708.01,28708.01,29988.04,49,49,50,49,63774.94,63765.00,,
2026-06-15T03:27:52+08:00,btc-updown-5m-1781465100,https://polymarket.com/zh/event/btc-updown-5m-1781465100,03:25-03:30,50.00,50.00,49.00,49.00,33.00,588.93,915.50,21.19,49.50,49.50,1.00,1.00,29493.69,28628.71,28623.71,29783.69,49,50,49,50,63774.94,63765.48,,
2026-06-15T03:27:54+08:00,btc-updown-5m-1781465100,https://polymarket.com/zh/event/btc-updown-5m-1781465100,03:25-03:30,52.00,49.00,51.00,48.00,100.50,538.66,701.22,103.55,51.50,48.50,1.00,1.00,29432.99,28373.01,28373.01,29737.99,51,48,48,51,63774.94,63765.48,,
2026-06-15T03:27:56+08:00,btc-updown-5m-1781465100,https://polymarket.com/zh/event/btc-updown-5m-1781465100,03:25-03:30,53.00,48.00,52.00,47.00,501.42,77.76,77.76,504.42,52.50,47.50,1.00,1.00,29432.99,28373.01,28368.01,29732.99,52,47,47,52,63774.94,63768.00,,
2026-06-15T03:27:58+08:00,btc-updown-5m-1781465100,https://polymarket.com/zh/event/btc-updown-5m-1781465100,03:25-03:30,52.00,49.00,51.00,48.00,104.50,357.21,350.24,109.50,51.50,48.50,1.00,1.00,29458.69,28393.71,28393.71,29758.70,51,48,48,51,63774.94,63767.99,,
2026-06-15T03:28:00+08:00,btc-updown-5m-1781465100,https://polymarket.com/zh/event/btc-updown-5m-1781465100,03:25-03:30,52.00,49.00,51.00,48.00,81.62,339.75,304.10,81.62,51.50,48.50,1.00,1.00,29337.99,28373.01,28353.01,29722.99,51,48,48,51,63774.94,63768.00,,
2026-06-15T03:28:02+08:00,btc-updown-5m-1781465100,https://polymarket.com/zh/event/btc-updown-5m-1781465100,03:25-03:30,53.00,48.00,52.00,47.00,9.91,499.83,552.29,9.91,52.50,47.50,1.00,1.00,29543.00,28108.01,28103.01,29048.69,52,47,47,52,63774.94,63768.00,,
2026-06-15T03:28:04+08:00,btc-updown-5m-1781465100,https://polymarket.com/zh/event/btc-updown-5m-1781465100,03:25-03:30,54.00,47.00,53.00,46.00,247.98,324.67,332.67,247.98,53.50,46.50,1.00,1.00,29442.99,28092.35,28097.35,29137.99,53,46,46,53,63774.94,63768.47,,
2026-06-15T03:28:06+08:00,btc-updown-5m-1781465100,https://polymarket.com/zh/event/btc-updown-5m-1781465100,03:25-03:30,53.00,48.00,52.00,47.00,103.02,545.02,427.02,28.02,52.50,47.50,1.00,1.00,29568.00,28082.35,28082.35,29157.99,52,47,47,52,63774.94,63768.97,,
2026-06-15T03:28:07+08:00,btc-updown-5m-1781465100,https://polymarket.com/zh/event/btc-updown-5m-1781465100,03:25-03:30,59.00,40.00,58.00,33.00,5.00,75.00,229.61,20.89,58.50,36.50,1.00,7.00,28578.00,27719.35,27732.35,28673.00,58,34,33,60,63774.94,63771.99,,
2026-06-15T03:28:09+08:00,btc-updown-5m-1781465100,https://polymarket.com/zh/event/btc-updown-5m-1781465100,03:25-03:30,65.00,36.00,64.00,35.00,457.47,107.60,112.60,645.22,64.50,35.50,1.00,1.00,28668.00,27747.35,27747.35,28778.01,64,35,35,64,63774.94,63771.98,,
2026-06-15T03:28:11+08:00,btc-updown-5m-1781465100,https://polymarket.com/zh/event/btc-updown-5m-1781465100,03:25-03:30,63.00,38.00,62.00,37.00,736.55,12.10,12.10,821.55,62.50,37.50,1.00,1.00,28167.99,27157.35,27162.35,28662.99,62,37,37,62,63774.94,63771.98,,
2026-06-15T03:28:13+08:00,btc-updown-5m-1781465100,https://polymarket.com/zh/event/btc-updown-5m-1781465100,03:25-03:30,61.00,40.00,60.00,39.00,302.07,33.31,49.44,261.07,60.50,39.50,1.00,1.00,28068.00,27152.35,27152.35,28073.00,60,39,39,60,63774.94,63771.99,,
2026-06-15T03:28:15+08:00,btc-updown-5m-1781465100,https://polymarket.com/zh/event/btc-updown-5m-1781465100,03:25-03:30,59.00,42.00,58.00,41.00,173.30,481.13,501.28,78.30,58.50,41.50,1.00,1.00,28182.99,27167.35,27172.35,28177.99,58,41,41,58,63774.94,63771.99,,
2026-06-15T03:28:17+08:00,btc-updown-5m-1781465100,https://polymarket.com/zh/event/btc-updown-5m-1781465100,03:25-03:30,59.00,42.00,58.00,41.00,20.34,734.12,798.12,18.19,58.50,41.50,1.00,1.00,28077.99,27167.35,27157.35,28157.99,58,41,41,58,63774.94,63771.98,,
2026-06-15T03:28:19+08:00,btc-updown-5m-1781465100,https://polymarket.com/zh/event/btc-updown-5m-1781465100,03:25-03:30,60.00,41.00,59.00,40.00,425.96,15.42,15.42,341.96,59.50,40.50,1.00,1.00,28652.99,27142.35,27147.35,28648.00,59,40,40,59,63774.94,63771.99,,
2026-06-15T03:28:21+08:00,btc-updown-5m-1781465100,https://polymarket.com/zh/event/btc-updown-5m-1781465100,03:25-03:30,59.00,42.00,58.00,41.00,15.00,646.02,756.06,15.00,58.50,41.50,1.00,1.00,27529.65,26642.35,26632.35,27514.65,58,41,41,58,63774.94,63771.99,,
2026-06-15T03:28:23+08:00,btc-updown-5m-1781465100,https://polymarket.com/zh/event/btc-updown-5m-1781465100,03:25-03:30,59.00,42.00,58.00,41.00,30.00,558.58,681.24,19.54,58.50,41.50,1.00,1.00,27934.65,26587.35,26582.35,27519.66,58,41,41,58,63774.94,63771.99,,
2026-06-15T03:28:25+08:00,btc-updown-5m-1781465100,https://polymarket.com/zh/event/btc-updown-5m-1781465100,03:25-03:30,61.00,40.00,60.00,39.00,437.84,41.02,46.02,402.84,60.50,39.50,1.00,1.00,27914.65,26547.62,26567.62,27619.65,60,39,39,60,63774.94,63772.82,,
2026-06-15T03:28:27+08:00,btc-updown-5m-1781465100,https://polymarket.com/zh/event/btc-updown-5m-1781465100,03:25-03:30,58.00,43.00,57.00,42.00,27.73,760.90,886.90,22.05,57.50,42.50,1.00,1.00,27944.65,26854.21,26859.21,27434.65,57,42,42,57,63774.94,63774.86,,
2026-06-15T03:28:29+08:00,btc-updown-5m-1781465100,https://polymarket.com/zh/event/btc-updown-5m-1781465100,03:25-03:30,59.00,41.00,58.00,40.00,80.27,283.00,657.50,40.00,58.50,40.50,1.00,1.00,27454.66,26861.00,26861.00,27929.65,58,41,40,59,63774.94,63774.86,,
2026-06-15T03:28:31+08:00,btc-updown-5m-1781465100,https://polymarket.com/zh/event/btc-updown-5m-1781465100,03:25-03:30,47.00,54.00,46.00,53.00,672.37,147.98,153.25,560.74,46.50,53.50,1.00,1.00,27269.65,26867.01,26966.01,27289.65,46,53,53,46,63774.94,63771.98,,
2026-06-15T03:28:33+08:00,btc-updown-5m-1781465100,https://polymarket.com/zh/event/btc-updown-5m-1781465100,03:25-03:30,47.00,54.00,46.00,53.00,155.08,361.41,361.41,164.81,46.50,53.50,1.00,1.00,27289.65,26961.00,26862.00,27289.65,46,53,53,46,63774.94,63771.52,,
2026-06-15T03:28:35+08:00,btc-updown-5m-1781465100,https://polymarket.com/zh/event/btc-updown-5m-1781465100,03:25-03:30,50.00,51.00,49.00,50.00,109.37,674.03,589.35,154.11,49.50,50.50,1.00,1.00,27269.65,25486.01,25487.00,27294.65,49,50,50,49,63774.94,63771.52,,
2026-06-15T03:28:37+08:00,btc-updown-5m-1781465100,https://polymarket.com/zh/event/btc-updown-5m-1781465100,03:25-03:30,49.00,52.00,48.00,51.00,392.76,186.00,202.42,479.75,48.50,51.50,1.00,1.00,27200.35,25511.71,25512.70,27304.65,48,51,51,48,63774.94,63771.53,,
2026-06-15T03:28:39+08:00,btc-updown-5m-1781465100,https://polymarket.com/zh/event/btc-updown-5m-1781465100,03:25-03:30,49.00,52.00,48.00,51.00,380.87,112.44,144.44,404.87,48.50,51.50,1.00,1.00,27338.75,25611.01,25502.00,27333.75,48,51,51,48,63774.94,63771.53,,
2026-06-15T03:28:41+08:00,btc-updown-5m-1781465100,https://polymarket.com/zh/event/btc-updown-5m-1781465100,03:25-03:30,40.00,74.00,26.00,60.00,129.00,63.46,94.82,129.00,33.00,67.00,14.00,14.00,24740.75,25596.01,25491.01,24735.75,26,58,58,26,63774.94,63755.10,,
2026-06-15T03:28:43+08:00,btc-updown-5m-1781465100,https://polymarket.com/zh/event/btc-updown-5m-1781465100,03:25-03:30,27.00,72.00,22.00,67.00,6.83,7.75,81.03,12.00,24.50,69.50,5.00,5.00,24783.75,25511.01,25713.01,24386.45,22,71,65,24,63774.94,63753.01,,
2026-06-15T03:28:45+08:00,btc-updown-5m-1781465100,https://polymarket.com/zh/event/btc-updown-5m-1781465100,03:25-03:30,20.00,81.00,19.00,80.00,65.90,79.36,29.09,158.00,19.50,80.50,1.00,1.00,23711.42,26206.02,26306.01,23315.42,19,80,80,19,63774.94,63753.00,,
2026-06-15T03:28:47+08:00,btc-updown-5m-1781465100,https://polymarket.com/zh/event/btc-updown-5m-1781465100,03:25-03:30,17.00,84.00,16.00,83.00,540.17,52.05,89.97,481.17,16.50,83.50,1.00,1.00,19138.01,20691.01,20782.00,19148.80,16,83,83,16,63774.94,63753.00,,
2026-06-15T03:28:49+08:00,btc-updown-5m-1781465100,https://polymarket.com/zh/event/btc-updown-5m-1781465100,03:25-03:30,17.00,84.00,16.00,83.00,353.09,41.00,108.69,469.73,16.50,83.50,1.00,1.00,19143.01,20386.01,20287.00,19179.31,16,83,83,16,63774.94,63749.53,,
2026-06-15T03:28:51+08:00,btc-updown-5m-1781465100,https://polymarket.com/zh/event/btc-updown-5m-1781465100,03:25-03:30,15.00,86.00,14.00,85.00,323.22,279.85,253.85,323.63,14.50,85.50,1.00,1.00,16219.71,20682.01,20486.00,16483.71,14,85,85,14,63774.94,63749.53,,
2026-06-15T03:28:53+08:00,btc-updown-5m-1781465100,https://polymarket.com/zh/event/btc-updown-5m-1781465100,03:25-03:30,16.00,86.00,14.00,85.00,164.37,316.67,331.67,5.00,15.00,85.50,2.00,1.00,17533.71,20482.01,20382.01,17084.71,14,84,85,14,63774.94,63749.53,,
2026-06-15T03:28:55+08:00,btc-updown-5m-1781465100,https://polymarket.com/zh/event/btc-updown-5m-1781465100,03:25-03:30,15.00,86.00,14.00,85.00,410.66,27.90,27.90,600.83,14.50,85.50,1.00,1.00,16742.83,20371.00,20397.00,16712.83,14,85,85,14,63774.94,63749.53,,
2026-06-15T03:28:57+08:00,btc-updown-5m-1781465100,https://polymarket.com/zh/event/btc-updown-5m-1781465100,03:25-03:30,14.00,87.00,13.00,86.00,35.70,610.01,636.13,35.70,13.50,86.50,1.00,1.00,16333.59,19992.00,19971.00,16313.59,13,86,86,13,63774.94,63749.52,,
2026-06-15T03:28:59+08:00,btc-updown-5m-1781465100,https://polymarket.com/zh/event/btc-updown-5m-1781465100,03:25-03:30,14.00,88.00,13.00,87.00,14.86,238.90,205.58,85.00,13.50,87.50,1.00,1.00,17680.59,19887.00,19991.00,17700.59,13,86,87,12,63774.94,63749.53,,
2026-06-15T03:29:01+08:00,btc-updown-5m-1781465100,https://polymarket.com/zh/event/btc-updown-5m-1781465100,03:25-03:30,13.00,88.00,12.00,87.00,31.82,675.19,729.88,31.82,12.50,87.50,1.00,1.00,17423.59,20236.00,20146.00,17403.59,12,87,87,12,63774.94,63749.53,,
2026-06-15T03:29:03+08:00,btc-updown-5m-1781465100,https://polymarket.com/zh/event/btc-updown-5m-1781465100,03:25-03:30,12.00,89.00,11.00,88.00,54.82,486.22,501.22,94.82,11.50,88.50,1.00,1.00,16066.07,20542.00,20446.01,16076.07,11,88,88,11,63774.94,63749.53,,
2026-06-15T03:29:05+08:00,btc-updown-5m-1781465100,https://polymarket.com/zh/event/btc-updown-5m-1781465100,03:25-03:30,13.00,89.00,11.00,84.00,37.69,364.97,339.97,30.67,12.00,86.50,2.00,5.00,15982.14,20147.01,20147.01,15982.14,11,87,84,11,63774.94,63749.54,,
2026-06-15T03:29:07+08:00,btc-updown-5m-1781465100,https://polymarket.com/zh/event/btc-updown-5m-1781465100,03:25-03:30,17.00,84.00,16.00,83.00,333.06,234.02,234.02,322.06,16.50,83.50,1.00,1.00,16038.04,20051.00,20052.00,16038.04,16,83,83,16,63774.94,63749.53,,
2026-06-15T03:29:09+08:00,btc-updown-5m-1781465100,https://polymarket.com/zh/event/btc-updown-5m-1781465100,03:25-03:30,17.00,84.00,16.00,83.00,537.27,21.01,56.73,627.27,16.50,83.50,1.00,1.00,15949.84,19946.01,19946.00,15959.84,16,83,83,16,63774.94,63751.19,,
2026-06-15T03:29:11+08:00,btc-updown-5m-1781465100,https://polymarket.com/zh/event/btc-updown-5m-1781465100,03:25-03:30,16.00,85.00,15.00,84.00,342.31,1.02,2.02,389.95,15.50,84.50,1.00,1.00,14613.84,20042.70,20037.70,14621.35,15,84,84,15,63774.94,63751.20,,
2026-06-15T03:29:13+08:00,btc-updown-5m-1781465100,https://polymarket.com/zh/event/btc-updown-5m-1781465100,03:25-03:30,13.00,88.00,12.00,87.00,5.02,372.73,404.75,5.02,12.50,87.50,1.00,1.00,14555.35,20132.00,20237.00,14550.35,12,87,87,12,63774.94,63751.19,,
2026-06-15T03:29:15+08:00,btc-updown-5m-1781465100,https://polymarket.com/zh/event/btc-updown-5m-1781465100,03:25-03:30,12.00,89.00,11.00,88.00,112.83,279.16,160.80,112.83,11.50,88.50,1.00,1.00,14619.74,20342.70,20136.70,14625.74,11,88,88,11,63774.94,63751.19,,
2026-06-15T03:29:17+08:00,btc-updown-5m-1781465100,https://polymarket.com/zh/event/btc-updown-5m-1781465100,03:25-03:30,12.00,89.00,11.00,88.00,111.42,254.94,232.94,123.18,11.50,88.50,1.00,1.00,14546.84,20092.70,20112.70,14564.84,11,88,88,11,63774.94,63751.20,,
2026-06-15T03:29:19+08:00,btc-updown-5m-1781465100,https://polymarket.com/zh/event/btc-updown-5m-1781465100,03:25-03:30,9.00,92.00,8.00,91.00,77.99,155.82,79.10,74.68,8.50,91.50,1.00,1.00,13630.76,18566.43,18566.43,13630.76,8,91,91,8,63774.94,63755.28,,
2026-06-15T03:29:21+08:00,btc-updown-5m-1781465100,https://polymarket.com/zh/event/btc-updown-5m-1781465100,03:25-03:30,13.00,88.00,12.00,87.00,124.47,104.61,71.11,225.97,12.50,87.50,1.00,1.00,13274.47,19038.83,18728.83,13341.47,11,86,85,11,63774.94,63755.28,,
2026-06-15T03:29:23+08:00,btc-updown-5m-1781465100,https://polymarket.com/zh/event/btc-updown-5m-1781465100,03:25-03:30,13.00,88.00,12.00,87.00,10.11,222.50,339.50,30.11,12.50,87.50,1.00,1.00,13503.46,18734.53,18824.53,13508.46,10,87,87,10,63774.94,63757.48,,
2026-06-15T03:29:25+08:00,btc-updown-5m-1781465100,https://polymarket.com/zh/event/btc-updown-5m-1781465100,03:25-03:30,15.00,86.00,14.00,84.00,28.80,0.94,7.15,10.27,14.50,85.00,1.00,2.00,15066.46,18774.84,18745.84,15041.46,13,81,80,13,63774.94,63761.99,,
2026-06-15T03:29:27+08:00,btc-updown-5m-1781465100,https://polymarket.com/zh/event/btc-updown-5m-1781465100,03:25-03:30,19.00,82.00,18.00,81.00,97.00,41.22,61.22,276.82,18.50,81.50,1.00,1.00,15188.26,18740.83,18740.84,15193.26,17,80,80,17,63774.94,63762.72,,
2026-06-15T03:29:29+08:00,btc-updown-5m-1781465100,https://polymarket.com/zh/event/btc-updown-5m-1781465100,03:25-03:30,15.00,86.00,14.00,85.00,50.02,252.50,89.98,57.32,14.50,85.50,1.00,1.00,15133.56,18740.83,18734.84,15138.56,13,84,84,13,63774.94,63762.72,,
2026-06-15T03:29:31+08:00,btc-updown-5m-1781465100,https://polymarket.com/zh/event/btc-updown-5m-1781465100,03:25-03:30,15.00,86.00,14.00,85.00,170.15,182.14,87.14,53.02,14.50,85.50,1.00,1.00,15000.53,17167.50,17262.50,15005.53,13,83,83,13,63774.94,63763.04,,
2026-06-15T03:29:33+08:00,btc-updown-5m-1781465100,https://polymarket.com/zh/event/btc-updown-5m-1781465100,03:25-03:30,18.00,86.00,17.00,84.00,151.18,5.78,30.46,30.00,17.50,85.00,1.00,2.00,13683.13,17067.50,16961.50,13683.13,16,81,83,14,63774.94,63763.04,,
2026-06-15T03:29:36+08:00,btc-updown-5m-1781465100,https://polymarket.com/zh/event/btc-updown-5m-1781465100,03:25-03:30,21.00,80.00,20.00,79.00,256.21,40.28,50.28,251.26,20.50,79.50,1.00,1.00,13151.94,16564.51,16570.51,13146.94,18,69,69,18,63774.94,63763.04,,
2026-06-15T03:29:38+08:00,btc-updown-5m-1781465100,https://polymarket.com/zh/event/btc-updown-5m-1781465100,03:25-03:30,17.00,84.00,16.00,83.00,329.10,25.45,41.64,207.25,16.50,83.50,1.00,1.00,13151.94,16555.51,16570.22,13166.94,14,73,75,14,63774.94,63766.16,,
2026-06-15T03:29:40+08:00,btc-updown-5m-1781465100,https://polymarket.com/zh/event/btc-updown-5m-1781465100,03:25-03:30,22.00,79.00,21.00,78.00,349.47,8.80,10.07,305.55,21.50,78.50,1.00,1.00,13136.54,16622.33,16628.03,13128.54,13,75,75,13,63774.94,63766.17,,
2026-06-15T03:29:42+08:00,btc-updown-5m-1781465100,https://polymarket.com/zh/event/btc-updown-5m-1781465100,03:25-03:30,21.00,80.00,20.00,79.00,84.23,238.84,231.97,44.23,20.50,79.50,1.00,1.00,12602.54,16303.33,16287.33,12577.54,12,79,79,12,63774.94,63766.30,,
2026-06-15T03:29:43+08:00,btc-updown-5m-1781465100,https://polymarket.com/zh/event/btc-updown-5m-1781465100,03:25-03:30,14.00,87.00,13.00,86.00,58.00,49.86,93.85,50.47,13.50,86.50,1.00,1.00,11775.64,16308.33,16492.33,11755.64,12,83,83,12,63774.94,63766.30,,
2026-06-15T03:29:45+08:00,btc-updown-5m-1781465100,https://polymarket.com/zh/event/btc-updown-5m-1781465100,03:25-03:30,13.00,90.00,1.00,89.00,20.00,80.38,1352.73,33.51,7.00,89.50,12.00,1.00,1352.73,15709.05,15730.05,1662.48,1,84,85,4,63774.94,63766.30,,
2026-06-15T03:29:47+08:00,btc-updown-5m-1781465100,https://polymarket.com/zh/event/btc-updown-5m-1781465100,03:25-03:30,2.00,99.00,1.00,98.00,756.99,1149.52,1400.99,740.99,1.50,98.50,1.00,1.00,1400.99,15616.85,15627.85,1149.52,1,87,87,1,63774.94,63766.30,,
2026-06-15T03:29:49+08:00,btc-updown-5m-1781465100,https://polymarket.com/zh/event/btc-updown-5m-1781465100,03:25-03:30,2.00,99.00,1.00,98.00,13.05,1178.60,1028.60,24.73,1.50,98.50,1.00,1.00,1028.60,15915.85,15936.86,1178.60,1,77,75,1,63774.94,63766.30,,
2026-06-15T03:29:51+08:00,btc-updown-5m-1781465100,https://polymarket.com/zh/event/btc-updown-5m-1781465100,03:25-03:30,3.00,98.00,2.00,96.00,57.24,282.21,216.11,20.00,2.50,97.00,1.00,2.00,1159.71,15051.85,14865.86,1384.53,2,77,72,2,63774.94,63766.30,,
2026-06-15T03:29:53+08:00,btc-updown-5m-1781465100,https://polymarket.com/zh/event/btc-updown-5m-1781465100,03:25-03:30,5.00,98.00,4.00,95.00,231.23,257.84,2.40,75.00,4.50,96.50,1.00,3.00,1146.66,15021.85,14827.85,1354.13,3,73,74,2,63774.94,63766.30,,
2026-06-15T03:29:55+08:00,btc-updown-5m-1781465100,https://polymarket.com/zh/event/btc-updown-5m-1781465100,03:25-03:30,1.00,,,99.00,329.10,,,466.78,,,,,,14552.85,14446.85,,0,70,69,0,63774.94,63766.30,,
2026-06-15T03:29:57+08:00,btc-updown-5m-1781465100,https://polymarket.com/zh/event/btc-updown-5m-1781465100,03:25-03:30,1.00,,,99.00,1524.14,,,1554.24,,,,,,14346.85,14341.85,,0,71,72,0,63774.94,63766.30,,
2026-06-15T03:29:59+08:00,btc-updown-5m-1781465100,https://polymarket.com/zh/event/btc-updown-5m-1781465100,03:25-03:30,1.00,,,99.00,12749.77,,,16203.63,,,,,,14781.85,14777.85,,0,66,66,0,63774.94,63766.30,,
2026-06-15T03:30:01+08:00,btc-updown-5m-1781465400,https://polymarket.com/zh/event/btc-updown-5m-1781465400,03:30-03:35,56.00,45.00,55.00,44.00,76.46,970.22,756.91,80.46,55.50,44.50,1.00,1.00,111389.75,110832.56,110833.26,110889.75,55,44,44,55,63759.53,63759.52,,
2026-06-15T03:30:03+08:00,btc-updown-5m-1781465400,https://polymarket.com/zh/event/btc-updown-5m-1781465400,03:30-03:35,58.00,43.00,57.00,42.00,184.93,202.10,202.10,156.51,57.50,42.50,1.00,1.00,112058.75,111862.26,111882.26,112203.75,57,42,42,57,63759.53,63761.11,,
2026-06-15T03:30:05+08:00,btc-updown-5m-1781465400,https://polymarket.com/zh/event/btc-updown-5m-1781465400,03:30-03:35,59.00,42.00,58.00,41.00,285.59,54.86,54.86,244.59,58.50,41.50,1.00,1.00,112708.76,111947.26,111947.26,112208.75,58,41,41,58,63759.53,63761.11,,
2026-06-15T03:30:07+08:00,btc-updown-5m-1781465400,https://polymarket.com/zh/event/btc-updown-5m-1781465400,03:30-03:35,59.00,42.00,58.00,41.00,110.02,434.43,357.43,101.02,58.50,41.50,1.00,1.00,112438.05,112126.56,112131.56,112338.05,58,41,41,58,63759.53,63761.12,,
2026-06-15T03:30:09+08:00,btc-updown-5m-1781465400,https://polymarket.com/zh/event/btc-updown-5m-1781465400,03:30-03:35,59.00,42.00,58.00,41.00,184.50,265.55,241.55,164.50,58.50,41.50,1.00,1.00,110488.05,110279.20,110279.20,110488.05,58,41,41,58,63759.53,63761.12,,
2026-06-15T03:30:11+08:00,btc-updown-5m-1781465400,https://polymarket.com/zh/event/btc-updown-5m-1781465400,03:30-03:35,64.00,37.00,63.00,36.00,35.18,445.49,352.57,35.18,63.50,36.50,1.00,1.00,112085.40,110257.53,110252.53,111586.09,63,36,36,63,63759.53,63765.99,,
2026-06-15T03:30:13+08:00,btc-updown-5m-1781465400,https://polymarket.com/zh/event/btc-updown-5m-1781465400,03:30-03:35,64.00,37.00,63.00,36.00,249.98,197.74,298.16,264.37,63.50,36.50,1.00,1.00,112691.08,110276.53,110276.53,112071.08,63,36,36,63,63759.53,63766.00,,
2026-06-15T03:30:15+08:00,btc-updown-5m-1781465400,https://polymarket.com/zh/event/btc-updown-5m-1781465400,03:30-03:35,62.00,39.00,61.00,38.00,257.40,474.97,450.97,252.40,61.50,38.50,1.00,1.00,112221.08,110446.53,110441.53,112721.08,61,38,38,61,63759.53,63766.00,,
2026-06-15T03:30:17+08:00,btc-updown-5m-1781465400,https://polymarket.com/zh/event/btc-updown-5m-1781465400,03:30-03:35,60.00,41.00,59.00,40.00,706.80,73.62,78.50,683.71,59.50,40.50,1.00,1.00,106236.08,104367.53,104373.23,106631.08,59,40,40,59,63759.53,63765.99,,
2026-06-15T03:30:19+08:00,btc-updown-5m-1781465400,https://polymarket.com/zh/event/btc-updown-5m-1781465400,03:30-03:35,57.00,44.00,56.00,43.00,473.11,217.64,225.64,477.11,56.50,43.50,1.00,1.00,106736.08,104771.53,104777.23,106436.08,56,43,43,56,63759.53,63761.93,,
2026-06-15T03:30:21+08:00,btc-updown-5m-1781465400,https://polymarket.com/zh/event/btc-updown-5m-1781465400,03:30-03:35,57.00,44.00,56.00,43.00,211.66,508.68,314.55,222.68,56.50,43.50,1.00,1.00,98463.52,96600.66,96615.66,98268.52,56,43,43,56,63759.53,63761.93,,
2026-06-15T03:30:23+08:00,btc-updown-5m-1781465400,https://polymarket.com/zh/event/btc-updown-5m-1781465400,03:30-03:35,57.00,44.00,56.00,43.00,150.14,486.40,515.40,120.03,56.50,43.50,1.00,1.00,97939.44,96714.29,96795.59,98054.44,56,43,43,56,63759.53,63761.93,,
2026-06-15T03:30:25+08:00,btc-updown-5m-1781465400,https://polymarket.com/zh/event/btc-updown-5m-1781465400,03:30-03:35,60.00,40.00,59.00,39.00,25.00,166.00,128.50,59.39,59.50,39.50,1.00,1.00,98136.45,96749.48,96838.08,98236.45,59,40,39,60,63759.53,63762.05,,
2026-06-15T03:30:27+08:00,btc-updown-5m-1781465400,https://polymarket.com/zh/event/btc-updown-5m-1781465400,03:30-03:35,61.00,40.00,60.00,39.00,119.62,904.80,681.42,93.15,60.50,39.50,1.00,1.00,99325.73,96987.23,96982.23,99530.73,60,39,39,60,63759.53,63765.99,,
2026-06-15T03:30:29+08:00,btc-updown-5m-1781465400,https://polymarket.com/zh/event/btc-updown-5m-1781465400,03:30-03:35,61.00,40.00,60.00,39.00,145.28,453.53,446.53,145.33,60.50,39.50,1.00,1.00,99035.03,96976.93,96971.93,99045.04,60,39,39,60,63759.53,63765.98,,
2026-06-15T03:30:31+08:00,btc-updown-5m-1781465400,https://polymarket.com/zh/event/btc-updown-5m-1781465400,03:30-03:35,61.00,40.00,60.00,39.00,809.92,62.61,75.11,837.27,60.50,39.50,1.00,1.00,86013.43,84342.93,84337.93,86423.43,60,39,39,60,63759.53,63765.98,,
2026-06-15T03:30:33+08:00,btc-updown-5m-1781465400,https://polymarket.com/zh/event/btc-updown-5m-1781465400,03:30-03:35,61.00,40.00,60.00,39.00,524.88,225.86,152.58,524.88,60.50,39.50,1.00,1.00,84813.43,84342.93,84337.93,86023.43,60,39,39,60,63759.53,63765.99,,
2026-06-15T03:30:35+08:00,btc-updown-5m-1781465400,https://polymarket.com/zh/event/btc-updown-5m-1781465400,03:30-03:35,69.00,32.00,68.00,31.00,37.50,673.88,731.99,32.50,68.50,31.50,1.00,1.00,86117.73,84493.23,84493.23,86622.74,68,31,31,68,63759.53,63773.57,,
2026-06-15T03:30:37+08:00,btc-updown-5m-1781465400,https://polymarket.com/zh/event/btc-updown-5m-1781465400,03:30-03:35,71.00,30.00,70.00,29.00,89.07,841.50,940.68,137.54,70.50,29.50,1.00,1.00,86513.43,86502.23,86502.23,87608.43,70,29,29,70,63759.53,63774.79,,
2026-06-15T03:30:39+08:00,btc-updown-5m-1781465400,https://polymarket.com/zh/event/btc-updown-5m-1781465400,03:30-03:35,71.00,30.00,70.00,29.00,51.13,1046.28,832.26,12.00,70.50,29.50,1.00,1.00,87014.43,86502.23,86482.23,87609.43,70,29,29,70,63759.53,63774.78,,
2026-06-15T03:30:41+08:00,btc-updown-5m-1781465400,https://polymarket.com/zh/event/btc-updown-5m-1781465400,03:30-03:35,72.00,29.00,71.00,28.00,183.76,439.64,517.64,157.49,71.50,28.50,1.00,1.00,66893.73,66987.23,66987.23,66898.73,71,28,28,71,63759.53,63774.78,,
2026-06-15T03:30:43+08:00,btc-updown-5m-1781465400,https://polymarket.com/zh/event/btc-updown-5m-1781465400,03:30-03:35,71.00,30.00,70.00,29.00,486.99,112.02,112.02,406.52,70.50,29.50,1.00,1.00,66109.44,66987.23,66987.23,66599.43,70,29,29,70,63759.53,63775.71,,
2026-06-15T03:30:45+08:00,btc-updown-5m-1781465400,https://polymarket.com/zh/event/btc-updown-5m-1781465400,03:30-03:35,71.00,30.00,70.00,29.00,488.18,95.33,95.33,371.33,70.50,29.50,1.00,1.00,66509.44,66987.23,66987.23,66499.43,70,29,29,70,63759.53,63776.14,,
2026-06-15T03:30:47+08:00,btc-updown-5m-1781465400,https://polymarket.com/zh/event/btc-updown-5m-1781465400,03:30-03:35,71.00,30.00,70.00,29.00,579.41,45.44,50.44,638.59,70.50,29.50,1.00,1.00,65619.43,66987.23,66997.23,66619.43,70,29,29,70,63759.53,63776.14,,
2026-06-15T03:30:49+08:00,btc-updown-5m-1781465400,https://polymarket.com/zh/event/btc-updown-5m-1781465400,03:30-03:35,70.00,31.00,69.00,30.00,178.83,602.72,622.72,178.83,69.50,30.50,1.00,1.00,66124.43,67002.23,67002.23,66114.43,69,30,30,69,63759.53,63776.15,,
2026-06-15T03:30:51+08:00,btc-updown-5m-1781465400,https://polymarket.com/zh/event/btc-updown-5m-1781465400,03:30-03:35,70.00,31.00,69.00,30.00,325.91,190.97,170.97,330.91,69.50,30.50,1.00,1.00,24724.43,24997.23,24987.23,24098.73,69,30,30,69,63759.53,63776.14,,
2026-06-15T03:30:53+08:00,btc-updown-5m-1781465400,https://polymarket.com/zh/event/btc-updown-5m-1781465400,03:30-03:35,75.00,29.00,71.00,28.00,49.69,35.20,35.20,9.00,73.00,28.50,4.00,1.00,24419.44,24987.23,25019.23,24934.44,71,25,26,71,63759.53,63779.27,,
2026-06-15T03:30:55+08:00,btc-updown-5m-1781465400,https://polymarket.com/zh/event/btc-updown-5m-1781465400,03:30-03:35,76.00,25.00,74.00,24.00,43.73,227.50,689.69,43.73,75.00,24.50,2.00,1.00,22584.43,25014.23,25014.23,22589.44,74,24,24,75,63759.53,63779.29,,
2026-06-15T03:30:57+08:00,btc-updown-5m-1781465400,https://polymarket.com/zh/event/btc-updown-5m-1781465400,03:30-03:35,77.00,24.00,76.00,23.00,692.39,29.13,164.44,979.94,76.50,23.50,1.00,1.00,22498.74,25029.23,25029.23,22088.73,76,23,23,76,63759.53,63779.28,,
2026-06-15T03:30:59+08:00,btc-updown-5m-1781465400,https://polymarket.com/zh/event/btc-updown-5m-1781465400,03:30-03:35,74.00,28.00,73.00,27.00,619.50,216.25,110.15,50.00,73.50,27.50,1.00,1.00,23194.43,25027.23,24972.23,22434.43,73,26,27,72,63759.53,63779.30,,
2026-06-15T03:31:01+08:00,btc-updown-5m-1781465400,https://polymarket.com/zh/event/btc-updown-5m-1781465400,03:30-03:35,68.00,33.00,67.00,32.00,557.43,143.48,129.55,696.22,67.50,32.50,1.00,1.00,29639.44,31252.23,31252.23,29019.43,67,32,32,67,63759.53,63774.59,,
2026-06-15T03:31:03+08:00,btc-updown-5m-1781465400,https://polymarket.com/zh/event/btc-updown-5m-1781465400,03:30-03:35,68.00,33.00,67.00,32.00,68.09,864.04,873.04,54.74,67.50,32.50,1.00,1.00,29508.73,31252.23,31252.23,28813.73,67,32,32,67,63759.53,63771.56,,
2026-06-15T03:31:05+08:00,btc-updown-5m-1781465400,https://polymarket.com/zh/event/btc-updown-5m-1781465400,03:30-03:35,72.00,28.00,71.00,27.00,32.11,115.02,824.87,29.83,71.50,27.50,1.00,1.00,30014.43,31271.55,31266.55,29824.43,71,28,27,72,63759.53,63776.14,,
2026-06-15T03:31:07+08:00,btc-updown-5m-1781465400,https://polymarket.com/zh/event/btc-updown-5m-1781465400,03:30-03:35,74.00,27.00,73.00,26.00,271.31,422.18,433.58,271.31,73.50,26.50,1.00,1.00,30355.73,31118.55,30238.55,29165.73,73,26,26,73,63759.53,63776.15,,
2026-06-15T03:31:09+08:00,btc-updown-5m-1781465400,https://polymarket.com/zh/event/btc-updown-5m-1781465400,03:30-03:35,78.00,23.00,77.00,22.00,709.18,82.78,70.01,427.29,77.50,22.50,1.00,1.00,29860.74,30238.55,30243.55,29265.74,77,22,22,77,63759.53,63782.02,,
2026-06-15T03:31:11+08:00,btc-updown-5m-1781465400,https://polymarket.com/zh/event/btc-updown-5m-1781465400,03:30-03:35,78.00,23.00,77.00,22.00,702.66,68.19,68.19,640.69,77.50,22.50,1.00,1.00,29940.73,30228.55,30228.55,29640.73,77,22,22,77,63759.53,63782.02,,
2026-06-15T03:31:13+08:00,btc-updown-5m-1781465400,https://polymarket.com/zh/event/btc-updown-5m-1781465400,03:30-03:35,78.00,23.00,77.00,22.00,577.69,37.07,37.07,625.05,77.50,22.50,1.00,1.00,29845.73,30228.55,30238.55,29155.73,77,22,22,77,63759.53,63782.02,,
2026-06-15T03:31:15+08:00,btc-updown-5m-1781465400,https://polymarket.com/zh/event/btc-updown-5m-1781465400,03:30-03:35,78.00,23.00,77.00,22.00,471.03,213.02,200.00,553.38,77.50,22.50,1.00,1.00,29771.44,30228.55,30243.55,30465.75,77,22,22,77,63759.53,63782.14,,
2026-06-15T03:31:17+08:00,btc-updown-5m-1781465400,https://polymarket.com/zh/event/btc-updown-5m-1781465400,03:30-03:35,78.00,22.00,77.00,16.00,32.05,40.00,812.54,47.33,77.50,19.00,1.00,6.00,29256.74,28219.55,28224.55,29751.74,77,21,16,78,63759.53,63782.14,,
2026-06-15T03:31:18+08:00,btc-updown-5m-1781465400,https://polymarket.com/zh/event/btc-updown-5m-1781465400,03:30-03:35,84.00,17.00,83.00,16.00,121.00,1009.13,923.99,99.90,83.50,16.50,1.00,1.00,29746.43,28318.55,28318.55,29851.43,83,16,16,83,63759.53,63790.07,,
2026-06-15T03:31:20+08:00,btc-updown-5m-1781465400,https://polymarket.com/zh/event/btc-updown-5m-1781465400,03:30-03:35,86.00,15.00,85.00,14.00,272.50,757.04,728.02,279.62,85.50,14.50,1.00,1.00,29631.43,27113.55,27113.55,29331.44,85,14,14,85,63759.53,63790.07,,
2026-06-15T03:31:22+08:00,btc-updown-5m-1781465400,https://polymarket.com/zh/event/btc-updown-5m-1781465400,03:30-03:35,86.00,16.00,85.00,15.00,475.94,115.42,33.80,549.00,85.50,15.50,1.00,1.00,29246.44,27118.55,27103.55,29725.73,85,14,15,84,63759.53,63790.04,,
2026-06-15T03:31:24+08:00,btc-updown-5m-1781465400,https://polymarket.com/zh/event/btc-updown-5m-1781465400,03:30-03:35,84.00,17.00,83.00,16.00,24.28,1115.48,1098.48,24.28,83.50,16.50,1.00,1.00,29725.73,27150.71,27146.71,29220.73,83,16,16,83,63759.53,63789.87,,
2026-06-15T03:31:26+08:00,btc-updown-5m-1781465400,https://polymarket.com/zh/event/btc-updown-5m-1781465400,03:30-03:35,86.00,15.00,85.00,14.00,236.78,285.70,220.20,231.78,85.50,14.50,1.00,1.00,29746.43,27045.71,27045.71,29235.73,85,14,14,85,63759.53,63789.86,,
2026-06-15T03:31:28+08:00,btc-updown-5m-1781465400,https://polymarket.com/zh/event/btc-updown-5m-1781465400,03:30-03:35,86.00,15.00,85.00,14.00,355.98,120.73,120.73,275.98,85.50,14.50,1.00,1.00,29246.43,26415.71,26415.71,29841.43,85,14,14,85,63759.53,63789.87,,
2026-06-15T03:31:30+08:00,btc-updown-5m-1781465400,https://polymarket.com/zh/event/btc-updown-5m-1781465400,03:30-03:35,84.00,17.00,83.00,16.00,364.68,347.20,295.09,314.26,83.50,16.50,1.00,1.00,29635.73,26736.71,26741.71,29835.73,83,16,16,83,63759.53,63785.10,,
2026-06-15T03:31:32+08:00,btc-updown-5m-1781465400,https://polymarket.com/zh/event/btc-updown-5m-1781465400,03:30-03:35,86.00,15.00,85.00,14.00,534.21,16.00,16.00,638.70,85.50,14.50,1.00,1.00,28581.40,25614.38,26614.38,28581.40,85,14,14,84,63759.53,63784.84,,
2026-06-15T03:31:34+08:00,btc-updown-5m-1781465400,https://polymarket.com/zh/event/btc-updown-5m-1781465400,03:30-03:35,76.00,37.00,63.00,28.00,9.83,4.20,6.91,15.60,69.50,32.50,13.00,9.00,28542.41,29211.38,29211.38,28571.41,63,24,26,63,63759.53,63772.44,,
2026-06-15T03:31:36+08:00,btc-updown-5m-1781465400,https://polymarket.com/zh/event/btc-updown-5m-1781465400,03:30-03:35,76.00,27.00,75.00,24.00,134.00,6.12,3.55,267.38,75.50,25.50,1.00,3.00,28581.41,29226.38,29256.38,28591.41,74,24,24,73,63759.53,63772.43,,
2026-06-15T03:31:38+08:00,btc-updown-5m-1781465400,https://polymarket.com/zh/event/btc-updown-5m-1781465400,03:30-03:35,72.00,29.00,71.00,28.00,303.52,40.89,103.66,360.52,71.50,28.50,1.00,1.00,28982.10,29269.71,29264.71,28491.41,71,28,28,71,63759.53,63772.43,,
2026-06-15T03:31:40+08:00,btc-updown-5m-1781465400,https://polymarket.com/zh/event/btc-updown-5m-1781465400,03:30-03:35,71.00,30.00,70.00,29.00,7.13,999.97,920.97,1.25,70.50,29.50,1.00,1.00,28502.11,29264.71,29264.71,29087.10,70,29,29,70,63759.53,63773.66,,
2026-06-15T03:31:42+08:00,btc-updown-5m-1781465400,https://polymarket.com/zh/event/btc-updown-5m-1781465400,03:30-03:35,72.00,29.00,71.00,28.00,111.29,610.04,564.67,111.29,71.50,28.50,1.00,1.00,28972.10,29254.71,29249.71,28977.10,71,28,28,71,63759.53,63773.66,,
2026-06-15T03:31:44+08:00,btc-updown-5m-1781465400,https://polymarket.com/zh/event/btc-updown-5m-1781465400,03:30-03:35,72.00,29.00,71.00,28.00,85.30,627.10,545.38,35.50,71.50,28.50,1.00,1.00,28461.40,29254.71,29249.71,28976.40,71,28,28,71,63759.53,63773.66,,
2026-06-15T03:31:46+08:00,btc-updown-5m-1781465400,https://polymarket.com/zh/event/btc-updown-5m-1781465400,03:30-03:35,73.00,28.00,72.00,27.00,377.42,18.02,72.02,465.03,72.50,27.50,1.00,1.00,27982.10,29269.71,29264.71,28602.11,72,27,27,72,63759.53,63773.67,,
2026-06-15T03:31:48+08:00,btc-updown-5m-1781465400,https://polymarket.com/zh/event/btc-updown-5m-1781465400,03:30-03:35,73.00,28.00,72.00,27.00,172.90,438.94,384.07,164.72,72.50,27.50,1.00,1.00,28166.41,29254.71,29264.71,28681.40,72,27,27,72,63759.53,63773.67,,
2026-06-15T03:31:50+08:00,btc-updown-5m-1781465400,https://polymarket.com/zh/event/btc-updown-5m-1781465400,03:30-03:35,73.00,28.00,72.00,27.00,160.38,290.51,290.51,152.17,72.50,27.50,1.00,1.00,28597.11,29269.71,29269.71,28682.10,72,27,27,72,63759.53,63773.67,,
2026-06-15T03:31:52+08:00,btc-updown-5m-1781465400,https://polymarket.com/zh/event/btc-updown-5m-1781465400,03:30-03:35,73.00,28.00,72.00,27.00,87.69,466.20,436.20,82.69,72.50,27.50,1.00,1.00,29087.10,29259.71,29254.71,28167.10,72,27,27,72,63759.53,63774.84,,
2026-06-15T03:31:54+08:00,btc-updown-5m-1781465400,https://polymarket.com/zh/event/btc-updown-5m-1781465400,03:30-03:35,73.00,28.00,72.00,27.00,36.00,551.68,542.68,66.02,72.50,27.50,1.00,1.00,29277.11,29254.71,29254.71,28667.10,72,27,27,72,63759.53,63774.25,,
2026-06-15T03:31:56+08:00,btc-updown-5m-1781465400,https://polymarket.com/zh/event/btc-updown-5m-1781465400,03:30-03:35,71.00,30.00,70.00,29.00,39.05,4.66,4.66,121.55,70.50,29.50,1.00,1.00,29471.41,29249.71,29249.71,28876.41,70,29,29,70,63759.53,63774.25,,
2026-06-15T03:31:58+08:00,btc-updown-5m-1781465400,https://polymarket.com/zh/event/btc-updown-5m-1781465400,03:30-03:35,70.00,31.00,69.00,30.00,433.62,65.81,65.81,394.62,69.50,30.50,1.00,1.00,29490.10,29244.71,29249.71,29095.11,69,30,30,69,63759.53,63774.25,,
2026-06-15T03:32:00+08:00,btc-updown-5m-1781465400,https://polymarket.com/zh/event/btc-updown-5m-1781465400,03:30-03:35,61.00,40.00,60.00,39.00,83.11,207.73,203.23,135.63,60.50,39.50,1.00,1.00,29575.12,29249.71,29249.71,28970.11,60,39,39,60,63759.53,63769.37,,
2026-06-15T03:32:02+08:00,btc-updown-5m-1781465400,https://polymarket.com/zh/event/btc-updown-5m-1781465400,03:30-03:35,57.00,44.00,56.00,43.00,311.00,14.00,33.74,311.00,56.50,43.50,1.00,1.00,30173.11,29147.71,29152.71,30278.12,56,43,43,56,63759.53,63762.04,,
2026-06-15T03:32:03+08:00,btc-updown-5m-1781465400,https://polymarket.com/zh/event/btc-updown-5m-1781465400,03:30-03:35,55.00,46.00,54.00,45.00,760.33,14.45,133.46,917.62,54.50,45.50,1.00,1.00,29743.10,27370.71,27365.71,29238.10,54,45,45,54,63759.53,63756.19,,
2026-06-15T03:32:05+08:00,btc-updown-5m-1781465400,https://polymarket.com/zh/event/btc-updown-5m-1781465400,03:30-03:35,53.00,48.00,52.00,47.00,899.91,115.38,136.38,784.91,52.50,47.50,1.00,1.00,29134.10,27461.71,27485.71,29150.10,52,47,47,52,63759.53,63753.11,,
2026-06-15T03:32:07+08:00,btc-updown-5m-1781465400,https://polymarket.com/zh/event/btc-updown-5m-1781465400,03:30-03:35,47.00,55.00,46.00,53.00,20.27,8.93,7.85,20.27,46.50,54.00,1.00,2.00,29181.41,27766.71,27771.71,29181.41,46,50,51,45,63759.53,63752.86,,
2026-06-15T03:32:09+08:00,btc-updown-5m-1781465400,https://polymarket.com/zh/event/btc-updown-5m-1781465400,03:30-03:35,39.00,63.00,37.00,62.00,10.97,74.57,49.57,5.00,38.00,62.50,2.00,1.00,29395.41,27827.38,27732.38,29350.41,33,60,62,35,63759.53,63746.30,,
2026-06-15T03:32:11+08:00,btc-updown-5m-1781465400,https://polymarket.com/zh/event/btc-updown-5m-1781465400,03:30-03:35,45.00,55.00,44.00,54.00,6.81,91.89,123.21,46.84,44.50,54.50,1.00,1.00,29451.11,27837.38,27843.08,29466.12,44,55,54,45,63759.53,63754.01,,
2026-06-15T03:32:13+08:00,btc-updown-5m-1781465400,https://polymarket.com/zh/event/btc-updown-5m-1781465400,03:30-03:35,49.00,52.00,48.00,51.00,386.73,495.02,577.02,426.73,48.50,51.50,1.00,1.00,29654.43,27574.08,27469.08,29648.73,48,51,51,48,63759.53,63754.01,,
2026-06-15T03:32:15+08:00,btc-updown-5m-1781465400,https://polymarket.com/zh/event/btc-updown-5m-1781465400,03:30-03:35,49.00,52.00,48.00,51.00,771.00,67.09,69.09,717.00,48.50,51.50,1.00,1.00,29444.43,27535.92,27535.92,29444.43,48,51,51,48,63759.53,63754.08,,
2026-06-15T03:32:17+08:00,btc-updown-5m-1781465400,https://polymarket.com/zh/event/btc-updown-5m-1781465400,03:30-03:35,49.00,52.00,48.00,51.00,579.56,99.68,114.40,721.56,48.50,51.50,1.00,1.00,29359.43,27466.93,27465.93,29359.43,48,51,51,48,63759.53,63754.09,,
2026-06-15T03:32:19+08:00,btc-updown-5m-1781465400,https://polymarket.com/zh/event/btc-updown-5m-1781465400,03:30-03:35,48.00,53.00,47.00,52.00,281.50,136.73,266.28,343.73,47.50,52.50,1.00,1.00,29359.43,27350.92,27355.93,29359.43,47,52,52,47,63759.53,63754.09,,
2026-06-15T03:32:21+08:00,btc-updown-5m-1781465400,https://polymarket.com/zh/event/btc-updown-5m-1781465400,03:30-03:35,48.00,53.00,47.00,52.00,790.28,6.77,6.77,844.50,47.50,52.50,1.00,1.00,29338.73,27230.22,27235.22,29353.73,47,52,52,47,63759.53,63754.09,,
2026-06-15T03:32:23+08:00,btc-updown-5m-1781465400,https://polymarket.com/zh/event/btc-updown-5m-1781465400,03:30-03:35,44.00,59.00,43.00,58.00,143.00,235.99,5.30,304.12,43.50,58.50,1.00,1.00,29333.73,27251.23,27335.22,29443.73,42,56,58,41,63759.53,63754.08,,
2026-06-15T03:32:25+08:00,btc-updown-5m-1781465400,https://polymarket.com/zh/event/btc-updown-5m-1781465400,03:30-03:35,45.00,56.00,44.00,55.00,22.97,703.98,724.98,2.97,44.50,55.50,1.00,1.00,29333.73,27235.23,27350.22,29348.73,44,55,55,44,63759.53,63752.02,,
2026-06-15T03:32:27+08:00,btc-updown-5m-1781465400,https://polymarket.com/zh/event/btc-updown-5m-1781465400,03:30-03:35,48.00,53.00,47.00,52.00,39.03,26.36,35.80,44.03,47.50,52.50,1.00,1.00,29243.73,27240.23,27235.22,29243.73,47,52,52,47,63759.53,63752.01,,
2026-06-15T03:32:29+08:00,btc-updown-5m-1781465400,https://polymarket.com/zh/event/btc-updown-5m-1781465400,03:30-03:35,48.00,53.00,47.00,52.00,76.02,483.50,398.50,60.02,47.50,52.50,1.00,1.00,29249.43,27250.92,27250.92,29249.43,47,52,52,47,63759.53,63758.01,,
2026-06-15T03:32:31+08:00,btc-updown-5m-1781465400,https://polymarket.com/zh/event/btc-updown-5m-1781465400,03:30-03:35,49.00,53.00,48.00,48.00,340.40,692.19,45.00,1.80,48.50,50.50,1.00,5.00,28939.43,27861.93,27861.93,28944.43,48,48,46,47,63759.53,63768.83,,
2026-06-15T03:32:33+08:00,btc-updown-5m-1781465400,https://polymarket.com/zh/event/btc-updown-5m-1781465400,03:30-03:35,63.00,35.00,62.00,34.00,6.91,5.00,16.00,10.00,62.50,34.50,1.00,1.00,27245.40,29410.26,29404.56,27140.40,62,36,34,65,63759.53,63769.48,,
2026-06-15T03:32:35+08:00,btc-updown-5m-1781465400,https://polymarket.com/zh/event/btc-updown-5m-1781465400,03:30-03:35,71.00,30.00,70.00,29.00,100.11,642.18,499.18,75.48,70.50,29.50,1.00,1.00,27035.40,29399.55,29399.55,27130.40,70,29,29,70,63759.53,63769.61,,
2026-06-15T03:32:37+08:00,btc-updown-5m-1781465400,https://polymarket.com/zh/event/btc-updown-5m-1781465400,03:30-03:35,71.00,30.00,70.00,29.00,238.25,242.40,431.40,281.37,70.50,29.50,1.00,1.00,27045.40,29414.55,29414.55,27760.41,70,29,29,70,63759.53,63770.62,,
2026-06-15T03:32:39+08:00,btc-updown-5m-1781465400,https://polymarket.com/zh/event/btc-updown-5m-1781465400,03:30-03:35,71.00,31.00,69.00,30.00,654.61,87.67,137.67,25.00,70.00,30.50,2.00,1.00,27066.11,29399.55,29404.55,27571.11,69,29,30,69,63759.53,63770.61,,
2026-06-15T03:32:41+08:00,btc-updown-5m-1781465400,https://polymarket.com/zh/event/btc-updown-5m-1781465400,03:30-03:35,69.00,32.00,68.00,31.00,175.00,334.57,347.57,300.14,68.50,31.50,1.00,1.00,27581.12,29414.55,29419.55,27061.12,68,31,31,68,63759.53,63770.62,,
2026-06-15T03:32:43+08:00,btc-updown-5m-1781465400,https://polymarket.com/zh/event/btc-updown-5m-1781465400,03:30-03:35,69.00,32.00,68.00,31.00,37.02,392.25,398.25,37.02,68.50,31.50,1.00,1.00,27366.10,29424.55,29424.55,27266.10,68,31,31,68,63759.53,63770.62,,
2026-06-15T03:32:45+08:00,btc-updown-5m-1781465400,https://polymarket.com/zh/event/btc-updown-5m-1781465400,03:30-03:35,58.00,50.00,51.00,42.00,16.00,111.06,102.24,16.00,54.50,46.00,7.00,8.00,29565.41,29229.55,29229.55,29565.41,51,36,36,50,63759.53,63768.65,,
2026-06-15T03:32:47+08:00,btc-updown-5m-1781465400,https://polymarket.com/zh/event/btc-updown-5m-1781465400,03:30-03:35,49.00,52.00,48.00,51.00,63.42,662.40,662.40,63.42,48.50,51.50,1.00,1.00,29117.98,27550.55,27544.55,29017.98,48,51,51,48,63759.53,63759.52,,
2026-06-15T03:32:49+08:00,btc-updown-5m-1781465400,https://polymarket.com/zh/event/btc-updown-5m-1781465400,03:30-03:35,49.00,52.00,48.00,51.00,511.49,94.11,124.56,500.45,48.50,51.50,1.00,1.00,29077.49,27732.22,27737.23,28977.49,48,51,51,48,63759.53,63759.52,,
2026-06-15T03:32:51+08:00,btc-updown-5m-1781465400,https://polymarket.com/zh/event/btc-updown-5m-1781465400,03:30-03:35,49.00,52.00,48.00,48.00,12.35,666.57,763.52,280.00,48.50,50.00,1.00,4.00,29153.19,27377.22,27376.23,29158.19,48,51,48,48,63759.53,63759.52,,
2026-06-15T03:32:52+08:00,btc-updown-5m-1781465400,https://polymarket.com/zh/event/btc-updown-5m-1781465400,03:30-03:35,52.00,49.00,51.00,48.00,325.34,502.48,472.48,325.34,51.50,48.50,1.00,1.00,29222.49,27051.22,27051.22,29727.49,51,48,48,51,63759.53,63759.52,,
2026-06-15T03:32:54+08:00,btc-updown-5m-1781465400,https://polymarket.com/zh/event/btc-updown-5m-1781465400,03:30-03:35,53.00,48.00,52.00,47.00,368.81,134.20,363.00,638.81,52.50,47.50,1.00,1.00,29088.19,26916.92,26916.92,29093.19,52,47,47,52,63759.53,63759.52,,
2026-06-15T03:32:56+08:00,btc-updown-5m-1781465400,https://polymarket.com/zh/event/btc-updown-5m-1781465400,03:30-03:35,73.00,28.00,72.00,27.00,28.79,687.16,480.48,33.79,72.50,27.50,1.00,1.00,27815.50,29096.22,29081.22,27495.49,72,27,27,72,63759.53,63773.36,,
2026-06-15T03:32:58+08:00,btc-updown-5m-1781465400,https://polymarket.com/zh/event/btc-updown-5m-1781465400,03:30-03:35,75.00,26.00,74.00,25.00,26.76,656.59,702.59,26.76,74.50,25.50,1.00,1.00,27512.86,29188.55,29194.25,28002.16,74,25,25,74,63759.53,63773.55,,
2026-06-15T03:33:00+08:00,btc-updown-5m-1781465400,https://polymarket.com/zh/event/btc-updown-5m-1781465400,03:30-03:35,76.00,25.00,75.00,23.00,28.68,649.52,642.61,72.00,75.50,24.00,1.00,2.00,27392.16,29114.55,29114.55,27397.16,75,24,23,75,63759.53,63773.56,,
2026-06-15T03:33:02+08:00,btc-updown-5m-1781465400,https://polymarket.com/zh/event/btc-updown-5m-1781465400,03:30-03:35,79.00,21.00,78.00,20.00,9.28,246.25,783.90,134.55,78.50,20.50,1.00,1.00,26666.86,28845.25,28845.25,27271.86,78,21,20,79,63759.53,63778.23,,
2026-06-15T03:33:04+08:00,btc-updown-5m-1781465400,https://polymarket.com/zh/event/btc-updown-5m-1781465400,03:30-03:35,80.00,21.00,79.00,20.00,401.41,241.48,152.25,166.32,79.50,20.50,1.00,1.00,26671.86,28857.87,28863.57,27371.87,79,20,20,79,63759.53,63778.05,,
2026-06-15T03:33:06+08:00,btc-updown-5m-1781465400,https://polymarket.com/zh/event/btc-updown-5m-1781465400,03:30-03:35,80.00,21.00,79.00,20.00,103.02,158.70,159.70,103.02,79.50,20.50,1.00,1.00,26311.86,28473.57,28473.57,26406.86,79,20,20,79,63759.53,63778.05,,
2026-06-15T03:33:08+08:00,btc-updown-5m-1781465400,https://polymarket.com/zh/event/btc-updown-5m-1781465400,03:30-03:35,81.00,20.00,80.00,19.00,427.44,88.02,93.02,610.65,80.50,19.50,1.00,1.00,26291.16,28452.87,28467.87,26401.16,80,19,19,80,63759.53,63778.05,,
2026-06-15T03:33:10+08:00,btc-updown-5m-1781465400,https://polymarket.com/zh/event/btc-updown-5m-1781465400,03:30-03:35,81.00,20.00,80.00,19.00,155.35,288.40,303.54,185.35,80.50,19.50,1.00,1.00,25941.86,28092.87,28092.87,26531.86,80,19,19,80,63759.53,63778.07,,
2026-06-15T03:33:12+08:00,btc-updown-5m-1781465400,https://polymarket.com/zh/event/btc-updown-5m-1781465400,03:30-03:35,81.00,20.00,80.00,19.00,107.01,54.87,46.40,130.83,80.50,19.50,1.00,1.00,25726.87,27882.87,27882.87,25831.87,80,19,19,80,63759.53,63778.07,,
2026-06-15T03:33:14+08:00,btc-updown-5m-1781465400,https://polymarket.com/zh/event/btc-updown-5m-1781465400,03:30-03:35,81.00,20.00,80.00,19.00,30.00,742.50,673.00,7.92,80.50,19.50,1.00,1.00,25826.87,27872.87,27872.87,25716.86,80,19,19,80,63759.53,63778.07,,
2026-06-15T03:33:16+08:00,btc-updown-5m-1781465400,https://polymarket.com/zh/event/btc-updown-5m-1781465400,03:30-03:35,82.00,21.00,79.00,20.00,372.64,784.11,390.15,25.00,80.50,20.50,3.00,1.00,26221.16,27892.87,27887.87,25726.16,79,18,20,79,63759.53,63778.07,,
2026-06-15T03:33:18+08:00,btc-updown-5m-1781465400,https://polymarket.com/zh/event/btc-updown-5m-1781465400,03:30-03:35,81.00,20.00,80.00,19.00,59.00,540.71,462.88,57.76,80.50,19.50,1.00,1.00,26134.82,27892.87,27887.87,25649.83,80,19,19,80,63759.53,63778.07,,
2026-06-15T03:33:20+08:00,btc-updown-5m-1781465400,https://polymarket.com/zh/event/btc-updown-5m-1781465400,03:30-03:35,81.00,20.00,80.00,19.00,37.00,784.81,728.81,29.50,80.50,19.50,1.00,1.00,25986.49,27862.87,27862.87,25476.48,80,19,19,80,63759.53,63778.07,,
2026-06-15T03:33:22+08:00,btc-updown-5m-1781465400,https://polymarket.com/zh/event/btc-updown-5m-1781465400,03:30-03:35,83.00,18.00,82.00,17.00,109.81,439.54,413.54,109.81,82.50,17.50,1.00,1.00,25066.48,27467.87,27472.87,25461.48,82,17,17,82,63759.53,63778.07,,
2026-06-15T03:33:24+08:00,btc-updown-5m-1781465400,https://polymarket.com/zh/event/btc-updown-5m-1781465400,03:30-03:35,83.00,18.00,82.00,17.00,35.00,569.03,571.35,4.87,82.50,17.50,1.00,1.00,24976.49,27567.87,27577.87,25561.48,82,17,17,82,63759.53,63778.07,,
2026-06-15T03:33:26+08:00,btc-updown-5m-1781465400,https://polymarket.com/zh/event/btc-updown-5m-1781465400,03:30-03:35,83.00,18.00,82.00,17.00,44.00,581.83,529.42,44.00,82.50,17.50,1.00,1.00,25491.49,27487.87,27487.87,24981.48,82,17,17,82,63759.53,63778.07,,
2026-06-15T03:33:28+08:00,btc-updown-5m-1781465400,https://polymarket.com/zh/event/btc-updown-5m-1781465400,03:30-03:35,84.00,17.00,83.00,16.00,159.22,80.99,80.99,159.22,83.50,16.50,1.00,1.00,25675.78,27492.87,27487.87,25480.78,83,16,16,83,63759.53,63778.07,,
2026-06-15T03:33:30+08:00,btc-updown-5m-1781465400,https://polymarket.com/zh/event/btc-updown-5m-1781465400,03:30-03:35,84.00,17.00,83.00,16.00,539.63,107.58,69.08,494.13,83.50,16.50,1.00,1.00,25451.48,27392.87,27282.87,25451.48,83,16,16,83,63759.53,63778.07,,
2026-06-15T03:33:32+08:00,btc-updown-5m-1781465400,https://polymarket.com/zh/event/btc-updown-5m-1781465400,03:30-03:35,84.00,17.00,83.00,16.00,10.85,451.28,524.18,10.85,83.50,16.50,1.00,1.00,25340.79,27159.53,27159.53,24835.78,83,16,16,83,63759.53,63778.06,,
2026-06-15T03:33:34+08:00,btc-updown-5m-1781465400,https://polymarket.com/zh/event/btc-updown-5m-1781465400,03:30-03:35,84.00,16.00,83.00,15.00,0.49,80.00,565.39,5.00,83.50,15.50,1.00,1.00,25341.48,27300.21,27314.74,24936.49,83,16,15,84,63759.53,63778.33,,
2026-06-15T03:33:36+08:00,btc-updown-5m-1781465400,https://polymarket.com/zh/event/btc-updown-5m-1781465400,03:30-03:35,88.00,13.00,87.00,12.00,289.52,76.57,41.57,673.38,87.50,12.50,1.00,1.00,25346.48,24876.70,24858.37,24835.78,87,12,12,87,63759.53,63782.80,,
2026-06-15T03:33:38+08:00,btc-updown-5m-1781465400,https://polymarket.com/zh/event/btc-updown-5m-1781465400,03:30-03:35,88.00,13.00,87.00,12.00,349.89,143.87,143.87,329.89,87.50,12.50,1.00,1.00,24715.78,25183.37,25350.28,25430.78,87,12,12,87,63759.53,63782.80,,
2026-06-15T03:33:40+08:00,btc-updown-5m-1781465400,https://polymarket.com/zh/event/btc-updown-5m-1781465400,03:30-03:35,90.00,11.00,89.00,10.00,593.01,39.28,48.38,570.78,89.50,10.50,1.00,1.00,25340.78,25394.06,25399.06,24836.49,89,10,10,89,63759.53,63782.81,,
2026-06-15T03:33:42+08:00,btc-updown-5m-1781465400,https://polymarket.com/zh/event/btc-updown-5m-1781465400,03:30-03:35,91.00,10.00,90.00,9.00,540.73,257.02,260.02,540.73,90.50,9.50,1.00,1.00,25326.48,25127.22,25132.22,24821.49,90,9,9,90,63759.53,63782.81,,
2026-06-15T03:33:44+08:00,btc-updown-5m-1781465400,https://polymarket.com/zh/event/btc-updown-5m-1781465400,03:30-03:35,91.00,10.00,90.00,9.00,695.08,21.81,37.79,627.08,90.50,9.50,1.00,1.00,24826.49,25160.22,25160.22,25415.78,90,9,9,90,63759.53,63782.81,,
2026-06-15T03:33:46+08:00,btc-updown-5m-1781465400,https://polymarket.com/zh/event/btc-updown-5m-1781465400,03:30-03:35,90.00,11.00,89.00,10.00,27.38,704.14,721.05,16.26,89.50,10.50,1.00,1.00,24840.79,25211.09,25211.09,24830.78,89,10,10,89,63759.53,63782.81,,
2026-06-15T03:33:48+08:00,btc-updown-5m-1781465400,https://polymarket.com/zh/event/btc-updown-5m-1781465400,03:30-03:35,95.00,6.00,94.00,5.00,923.93,546.91,589.08,943.93,94.50,5.50,1.00,1.00,23964.48,22445.75,22974.80,23778.79,94,5,5,94,63759.53,63794.86,,
2026-06-15T03:33:50+08:00,btc-updown-5m-1781465400,https://polymarket.com/zh/event/btc-updown-5m-1781465400,03:30-03:35,96.00,5.00,95.00,4.00,343.54,288.25,262.27,323.30,95.50,4.50,1.00,1.00,23747.78,16138.35,16008.11,23737.78,95,4,4,95,63759.53,63796.13,,
2026-06-15T03:33:52+08:00,btc-updown-5m-1781465400,https://polymarket.com/zh/event/btc-updown-5m-1781465400,03:30-03:35,96.00,5.00,95.00,4.00,359.06,518.66,446.65,716.45,95.50,4.50,1.00,1.00,23290.28,16229.34,16720.20,23305.28,95,4,4,95,63759.53,63796.14,,
2026-06-15T03:33:54+08:00,btc-updown-5m-1781465400,https://polymarket.com/zh/event/btc-updown-5m-1781465400,03:30-03:35,95.00,6.00,94.00,4.00,39.12,525.72,352.84,373.91,94.50,5.00,1.00,2.00,23800.29,16668.10,16617.84,23290.28,94,5,4,94,63759.53,63790.51,,
2026-06-15T03:33:56+08:00,btc-updown-5m-1781465400,https://polymarket.com/zh/event/btc-updown-5m-1781465400,03:30-03:35,97.00,4.00,95.00,3.00,781.64,118.50,662.04,781.64,96.00,3.50,2.00,1.00,23395.28,15495.57,14745.57,23295.29,95,3,3,96,63759.53,63789.49,,
2026-06-15T03:33:58+08:00,btc-updown-5m-1781465400,https://polymarket.com/zh/event/btc-updown-5m-1781465400,03:30-03:35,97.00,4.00,96.00,3.00,894.66,377.45,382.45,848.11,96.50,3.50,1.00,1.00,23267.29,14854.59,15126.71,23157.28,96,3,3,96,63759.53,63789.50,,
2026-06-15T03:34:00+08:00,btc-updown-5m-1781465400,https://polymarket.com/zh/event/btc-updown-5m-1781465400,03:30-03:35,97.00,4.00,96.00,3.00,806.37,309.46,93.91,556.88,96.50,3.50,1.00,1.00,23567.28,14913.46,14419.84,23717.29,96,3,3,96,63759.53,63789.50,,
2026-06-15T03:34:02+08:00,btc-updown-5m-1781465400,https://polymarket.com/zh/event/btc-updown-5m-1781465400,03:30-03:35,97.00,4.00,96.00,3.00,281.48,233.86,301.86,266.32,96.50,3.50,1.00,1.00,23881.31,15651.93,15288.57,23465.61,96,3,3,96,63759.53,63797.31,,
2026-06-15T03:34:04+08:00,btc-updown-5m-1781465400,https://polymarket.com/zh/event/btc-updown-5m-1781465400,03:30-03:35,98.00,3.00,97.00,2.00,3489.03,262.59,452.59,3494.03,97.50,2.50,1.00,1.00,23320.61,15125.50,15130.50,23210.61,97,2,2,97,63759.53,63797.32,,
2026-06-15T03:34:06+08:00,btc-updown-5m-1781465400,https://polymarket.com/zh/event/btc-updown-5m-1781465400,03:30-03:35,98.00,3.00,97.00,2.00,3525.22,187.26,187.26,3499.22,97.50,2.50,1.00,1.00,22716.31,15083.69,15057.69,23211.31,97,2,2,97,63759.53,63797.32,,
2026-06-15T03:34:08+08:00,btc-updown-5m-1781465400,https://polymarket.com/zh/event/btc-updown-5m-1781465400,03:30-03:35,98.00,3.00,97.00,2.00,2727.58,167.79,319.36,2722.58,97.50,2.50,1.00,1.00,22721.32,14286.05,14281.05,23211.31,97,2,2,97,63759.53,63797.32,,
2026-06-15T03:34:10+08:00,btc-updown-5m-1781465400,https://polymarket.com/zh/event/btc-updown-5m-1781465400,03:30-03:35,98.00,3.00,97.00,2.00,2349.02,596.96,596.96,2349.02,97.50,2.50,1.00,1.00,22506.31,13912.49,13907.49,22911.31,97,2,2,97,63759.53,63797.32,,
2026-06-15T03:34:12+08:00,btc-updown-5m-1781465400,https://polymarket.com/zh/event/btc-updown-5m-1781465400,03:30-03:35,98.00,3.00,97.00,2.00,1128.65,659.45,661.45,1781.03,97.50,2.50,1.00,1.00,22796.31,12387.12,13039.50,22491.31,97,2,2,97,63759.53,63797.31,,
2026-06-15T03:34:14+08:00,btc-updown-5m-1781465400,https://polymarket.com/zh/event/btc-updown-5m-1781465400,03:30-03:35,98.00,3.00,97.00,2.00,1423.23,740.27,705.80,1465.73,97.50,2.50,1.00,1.00,22491.31,12639.70,12682.20,22491.31,97,2,2,97,63759.53,63797.31,,
2026-06-15T03:34:16+08:00,btc-updown-5m-1781465400,https://polymarket.com/zh/event/btc-updown-5m-1781465400,03:30-03:35,98.00,3.00,97.00,2.00,1114.30,796.41,798.41,1096.75,97.50,2.50,1.00,1.00,22301.31,7303.31,7285.76,22311.31,97,2,2,97,63759.53,63797.32,,
2026-06-15T03:34:18+08:00,btc-updown-5m-1781465400,https://polymarket.com/zh/event/btc-updown-5m-1781465400,03:30-03:35,98.00,3.00,97.00,2.00,982.61,926.58,909.15,1007.61,97.50,2.50,1.00,1.00,22996.31,6906.41,6906.41,22401.31,97,2,2,97,63759.53,63797.31,,
2026-06-15T03:34:20+08:00,btc-updown-5m-1781465400,https://polymarket.com/zh/event/btc-updown-5m-1781465400,03:30-03:35,98.00,3.00,97.00,2.00,82.43,1032.15,1150.35,62.12,97.50,2.50,1.00,1.00,22492.88,5897.18,5876.87,23092.88,97,2,2,97,63759.53,63799.46,,
2026-06-15T03:34:22+08:00,btc-updown-5m-1781465400,https://polymarket.com/zh/event/btc-updown-5m-1781465400,03:30-03:35,99.00,2.00,98.00,1.00,5853.00,529.89,519.89,5853.00,98.50,1.50,1.00,1.00,22487.89,5853.00,5853.00,22862.88,98,1,1,98,63759.53,63799.68,,
2026-06-15T03:34:24+08:00,btc-updown-5m-1781465400,https://polymarket.com/zh/event/btc-updown-5m-1781465400,03:30-03:35,99.00,2.00,98.00,1.00,5337.31,563.56,553.56,5327.10,98.50,1.50,1.00,1.00,22462.89,5337.31,5327.10,22267.88,98,1,1,98,63759.53,63799.69,,
2026-06-15T03:34:26+08:00,btc-updown-5m-1781465400,https://polymarket.com/zh/event/btc-updown-5m-1781465400,03:30-03:35,99.00,2.00,98.00,1.00,4428.16,1163.02,1158.02,4426.52,98.50,1.50,1.00,1.00,22748.88,4428.16,4426.52,22753.88,98,1,1,98,63759.53,63799.69,,
2026-06-15T03:34:27+08:00,btc-updown-5m-1781465400,https://polymarket.com/zh/event/btc-updown-5m-1781465400,03:30-03:35,99.00,2.00,98.00,1.00,3719.58,1516.05,1423.05,2300.68,98.50,1.50,1.00,1.00,22448.18,3719.58,2300.68,23033.18,98,1,1,98,63759.53,63799.69,,
2026-06-15T03:34:29+08:00,btc-updown-5m-1781465400,https://polymarket.com/zh/event/btc-updown-5m-1781465400,03:30-03:35,99.00,2.00,98.00,1.00,1279.42,1380.55,1366.98,1258.36,98.50,1.50,1.00,1.00,22453.88,1279.42,1258.36,22658.88,98,1,1,98,63759.53,63799.69,,
2026-06-15T03:34:31+08:00,btc-updown-5m-1781465400,https://polymarket.com/zh/event/btc-updown-5m-1781465400,03:30-03:35,99.00,2.00,98.00,1.00,988.79,986.69,901.69,1008.79,98.50,1.50,1.00,1.00,22380.55,988.79,1008.79,22470.55,98,1,1,98,63759.53,63799.69,,
2026-06-15T03:34:33+08:00,btc-updown-5m-1781465400,https://polymarket.com/zh/event/btc-updown-5m-1781465400,03:30-03:35,99.00,2.00,98.00,1.00,901.80,940.69,960.69,1403.62,98.50,1.50,1.00,1.00,22825.56,901.80,1403.62,22995.56,98,1,1,98,63759.53,63797.32,,
2026-06-15T03:34:35+08:00,btc-updown-5m-1781465400,https://polymarket.com/zh/event/btc-updown-5m-1781465400,03:30-03:35,99.00,2.00,98.00,1.00,1174.10,744.69,763.69,1172.88,98.50,1.50,1.00,1.00,22378.57,1174.10,1172.88,22368.56,98,1,1,98,63759.53,63792.81,,
2026-06-15T03:34:37+08:00,btc-updown-5m-1781465400,https://polymarket.com/zh/event/btc-updown-5m-1781465400,03:30-03:35,99.00,2.00,98.00,1.00,1264.60,684.69,683.59,1269.60,98.50,1.50,1.00,1.00,21903.56,1264.60,1269.60,21898.56,98,1,1,98,63759.53,63792.82,,
2026-06-15T03:34:39+08:00,btc-updown-5m-1781465400,https://polymarket.com/zh/event/btc-updown-5m-1781465400,03:30-03:35,,1.00,99.00,,,1149.36,1154.36,,,,,,21898.56,,,21898.56,99,0,0,99,63759.53,63792.82,,
2026-06-15T03:34:41+08:00,btc-updown-5m-1781465400,https://polymarket.com/zh/event/btc-updown-5m-1781465400,03:30-03:35,,1.00,99.00,,,1458.61,1469.12,,,,,,21763.57,,,22258.56,99,0,0,99,63759.53,63792.81,,
2026-06-15T03:34:43+08:00,btc-updown-5m-1781465400,https://polymarket.com/zh/event/btc-updown-5m-1781465400,03:30-03:35,,1.00,99.00,,,1629.20,1629.20,,,,,,22252.86,,,22252.86,99,0,0,99,63759.53,63792.82,,
2026-06-15T03:34:45+08:00,btc-updown-5m-1781465400,https://polymarket.com/zh/event/btc-updown-5m-1781465400,03:30-03:35,,1.00,99.00,,,1735.51,1736.62,,,,,,21454.26,,,21944.26,99,0,0,99,63759.53,63793.51,,
2026-06-15T03:34:47+08:00,btc-updown-5m-1781465400,https://polymarket.com/zh/event/btc-updown-5m-1781465400,03:30-03:35,,1.00,99.00,,,1741.51,1741.51,,,,,,21469.26,,,21459.26,99,0,0,99,63759.53,63793.51,,
2026-06-15T03:34:49+08:00,btc-updown-5m-1781465400,https://polymarket.com/zh/event/btc-updown-5m-1781465400,03:30-03:35,,1.00,99.00,,,795.11,795.11,,,,,,21852.26,,,21357.26,89,0,0,89,63759.53,63790.01,,
2026-06-15T03:34:51+08:00,btc-updown-5m-1781465400,https://polymarket.com/zh/event/btc-updown-5m-1781465400,03:30-03:35,,1.00,99.00,,,659.23,649.23,,,,,,14387.26,,,14392.26,87,0,0,87,63759.53,63790.03,,
2026-06-15T03:34:53+08:00,btc-updown-5m-1781465400,https://polymarket.com/zh/event/btc-updown-5m-1781465400,03:30-03:35,,1.00,99.00,,,2477.45,2150.23,,,,,,13887.26,,,14392.26,88,0,0,88,63759.53,63790.02,,
2026-06-15T03:34:55+08:00,btc-updown-5m-1781465400,https://polymarket.com/zh/event/btc-updown-5m-1781465400,03:30-03:35,,1.00,99.00,,,3801.79,3546.79,,,,,,14387.26,,,13892.26,73,0,0,73,63759.53,63791.99,,
2026-06-15T03:34:57+08:00,btc-updown-5m-1781465400,https://polymarket.com/zh/event/btc-updown-5m-1781465400,03:30-03:35,,1.00,99.00,,,4334.10,4308.90,,,,,,13782.26,,,13787.26,73,0,0,73,63759.53,63786.16,,
2026-06-15T03:34:59+08:00,btc-updown-5m-1781465400,https://polymarket.com/zh/event/btc-updown-5m-1781465400,03:30-03:35,,1.00,99.00,,,18097.12,16389.58,,,,,,14582.26,,,14072.27,61,0,0,62,63759.53,63786.16,,
2026-06-15T03:35:01+08:00,btc-updown-5m-1781465700,https://polymarket.com/zh/event/btc-updown-5m-1781465700,03:35-03:40,60.00,43.00,59.00,42.00,197.23,10.00,24.74,46.75,59.50,42.50,1.00,1.00,110022.92,110495.29,110515.29,110237.91,55,35,39,53,63784.00,63784.00,,
2026-06-15T03:35:03+08:00,btc-updown-5m-1781465700,https://polymarket.com/zh/event/btc-updown-5m-1781465700,03:35-03:40,57.00,44.00,56.00,43.00,104.48,143.29,196.57,179.48,56.50,43.50,1.00,1.00,111260.26,111288.64,111313.64,110810.25,56,43,43,56,63784.00,63784.00,,
2026-06-15T03:35:05+08:00,btc-updown-5m-1781465700,https://polymarket.com/zh/event/btc-updown-5m-1781465700,03:35-03:40,57.00,44.00,56.00,43.00,209.66,394.34,328.09,199.66,56.50,43.50,1.00,1.00,110815.96,111388.34,111388.34,110830.95,56,43,43,56,63784.00,63786.60,,
2026-06-15T03:35:07+08:00,btc-updown-5m-1781465700,https://polymarket.com/zh/event/btc-updown-5m-1781465700,03:35-03:40,57.00,44.00,56.00,43.00,187.91,244.55,352.58,187.91,56.50,43.50,1.00,1.00,111015.25,111547.64,111547.64,111020.25,56,43,43,56,63784.00,63786.60,,
2026-06-15T03:35:09+08:00,btc-updown-5m-1781465700,https://polymarket.com/zh/event/btc-updown-5m-1781465700,03:35-03:40,59.00,42.00,58.00,41.00,349.52,901.69,922.78,349.52,58.50,41.50,1.00,1.00,109559.29,109563.34,109548.34,109044.28,58,41,41,58,63784.00,63786.60,,
2026-06-15T03:35:11+08:00,btc-updown-5m-1781465700,https://polymarket.com/zh/event/btc-updown-5m-1781465700,03:35-03:40,60.00,41.00,59.00,40.00,124.09,114.96,164.96,124.09,59.50,40.50,1.00,1.00,110299.29,109597.64,109603.34,110193.59,59,40,40,59,63784.00,63786.61,,
2026-06-15T03:35:13+08:00,btc-updown-5m-1781465700,https://polymarket.com/zh/event/btc-updown-5m-1781465700,03:35-03:40,56.00,45.00,55.00,44.00,228.00,1037.94,1058.94,233.02,55.50,44.50,1.00,1.00,111305.58,110557.64,110557.64,110905.58,55,44,44,55,63784.00,63786.61,,
2026-06-15T03:35:15+08:00,btc-updown-5m-1781465700,https://polymarket.com/zh/event/btc-updown-5m-1781465700,03:35-03:40,57.00,44.00,56.00,43.00,111.26,158.15,277.15,105.18,56.50,43.50,1.00,1.00,111512.28,110673.34,110668.34,111517.28,56,43,43,56,63784.00,63786.61,,
2026-06-15T03:35:17+08:00,btc-updown-5m-1781465700,https://polymarket.com/zh/event/btc-updown-5m-1781465700,03:35-03:40,57.00,44.00,56.00,43.00,386.52,249.67,255.02,361.68,56.50,43.50,1.00,1.00,104628.58,104682.64,104682.64,104523.58,56,43,43,56,63784.00,63786.61,,
2026-06-15T03:35:19+08:00,btc-updown-5m-1781465700,https://polymarket.com/zh/event/btc-updown-5m-1781465700,03:35-03:40,56.00,45.00,55.00,44.00,42.35,1541.20,1489.20,42.35,55.50,44.50,1.00,1.00,105336.59,104487.64,104487.64,104826.58,55,44,44,55,63784.00,63786.60,,
2026-06-15T03:35:21+08:00,btc-updown-5m-1781465700,https://polymarket.com/zh/event/btc-updown-5m-1781465700,03:35-03:40,56.00,45.00,55.00,44.00,61.75,1692.37,1654.04,61.75,55.50,44.50,1.00,1.00,106531.37,104575.43,96294.43,98133.37,55,44,44,55,63784.00,63787.34,,
2026-06-15T03:35:23+08:00,btc-updown-5m-1781465700,https://polymarket.com/zh/event/btc-updown-5m-1781465700,03:35-03:40,57.00,44.00,56.00,43.00,22.18,522.64,337.02,13.40,56.50,43.50,1.00,1.00,98324.67,95988.73,96251.33,99135.37,56,43,43,56,63784.00,63787.33,,
2026-06-15T03:35:25+08:00,btc-updown-5m-1781465700,https://polymarket.com/zh/event/btc-updown-5m-1781465700,03:35-03:40,57.00,44.00,56.00,43.00,71.49,303.86,306.72,62.71,56.50,43.50,1.00,1.00,99131.96,96354.72,96444.02,99098.27,56,43,43,56,63784.00,63787.34,,
2026-06-15T03:35:27+08:00,btc-updown-5m-1781465700,https://polymarket.com/zh/event/btc-updown-5m-1781465700,03:35-03:40,57.00,44.00,56.00,43.00,87.73,291.72,291.72,87.73,56.50,43.50,1.00,1.00,99458.56,96652.42,96647.42,99563.56,56,43,43,56,63784.00,63787.34,,
2026-06-15T03:35:29+08:00,btc-updown-5m-1781465700,https://polymarket.com/zh/event/btc-updown-5m-1781465700,03:35-03:40,57.00,44.00,56.00,43.00,48.42,244.03,264.03,48.42,56.50,43.50,1.00,1.00,99485.97,96845.02,96845.02,99580.96,56,43,43,56,63784.00,63787.34,,
2026-06-15T03:35:31+08:00,btc-updown-5m-1781465700,https://polymarket.com/zh/event/btc-updown-5m-1781465700,03:35-03:40,57.00,44.00,56.00,43.00,198.79,257.65,263.93,181.15,56.50,43.50,1.00,1.00,99941.96,97030.02,97030.02,99526.96,56,43,43,56,63784.00,63787.34,,
2026-06-15T03:35:33+08:00,btc-updown-5m-1781465700,https://polymarket.com/zh/event/btc-updown-5m-1781465700,03:35-03:40,56.00,45.00,55.00,44.00,149.15,811.51,811.51,267.65,55.50,44.50,1.00,1.00,87356.97,85006.02,85006.02,87356.97,55,44,44,55,63784.00,63786.60,,
2026-06-15T03:35:35+08:00,btc-updown-5m-1781465700,https://polymarket.com/zh/event/btc-updown-5m-1781465700,03:35-03:40,56.00,45.00,55.00,44.00,604.45,144.80,144.80,801.03,55.50,44.50,1.00,1.00,87946.97,85001.02,85016.02,87761.97,55,44,44,55,63784.00,63784.00,,
2026-06-15T03:35:37+08:00,btc-updown-5m-1781465700,https://polymarket.com/zh/event/btc-updown-5m-1781465700,03:35-03:40,52.00,49.00,51.00,48.00,447.97,282.20,429.71,431.38,51.50,48.50,1.00,1.00,87443.28,84786.02,84785.32,86938.27,50,48,48,50,63784.00,63777.28,,
2026-06-15T03:35:38+08:00,btc-updown-5m-1781465700,https://polymarket.com/zh/event/btc-updown-5m-1781465700,03:35-03:40,47.00,54.00,46.00,53.00,109.10,835.00,796.00,102.43,46.50,53.50,1.00,1.00,87343.26,85195.32,84900.32,87343.26,46,53,53,46,63784.00,63776.16,,
2026-06-15T03:35:40+08:00,btc-updown-5m-1781465700,https://polymarket.com/zh/event/btc-updown-5m-1781465700,03:35-03:40,47.00,54.00,46.00,53.00,40.34,1255.96,1118.96,33.09,46.50,53.50,1.00,1.00,87848.96,84907.02,84886.02,87828.96,46,53,53,46,63784.00,63776.17,,
2026-06-15T03:35:42+08:00,btc-updown-5m-1781465700,https://polymarket.com/zh/event/btc-updown-5m-1781465700,03:35-03:40,48.00,53.00,47.00,52.00,211.99,47.14,47.14,272.15,47.50,52.50,1.00,1.00,68328.26,65411.33,65506.33,68333.26,47,52,52,47,63784.00,63776.17,,
2026-06-15T03:35:44+08:00,btc-updown-5m-1781465700,https://polymarket.com/zh/event/btc-updown-5m-1781465700,03:35-03:40,47.00,54.00,46.00,53.00,273.45,322.51,304.06,295.45,46.50,53.50,1.00,1.00,67723.26,65391.03,65496.03,67723.26,46,53,53,46,63784.00,63776.17,,
2026-06-15T03:35:46+08:00,btc-updown-5m-1781465700,https://polymarket.com/zh/event/btc-updown-5m-1781465700,03:35-03:40,48.00,53.00,47.00,52.00,102.76,716.50,686.50,102.76,47.50,52.50,1.00,1.00,67843.96,65431.03,65526.03,67838.26,47,52,52,47,63784.00,63776.17,,
2026-06-15T03:35:48+08:00,btc-updown-5m-1781465700,https://polymarket.com/zh/event/btc-updown-5m-1781465700,03:35-03:40,48.00,53.00,47.00,52.00,386.40,83.09,83.09,420.40,47.50,52.50,1.00,1.00,67848.96,65527.02,65411.03,67938.96,47,52,52,47,63784.00,63776.17,,
2026-06-15T03:35:50+08:00,btc-updown-5m-1781465700,https://polymarket.com/zh/event/btc-updown-5m-1781465700,03:35-03:40,48.00,53.00,47.00,52.00,40.22,708.18,845.18,5.22,47.50,52.50,1.00,1.00,67942.78,65432.03,65421.02,67937.78,47,52,52,47,63784.00,63776.17,,
2026-06-15T03:35:52+08:00,btc-updown-5m-1781465700,https://polymarket.com/zh/event/btc-updown-5m-1781465700,03:35-03:40,50.00,51.00,49.00,50.00,446.74,270.05,287.90,459.74,49.50,50.50,1.00,1.00,25427.78,23506.02,23417.02,25422.78,49,50,50,49,63784.00,63776.17,,
2026-06-15T03:35:54+08:00,btc-updown-5m-1781465700,https://polymarket.com/zh/event/btc-updown-5m-1781465700,03:35-03:40,50.00,51.00,49.00,50.00,241.52,537.17,806.21,236.52,49.50,50.50,1.00,1.00,25827.78,23501.02,23517.02,25822.78,49,50,50,49,63784.00,63776.16,,
2026-06-15T03:35:56+08:00,btc-updown-5m-1781465700,https://polymarket.com/zh/event/btc-updown-5m-1781465700,03:35-03:40,50.00,51.00,49.00,50.00,328.10,709.20,719.19,263.10,49.50,50.50,1.00,1.00,25842.78,23522.02,23531.03,26337.78,49,50,50,49,63784.00,63776.17,,
2026-06-15T03:35:58+08:00,btc-updown-5m-1781465700,https://polymarket.com/zh/event/btc-updown-5m-1781465700,03:35-03:40,50.00,51.00,49.00,50.00,351.60,325.83,330.83,356.60,49.50,50.50,1.00,1.00,25827.78,23616.03,23516.02,26342.78,49,50,50,49,63784.00,63776.17,,
2026-06-15T03:36:00+08:00,btc-updown-5m-1781465700,https://polymarket.com/zh/event/btc-updown-5m-1781465700,03:35-03:40,50.00,51.00,49.00,50.00,268.60,561.83,598.83,268.60,49.50,50.50,1.00,1.00,32372.08,30266.32,30362.02,32377.08,49,50,50,49,63784.00,63776.17,,
2026-06-15T03:36:02+08:00,btc-updown-5m-1781465700,https://polymarket.com/zh/event/btc-updown-5m-1781465700,03:35-03:40,50.00,51.00,49.00,50.00,564.49,161.26,161.26,595.85,49.50,50.50,1.00,1.00,32362.78,30246.02,30451.03,32367.78,49,50,50,49,63784.00,63776.17,,
2026-06-15T03:36:04+08:00,btc-updown-5m-1781465700,https://polymarket.com/zh/event/btc-updown-5m-1781465700,03:35-03:40,50.00,51.00,49.00,50.00,436.13,134.28,158.26,474.99,49.50,50.50,1.00,1.00,31877.78,30177.03,30262.03,31867.78,49,50,50,49,63784.00,63776.16,,
2026-06-15T03:36:06+08:00,btc-updown-5m-1781465700,https://polymarket.com/zh/event/btc-updown-5m-1781465700,03:35-03:40,51.00,50.00,49.00,49.00,55.00,95.00,668.51,55.00,50.00,49.50,2.00,1.00,32194.08,30293.33,30173.32,32199.08,49,49,49,50,63784.00,63777.50,,
2026-06-15T03:36:08+08:00,btc-updown-5m-1781465700,https://polymarket.com/zh/event/btc-updown-5m-1781465700,03:35-03:40,52.00,49.00,51.00,48.00,764.88,113.95,108.95,687.88,51.50,48.50,1.00,1.00,32439.08,29312.32,29117.80,31934.08,51,48,48,51,63784.00,63780.10,,
2026-06-15T03:36:10+08:00,btc-updown-5m-1781465700,https://polymarket.com/zh/event/btc-updown-5m-1781465700,03:35-03:40,52.00,49.00,51.00,48.00,653.39,23.75,23.75,664.19,51.50,48.50,1.00,1.00,31939.78,29323.50,29323.50,30944.78,51,48,48,51,63784.00,63780.11,,
2026-06-15T03:36:12+08:00,btc-updown-5m-1781465700,https://polymarket.com/zh/event/btc-updown-5m-1781465700,03:35-03:40,51.00,50.00,50.00,49.00,78.89,312.16,349.16,154.96,50.50,49.50,1.00,1.00,31324.78,29108.50,29208.50,30829.78,50,49,49,50,63784.00,63780.11,,
2026-06-15T03:36:13+08:00,btc-updown-5m-1781465700,https://polymarket.com/zh/event/btc-updown-5m-1781465700,03:35-03:40,51.00,50.00,50.00,49.00,130.94,310.44,320.44,123.67,50.50,49.50,1.00,1.00,31934.78,29208.50,29308.50,31524.78,50,49,49,50,63784.00,63780.10,,
2026-06-15T03:36:15+08:00,btc-updown-5m-1781465700,https://polymarket.com/zh/event/btc-updown-5m-1781465700,03:35-03:40,51.00,50.00,50.00,49.00,125.02,294.54,306.74,145.02,50.50,49.50,1.00,1.00,32424.08,29108.50,29102.80,32314.08,50,49,49,50,63784.00,63780.10,,
2026-06-15T03:36:17+08:00,btc-updown-5m-1781465700,https://polymarket.com/zh/event/btc-updown-5m-1781465700,03:35-03:40,51.00,50.00,50.00,49.00,135.30,273.18,248.18,135.30,50.50,49.50,1.00,1.00,31839.78,29211.00,29205.30,31439.08,50,49,49,50,63784.00,63778.09,,
2026-06-15T03:36:19+08:00,btc-updown-5m-1781465700,https://polymarket.com/zh/event/btc-updown-5m-1781465700,03:35-03:40,51.00,50.00,50.00,49.00,483.77,74.43,74.43,546.84,50.50,49.50,1.00,1.00,31449.78,29461.00,29461.00,31849.78,50,49,49,50,63784.00,63778.09,,
2026-06-15T03:36:21+08:00,btc-updown-5m-1781465700,https://polymarket.com/zh/event/btc-updown-5m-1781465700,03:35-03:40,51.00,50.00,50.00,49.00,352.13,198.45,84.45,254.67,50.50,49.50,1.00,1.00,31414.78,29446.00,29546.00,31804.78,50,49,49,50,63784.00,63778.08,,
2026-06-15T03:36:23+08:00,btc-updown-5m-1781465700,https://polymarket.com/zh/event/btc-updown-5m-1781465700,03:35-03:40,51.00,50.00,50.00,49.00,71.05,424.43,347.43,51.44,50.50,49.50,1.00,1.00,31424.79,29446.00,29526.00,31009.78,50,49,49,50,63784.00,63778.08,,
2026-06-15T03:36:25+08:00,btc-updown-5m-1781465700,https://polymarket.com/zh/event/btc-updown-5m-1781465700,03:35-03:40,51.00,50.00,50.00,49.00,139.52,468.41,440.02,69.52,50.50,49.50,1.00,1.00,31514.08,29430.30,29530.30,30419.08,50,49,49,50,63784.00,63778.09,,
2026-06-15T03:36:27+08:00,btc-updown-5m-1781465700,https://polymarket.com/zh/event/btc-updown-5m-1781465700,03:35-03:40,58.00,43.00,57.00,42.00,116.68,263.08,166.41,135.32,57.50,42.50,1.00,1.00,30429.79,28825.30,28831.00,30824.09,57,42,42,57,63784.00,63785.85,,
2026-06-15T03:36:29+08:00,btc-updown-5m-1781465700,https://polymarket.com/zh/event/btc-updown-5m-1781465700,03:35-03:40,57.00,44.00,56.00,43.00,648.24,130.50,130.50,553.24,56.50,43.50,1.00,1.00,30804.78,28816.00,28816.00,30814.79,56,43,43,56,63784.00,63785.19,,
2026-06-15T03:36:31+08:00,btc-updown-5m-1781465700,https://polymarket.com/zh/event/btc-updown-5m-1781465700,03:35-03:40,57.00,44.00,56.00,43.00,432.62,153.88,113.88,932.42,56.50,43.50,1.00,1.00,30168.78,28185.00,28185.00,30173.78,56,43,43,56,63784.00,63785.19,,
2026-06-15T03:36:33+08:00,btc-updown-5m-1781465700,https://polymarket.com/zh/event/btc-updown-5m-1781465700,03:35-03:40,57.00,44.00,56.00,43.00,986.70,172.91,172.91,993.70,56.50,43.50,1.00,1.00,30205.45,27730.00,27725.00,29705.45,56,43,43,56,63784.00,63785.19,,
2026-06-15T03:36:35+08:00,btc-updown-5m-1781465700,https://polymarket.com/zh/event/btc-updown-5m-1781465700,03:35-03:40,55.00,46.00,54.00,45.00,853.87,10.00,10.00,893.96,54.50,45.50,1.00,1.00,29704.75,27897.41,27897.41,29705.45,54,45,45,54,63784.00,63785.18,,
2026-06-15T03:36:37+08:00,btc-updown-5m-1781465700,https://polymarket.com/zh/event/btc-updown-5m-1781465700,03:35-03:40,54.00,47.00,53.00,46.00,365.50,377.68,386.68,405.50,53.50,46.50,1.00,1.00,29620.45,28017.41,28112.41,30220.45,53,46,46,53,63784.00,63785.19,,
2026-06-15T03:36:39+08:00,btc-updown-5m-1781465700,https://polymarket.com/zh/event/btc-updown-5m-1781465700,03:35-03:40,54.00,47.00,53.00,46.00,403.78,332.74,343.38,396.78,53.50,46.50,1.00,1.00,29225.45,27812.41,27817.41,30225.46,53,46,46,53,63784.00,63781.27,,
2026-06-15T03:36:41+08:00,btc-updown-5m-1781465700,https://polymarket.com/zh/event/btc-updown-5m-1781465700,03:35-03:40,53.00,48.00,52.00,47.00,552.95,215.52,220.52,462.20,52.50,47.50,1.00,1.00,29225.45,27812.41,27817.41,29320.45,52,47,47,52,63784.00,63779.99,,
2026-06-15T03:36:43+08:00,btc-updown-5m-1781465700,https://polymarket.com/zh/event/btc-updown-5m-1781465700,03:35-03:40,53.00,48.00,52.00,47.00,384.09,271.24,271.24,412.09,52.50,47.50,1.00,1.00,29615.45,27997.41,27802.41,29600.45,52,47,47,52,63784.00,63779.99,,
2026-06-15T03:36:45+08:00,btc-updown-5m-1781465700,https://polymarket.com/zh/event/btc-updown-5m-1781465700,03:35-03:40,48.00,53.00,47.00,52.00,744.35,52.62,57.62,827.40,47.50,52.50,1.00,1.00,29629.45,28102.41,27908.41,29124.45,47,52,52,47,63784.00,63779.99,,
2026-06-15T03:36:47+08:00,btc-updown-5m-1781465700,https://polymarket.com/zh/event/btc-updown-5m-1781465700,03:35-03:40,47.00,54.00,46.00,53.00,99.03,893.34,986.58,104.03,46.50,53.50,1.00,1.00,29629.45,28203.41,28018.42,29124.45,46,53,53,46,63784.00,63779.54,,
2026-06-15T03:36:49+08:00,btc-updown-5m-1781465700,https://polymarket.com/zh/event/btc-updown-5m-1781465700,03:35-03:40,52.00,49.00,51.00,48.00,237.65,541.32,559.71,237.65,51.50,48.50,1.00,1.00,29649.46,28117.41,28112.41,30644.45,51,48,48,51,63784.00,63781.96,,
2026-06-15T03:36:50+08:00,btc-updown-5m-1781465700,https://polymarket.com/zh/event/btc-updown-5m-1781465700,03:35-03:40,52.00,49.00,51.00,48.00,679.79,86.75,86.75,694.79,51.50,48.50,1.00,1.00,29734.45,28102.41,28097.41,29729.45,51,48,48,51,63784.00,63781.97,,
2026-06-15T03:36:52+08:00,btc-updown-5m-1781465700,https://polymarket.com/zh/event/btc-updown-5m-1781465700,03:35-03:40,50.00,51.00,49.00,50.00,882.58,25.80,31.00,840.38,49.50,50.50,1.00,1.00,30124.45,28311.57,28316.58,30129.45,49,50,50,49,63784.00,63781.97,,
2026-06-15T03:36:54+08:00,btc-updown-5m-1781465700,https://polymarket.com/zh/event/btc-updown-5m-1781465700,03:35-03:40,50.00,51.00,49.00,50.00,773.97,25.78,60.80,834.97,49.50,50.50,1.00,1.00,29624.45,28317.57,28322.57,29624.45,49,50,50,49,63784.00,63780.01,,
2026-06-15T03:36:56+08:00,btc-updown-5m-1781465700,https://polymarket.com/zh/event/btc-updown-5m-1781465700,03:35-03:40,49.00,52.00,48.00,51.00,409.57,287.48,295.08,377.57,48.50,51.50,1.00,1.00,28588.45,28331.57,28432.57,28577.75,48,51,51,48,63784.00,63780.01,,
2026-06-15T03:36:58+08:00,btc-updown-5m-1781465700,https://polymarket.com/zh/event/btc-updown-5m-1781465700,03:35-03:40,49.00,52.00,48.00,51.00,682.38,159.69,159.69,623.38,48.50,51.50,1.00,1.00,29562.45,28211.57,28327.57,29577.45,48,51,51,48,63784.00,63780.00,,
2026-06-15T03:37:00+08:00,btc-updown-5m-1781465700,https://polymarket.com/zh/event/btc-updown-5m-1781465700,03:35-03:40,49.00,53.00,48.00,52.00,731.85,249.02,15.36,325.72,48.50,52.50,1.00,1.00,29537.45,28327.57,28327.57,29542.45,48,51,52,47,63784.00,63780.01,,
2026-06-15T03:37:02+08:00,btc-updown-5m-1781465700,https://polymarket.com/zh/event/btc-updown-5m-1781465700,03:35-03:40,48.00,53.00,47.00,52.00,306.62,237.35,242.37,294.62,47.50,52.50,1.00,1.00,28763.75,28280.87,28386.87,28768.75,47,52,52,47,63784.00,63780.01,,
2026-06-15T03:37:04+08:00,btc-updown-5m-1781465700,https://polymarket.com/zh/event/btc-updown-5m-1781465700,03:35-03:40,48.00,53.00,47.00,52.00,350.52,42.16,89.33,340.52,47.50,52.50,1.00,1.00,28229.45,28126.57,28126.87,28228.75,47,52,52,47,63784.00,63780.01,,
2026-06-15T03:37:06+08:00,btc-updown-5m-1781465700,https://polymarket.com/zh/event/btc-updown-5m-1781465700,03:35-03:40,46.00,54.00,45.00,53.00,49.75,252.07,477.69,100.81,45.50,53.50,1.00,1.00,28244.45,28156.58,28142.57,28244.45,45,54,53,46,63784.00,63780.00,,
2026-06-15T03:37:08+08:00,btc-updown-5m-1781465700,https://polymarket.com/zh/event/btc-updown-5m-1781465700,03:35-03:40,46.00,55.00,45.00,54.00,21.43,639.88,685.89,66.19,45.50,54.50,1.00,1.00,28249.45,28136.57,28142.57,28244.45,45,54,54,45,63784.00,63780.00,,
2026-06-15T03:37:10+08:00,btc-updown-5m-1781465700,https://polymarket.com/zh/event/btc-updown-5m-1781465700,03:35-03:40,45.00,56.00,44.00,55.00,268.53,58.50,310.76,497.68,44.50,55.50,1.00,1.00,28243.75,28126.87,28030.87,28243.75,44,55,55,44,63784.00,63780.01,,
2026-06-15T03:37:12+08:00,btc-updown-5m-1781465700,https://polymarket.com/zh/event/btc-updown-5m-1781465700,03:35-03:40,41.00,60.00,40.00,59.00,591.07,1.23,1.23,703.07,40.50,59.50,1.00,1.00,28284.45,28022.57,28016.57,28284.45,40,59,59,40,63784.00,63778.09,,
2026-06-15T03:37:14+08:00,btc-updown-5m-1781465700,https://polymarket.com/zh/event/btc-updown-5m-1781465700,03:35-03:40,40.00,61.00,39.00,60.00,600.24,26.70,26.70,546.24,39.50,60.50,1.00,1.00,28279.45,27916.57,27910.87,28278.75,39,60,60,39,63784.00,63778.09,,
2026-06-15T03:37:16+08:00,btc-updown-5m-1781465700,https://polymarket.com/zh/event/btc-updown-5m-1781465700,03:35-03:40,39.00,62.00,38.00,61.00,660.50,47.55,49.17,605.67,38.50,61.50,1.00,1.00,28300.45,28330.87,28037.57,28305.45,38,61,61,38,63784.00,63778.09,,
2026-06-15T03:37:18+08:00,btc-updown-5m-1781465700,https://polymarket.com/zh/event/btc-updown-5m-1781465700,03:35-03:40,37.00,64.00,36.00,63.00,449.26,295.59,295.59,449.26,36.50,63.50,1.00,1.00,28305.45,28131.57,28131.57,28305.45,36,63,63,36,63784.00,63776.17,,
2026-06-15T03:37:20+08:00,btc-updown-5m-1781465700,https://polymarket.com/zh/event/btc-updown-5m-1781465700,03:35-03:40,36.00,65.00,35.00,64.00,455.28,126.81,183.81,493.28,35.50,64.50,1.00,1.00,28310.45,28341.88,28351.58,28305.45,35,64,64,35,63784.00,63776.17,,
2026-06-15T03:37:21+08:00,btc-updown-5m-1781465700,https://polymarket.com/zh/event/btc-updown-5m-1781465700,03:35-03:40,35.00,66.00,34.00,65.00,266.14,135.53,115.53,196.76,34.50,65.50,1.00,1.00,28289.75,28226.87,28320.87,28284.75,34,65,65,34,63784.00,63776.17,,
2026-06-15T03:37:23+08:00,btc-updown-5m-1781465700,https://polymarket.com/zh/event/btc-updown-5m-1781465700,03:35-03:40,41.00,60.00,40.00,59.00,23.65,682.37,341.79,0.14,40.50,59.50,1.00,1.00,28290.45,28326.58,28432.57,28285.45,40,59,59,40,63784.00,63776.17,,
2026-06-15T03:37:25+08:00,btc-updown-5m-1781465700,https://polymarket.com/zh/event/btc-updown-5m-1781465700,03:35-03:40,43.00,58.00,42.00,57.00,94.27,570.80,554.80,98.02,42.50,57.50,1.00,1.00,28294.75,28136.57,28241.87,28294.75,42,57,57,42,63784.00,63779.18,,
2026-06-15T03:37:27+08:00,btc-updown-5m-1781465700,https://polymarket.com/zh/event/btc-updown-5m-1781465700,03:35-03:40,43.00,58.00,42.00,57.00,46.79,506.97,579.01,41.79,42.50,57.50,1.00,1.00,28289.75,28236.57,28247.58,28294.75,42,57,57,42,63784.00,63779.19,,
2026-06-15T03:37:29+08:00,btc-updown-5m-1781465700,https://polymarket.com/zh/event/btc-updown-5m-1781465700,03:35-03:40,44.00,57.00,43.00,56.00,558.45,68.30,84.30,586.90,43.50,56.50,1.00,1.00,28289.75,28136.87,28135.88,28294.75,43,56,56,43,63784.00,63779.19,,
2026-06-15T03:37:31+08:00,btc-updown-5m-1781465700,https://polymarket.com/zh/event/btc-updown-5m-1781465700,03:35-03:40,50.00,51.00,49.00,50.00,0.52,393.00,115.31,224.80,49.50,50.50,1.00,1.00,28184.75,28012.71,28131.72,28179.75,49,50,50,49,63784.00,63779.19,,
2026-06-15T03:37:33+08:00,btc-updown-5m-1781465700,https://polymarket.com/zh/event/btc-updown-5m-1781465700,03:35-03:40,46.00,55.00,45.00,54.00,401.88,51.27,7.94,500.88,45.50,54.50,1.00,1.00,28184.75,28321.72,28106.71,28184.75,45,54,54,45,63784.00,63779.62,,
2026-06-15T03:37:35+08:00,btc-updown-5m-1781465700,https://polymarket.com/zh/event/btc-updown-5m-1781465700,03:35-03:40,45.00,56.00,44.00,55.00,545.61,258.94,112.52,101.92,44.50,55.50,1.00,1.00,28189.75,28122.71,28227.71,28189.75,44,55,55,44,63784.00,63779.62,,
2026-06-15T03:37:37+08:00,btc-updown-5m-1781465700,https://polymarket.com/zh/event/btc-updown-5m-1781465700,03:35-03:40,48.00,53.00,47.00,52.00,34.78,716.29,753.29,34.78,47.50,52.50,1.00,1.00,28189.75,28122.71,28321.71,28189.75,47,52,52,47,63784.00,63779.63,,
2026-06-15T03:37:39+08:00,btc-updown-5m-1781465700,https://polymarket.com/zh/event/btc-updown-5m-1781465700,03:35-03:40,50.00,51.00,49.00,50.00,272.01,551.05,493.35,285.01,49.50,50.50,1.00,1.00,28204.75,28316.71,28227.71,28189.75,49,50,50,49,63784.00,63779.63,,
2026-06-15T03:37:41+08:00,btc-updown-5m-1781465700,https://polymarket.com/zh/event/btc-updown-5m-1781465700,03:35-03:40,62.00,39.00,59.00,38.00,9.15,96.00,87.00,5.00,60.50,38.50,3.00,1.00,28295.46,30713.41,30913.41,28290.46,59,38,38,61,63784.00,63786.02,,
2026-06-15T03:37:43+08:00,btc-updown-5m-1781465700,https://polymarket.com/zh/event/btc-updown-5m-1781465700,03:35-03:40,63.00,38.00,62.00,37.00,617.18,0.83,0.83,654.18,62.50,37.50,1.00,1.00,28595.46,28607.71,28613.41,28680.45,62,37,37,62,63784.00,63790.45,,
2026-06-15T03:37:45+08:00,btc-updown-5m-1781465700,https://polymarket.com/zh/event/btc-updown-5m-1781465700,03:35-03:40,61.00,40.00,60.00,39.00,164.00,649.92,628.11,92.39,60.50,39.50,1.00,1.00,29090.45,28813.41,28813.41,28480.45,60,39,39,60,63784.00,63790.45,,
2026-06-15T03:37:47+08:00,btc-updown-5m-1781465700,https://polymarket.com/zh/event/btc-updown-5m-1781465700,03:35-03:40,61.00,40.00,60.00,39.00,27.72,816.54,746.45,26.06,60.50,39.50,1.00,1.00,28589.75,28226.71,28226.71,28594.75,60,39,39,60,63784.00,63790.46,,
2026-06-15T03:37:49+08:00,btc-updown-5m-1781465700,https://polymarket.com/zh/event/btc-updown-5m-1781465700,03:35-03:40,61.00,40.00,60.00,39.00,91.30,464.56,584.56,81.10,60.50,39.50,1.00,1.00,29000.46,28122.41,28222.41,28605.45,60,39,39,60,63784.00,63790.46,,
2026-06-15T03:37:51+08:00,btc-updown-5m-1781465700,https://polymarket.com/zh/event/btc-updown-5m-1781465700,03:35-03:40,61.00,41.00,60.00,40.00,120.73,270.50,134.00,134.80,60.50,40.50,1.00,1.00,28910.45,30132.41,30032.41,28805.45,60,39,40,59,63784.00,63790.46,,
2026-06-15T03:37:53+08:00,btc-updown-5m-1781465700,https://polymarket.com/zh/event/btc-updown-5m-1781465700,03:35-03:40,61.00,40.00,60.00,39.00,76.18,401.93,442.93,67.98,60.50,39.50,1.00,1.00,28899.75,30126.71,29786.71,28670.45,60,39,39,60,63784.00,63790.46,,
2026-06-15T03:37:55+08:00,btc-updown-5m-1781465700,https://polymarket.com/zh/event/btc-updown-5m-1781465700,03:35-03:40,61.00,40.00,60.00,39.00,599.63,16.00,16.00,682.15,60.50,39.50,1.00,1.00,28274.75,30001.71,29786.71,28169.76,60,39,39,60,63784.00,63790.46,,
2026-06-15T03:37:57+08:00,btc-updown-5m-1781465700,https://polymarket.com/zh/event/btc-updown-5m-1781465700,03:35-03:40,60.00,41.00,59.00,40.00,13.87,631.83,697.14,13.87,59.50,40.50,1.00,1.00,28780.45,30001.71,30001.71,28779.75,59,40,40,59,63784.00,63790.46,,
2026-06-15T03:37:58+08:00,btc-updown-5m-1781465700,https://polymarket.com/zh/event/btc-updown-5m-1781465700,03:35-03:40,61.00,40.00,60.00,39.00,444.25,50.00,66.21,608.25,60.50,39.50,1.00,1.00,28265.45,29986.71,30001.71,28790.46,60,39,39,60,63784.00,63790.45,,
2026-06-15T03:38:00+08:00,btc-updown-5m-1781465700,https://polymarket.com/zh/event/btc-updown-5m-1781465700,03:35-03:40,59.00,42.00,58.00,41.00,16.94,498.37,454.37,61.65,58.50,41.50,1.00,1.00,28765.45,29887.41,29987.41,28765.46,58,41,41,58,63784.00,63790.45,,
2026-06-15T03:38:02+08:00,btc-updown-5m-1781465700,https://polymarket.com/zh/event/btc-updown-5m-1781465700,03:35-03:40,59.00,42.00,58.00,41.00,698.49,126.07,126.07,652.49,58.50,41.50,1.00,1.00,27970.46,29611.71,29711.71,27964.75,58,41,41,58,63784.00,63790.46,,
2026-06-15T03:38:04+08:00,btc-updown-5m-1781465700,https://polymarket.com/zh/event/btc-updown-5m-1781465700,03:35-03:40,59.00,43.00,57.00,41.00,425.23,239.60,239.60,428.23,58.00,42.00,2.00,2.00,28064.75,29632.84,29632.84,28464.76,57,41,41,57,63784.00,63790.45,,
2026-06-15T03:38:06+08:00,btc-updown-5m-1781465700,https://polymarket.com/zh/event/btc-updown-5m-1781465700,03:35-03:40,61.00,43.00,57.00,39.00,41.40,106.06,127.69,18.77,59.00,41.00,4.00,4.00,28105.46,29590.84,29590.84,28105.46,57,37,37,57,63784.00,63790.46,,
2026-06-15T03:38:08+08:00,btc-updown-5m-1781465700,https://polymarket.com/zh/event/btc-updown-5m-1781465700,03:35-03:40,57.00,53.00,49.00,43.00,13.41,55.00,55.40,40.00,53.00,48.00,8.00,10.00,25634.76,29242.84,29237.84,25634.76,49,42,42,47,63784.00,63779.62,,
2026-06-15T03:38:10+08:00,btc-updown-5m-1781465700,https://polymarket.com/zh/event/btc-updown-5m-1781465700,03:35-03:40,40.00,63.00,36.00,61.00,549.09,99.66,59.19,115.35,38.00,62.00,4.00,2.00,27369.76,27472.84,27382.84,27169.77,36,60,61,37,63784.00,63779.63,,
2026-06-15T03:38:12+08:00,btc-updown-5m-1781465700,https://polymarket.com/zh/event/btc-updown-5m-1781465700,03:35-03:40,41.00,59.00,40.00,58.00,5.84,212.95,798.30,270.25,40.50,58.50,1.00,1.00,27144.75,27358.84,27369.84,27144.75,40,59,58,41,63784.00,63779.63,,
2026-06-15T03:38:14+08:00,btc-updown-5m-1781465700,https://polymarket.com/zh/event/btc-updown-5m-1781465700,03:35-03:40,42.00,59.00,41.00,58.00,236.99,553.80,530.80,151.82,41.50,58.50,1.00,1.00,27124.75,26961.84,26961.85,27124.75,41,58,58,41,63784.00,63779.63,,
2026-06-15T03:38:16+08:00,btc-updown-5m-1781465700,https://polymarket.com/zh/event/btc-updown-5m-1781465700,03:35-03:40,42.00,59.00,41.00,58.00,194.84,291.06,298.88,237.45,41.50,58.50,1.00,1.00,27145.45,27084.55,27073.54,27139.75,41,58,58,41,63784.00,63781.86,,
2026-06-15T03:38:18+08:00,btc-updown-5m-1781465700,https://polymarket.com/zh/event/btc-updown-5m-1781465700,03:35-03:40,42.00,59.00,41.00,58.00,257.06,446.03,181.07,122.06,41.50,58.50,1.00,1.00,27140.45,26977.55,27082.55,27145.45,41,58,58,41,63784.00,63781.87,,
2026-06-15T03:38:20+08:00,btc-updown-5m-1781465700,https://polymarket.com/zh/event/btc-updown-5m-1781465700,03:35-03:40,42.00,59.00,41.00,58.00,110.80,246.98,217.98,110.80,41.50,58.50,1.00,1.00,26882.11,26802.55,26797.54,26882.11,41,58,58,41,63784.00,63781.87,,
2026-06-15T03:38:22+08:00,btc-updown-5m-1781465700,https://polymarket.com/zh/event/btc-updown-5m-1781465700,03:35-03:40,41.00,60.00,40.00,59.00,190.39,339.88,317.72,150.39,40.50,59.50,1.00,1.00,26472.11,26170.84,26047.20,26467.11,40,59,59,40,63784.00,63781.87,,
2026-06-15T03:38:24+08:00,btc-updown-5m-1781465700,https://polymarket.com/zh/event/btc-updown-5m-1781465700,03:35-03:40,40.00,61.00,39.00,60.00,35.02,528.56,412.42,35.02,39.50,60.50,1.00,1.00,26472.11,26027.20,26127.20,26467.11,39,60,60,39,63784.00,63781.87,,
2026-06-15T03:38:26+08:00,btc-updown-5m-1781465700,https://polymarket.com/zh/event/btc-updown-5m-1781465700,03:35-03:40,42.00,59.00,41.00,58.00,129.17,312.57,246.57,117.17,41.50,58.50,1.00,1.00,26467.11,26007.19,26007.19,26467.11,41,58,58,41,63784.00,63785.15,,
2026-06-15T03:38:28+08:00,btc-updown-5m-1781465700,https://polymarket.com/zh/event/btc-updown-5m-1781465700,03:35-03:40,49.00,52.00,48.00,51.00,19.00,117.00,107.00,25.00,48.50,51.50,1.00,1.00,26482.11,26037.20,26137.21,26487.11,48,51,51,48,63784.00,63785.15,,
2026-06-15T03:38:30+08:00,btc-updown-5m-1781465700,https://polymarket.com/zh/event/btc-updown-5m-1781465700,03:35-03:40,48.00,55.00,47.00,52.00,964.36,118.45,65.90,973.36,47.50,53.50,1.00,3.00,26457.11,26013.19,26008.20,26452.11,47,52,52,45,63784.00,63785.15,,
2026-06-15T03:38:32+08:00,btc-updown-5m-1781465700,https://polymarket.com/zh/event/btc-updown-5m-1781465700,03:35-03:40,32.00,69.00,31.00,68.00,92.00,586.23,280.31,101.80,31.50,68.50,1.00,1.00,26349.11,25897.20,25992.20,26364.11,31,68,68,31,63784.00,63779.49,,
2026-06-15T03:38:34+08:00,btc-updown-5m-1781465700,https://polymarket.com/zh/event/btc-updown-5m-1781465700,03:35-03:40,31.00,70.00,30.00,69.00,524.90,218.63,220.06,533.90,30.50,69.50,1.00,1.00,26329.41,25872.49,25861.49,26329.41,30,69,69,30,63784.00,63776.92,,
2026-06-15T03:38:36+08:00,btc-updown-5m-1781465700,https://polymarket.com/zh/event/btc-updown-5m-1781465700,03:35-03:40,31.00,70.00,30.00,67.00,342.71,47.63,52.63,540.30,30.50,68.50,1.00,3.00,26339.41,26081.49,25986.50,26339.41,30,69,67,30,63784.00,63776.92,,
2026-06-15T03:38:38+08:00,btc-updown-5m-1781465700,https://polymarket.com/zh/event/btc-updown-5m-1781465700,03:35-03:40,32.00,69.00,31.00,68.00,12.99,66.18,74.00,35.75,31.50,68.50,1.00,1.00,26329.41,25882.51,25981.50,26329.41,31,68,68,31,63784.00,63776.92,,
2026-06-15T03:38:40+08:00,btc-updown-5m-1781465700,https://polymarket.com/zh/event/btc-updown-5m-1781465700,03:35-03:40,32.00,69.00,31.00,68.00,577.65,37.95,44.55,506.65,31.50,68.50,1.00,1.00,26339.41,25992.19,26003.19,26339.41,31,68,68,31,63784.00,63776.92,,
2026-06-15T03:38:42+08:00,btc-updown-5m-1781465700,https://polymarket.com/zh/event/btc-updown-5m-1781465700,03:35-03:40,30.00,71.00,29.00,70.00,303.21,25.00,50.62,418.67,29.50,70.50,1.00,1.00,26324.41,25983.19,25872.49,26329.41,29,70,70,29,63784.00,63776.92,,
2026-06-15T03:38:44+08:00,btc-updown-5m-1781465700,https://polymarket.com/zh/event/btc-updown-5m-1781465700,03:35-03:40,29.00,72.00,28.00,71.00,17.20,662.22,686.29,17.20,28.50,71.50,1.00,1.00,26629.41,25883.19,26082.20,26624.41,28,71,71,28,63784.00,63776.92,,
2026-06-15T03:38:45+08:00,btc-updown-5m-1781465700,https://polymarket.com/zh/event/btc-updown-5m-1781465700,03:35-03:40,29.00,72.00,28.00,71.00,28.43,647.76,550.49,28.43,28.50,71.50,1.00,1.00,26644.41,25981.49,25891.49,26639.41,28,71,71,28,63784.00,63776.92,,
2026-06-15T03:38:47+08:00,btc-updown-5m-1781465700,https://polymarket.com/zh/event/btc-updown-5m-1781465700,03:35-03:40,28.00,73.00,27.00,72.00,17.02,877.78,799.19,14.16,27.50,72.50,1.00,1.00,26639.41,25897.19,26002.20,26639.41,27,72,72,27,63784.00,63776.92,,
2026-06-15T03:38:49+08:00,btc-updown-5m-1781465700,https://polymarket.com/zh/event/btc-updown-5m-1781465700,03:35-03:40,29.00,72.00,27.00,71.00,18.91,158.44,676.25,13.58,28.00,71.50,2.00,1.00,26624.41,26076.50,25988.20,26624.41,27,71,71,28,63784.00,63776.92,,
2026-06-15T03:38:51+08:00,btc-updown-5m-1781465700,https://polymarket.com/zh/event/btc-updown-5m-1781465700,03:35-03:40,31.00,70.00,30.00,69.00,15.72,419.49,269.00,40.00,30.50,69.50,1.00,1.00,26539.41,25906.50,25886.50,26534.41,30,69,69,30,63784.00,63776.92,,
2026-06-15T03:38:53+08:00,btc-updown-5m-1781465700,https://polymarket.com/zh/event/btc-updown-5m-1781465700,03:35-03:40,36.00,65.00,35.00,64.00,727.82,79.52,99.52,834.82,35.50,64.50,1.00,1.00,26534.41,26115.19,26009.20,26534.41,35,64,64,35,63784.00,63780.83,,
2026-06-15T03:38:55+08:00,btc-updown-5m-1781465700,https://polymarket.com/zh/event/btc-updown-5m-1781465700,03:35-03:40,35.00,66.00,34.00,65.00,93.84,395.02,368.30,80.62,34.50,65.50,1.00,1.00,26539.41,26019.19,25998.49,26539.41,34,65,65,34,63784.00,63780.84,,
2026-06-15T03:38:57+08:00,btc-updown-5m-1781465700,https://polymarket.com/zh/event/btc-updown-5m-1781465700,03:35-03:40,34.00,67.00,33.00,66.00,195.86,150.02,321.02,370.86,33.50,66.50,1.00,1.00,26349.41,26008.49,26008.49,26344.41,33,66,66,33,63784.00,63781.64,,
2026-06-15T03:38:59+08:00,btc-updown-5m-1781465700,https://polymarket.com/zh/event/btc-updown-5m-1781465700,03:35-03:40,30.00,71.00,28.00,70.00,174.75,13.00,64.86,158.52,29.00,70.50,2.00,1.00,26684.41,25934.20,25944.20,26684.41,28,70,70,27,63784.00,63781.64,,
2026-06-15T03:39:01+08:00,btc-updown-5m-1781465700,https://polymarket.com/zh/event/btc-updown-5m-1781465700,03:35-03:40,29.00,72.00,28.00,71.00,16.03,351.03,245.71,40.00,28.50,71.50,1.00,1.00,26359.41,25799.50,25999.20,26244.41,28,70,70,28,63784.00,63781.64,,
2026-06-15T03:39:03+08:00,btc-updown-5m-1781465700,https://polymarket.com/zh/event/btc-updown-5m-1781465700,03:35-03:40,30.00,70.00,29.00,69.00,15.50,130.02,446.31,40.00,29.50,69.50,1.00,1.00,26254.41,25888.49,25914.50,26259.41,29,69,69,30,63784.00,63781.63,,
2026-06-15T03:39:05+08:00,btc-updown-5m-1781465700,https://polymarket.com/zh/event/btc-updown-5m-1781465700,03:35-03:40,33.00,68.00,32.00,67.00,144.31,248.85,206.85,187.16,32.50,67.50,1.00,1.00,26254.41,25710.19,25914.19,26254.41,32,67,67,32,63784.00,63781.64,,
2026-06-15T03:39:07+08:00,btc-updown-5m-1781465700,https://polymarket.com/zh/event/btc-updown-5m-1781465700,03:35-03:40,29.00,72.00,28.00,71.00,257.86,10.00,10.00,560.17,28.50,71.50,1.00,1.00,26254.41,25798.49,25808.50,26254.41,28,71,71,28,63784.00,63781.64,,
2026-06-15T03:39:09+08:00,btc-updown-5m-1781465700,https://polymarket.com/zh/event/btc-updown-5m-1781465700,03:35-03:40,29.00,73.00,28.00,71.00,245.29,14.00,10.00,389.98,28.50,72.00,1.00,2.00,25939.41,25899.20,25793.49,25934.41,28,71,71,27,63784.00,63781.64,,
2026-06-15T03:39:11+08:00,btc-updown-5m-1781465700,https://polymarket.com/zh/event/btc-updown-5m-1781465700,03:35-03:40,28.00,80.00,24.00,72.00,397.40,469.27,2.31,347.40,26.00,76.00,4.00,8.00,25897.41,25814.50,25814.50,25897.41,21,72,72,19,63784.00,63776.91,,
2026-06-15T03:39:13+08:00,btc-updown-5m-1781465700,https://polymarket.com/zh/event/btc-updown-5m-1781465700,03:35-03:40,21.00,80.00,20.00,79.00,21.67,5.00,5.00,16.90,20.50,79.50,1.00,1.00,23263.41,26318.20,26313.20,23263.41,17,79,79,17,63784.00,63776.91,,
2026-06-15T03:39:15+08:00,btc-updown-5m-1781465700,https://polymarket.com/zh/event/btc-updown-5m-1781465700,03:35-03:40,13.00,88.00,12.00,87.00,520.26,18.86,24.31,460.59,12.50,87.50,1.00,1.00,16482.00,19499.25,19168.19,16482.00,12,87,87,12,63784.00,63776.17,,
2026-06-15T03:39:17+08:00,btc-updown-5m-1781465700,https://polymarket.com/zh/event/btc-updown-5m-1781465700,03:35-03:40,11.00,90.00,10.00,89.00,109.21,1627.33,1843.14,99.99,10.50,89.50,1.00,1.00,16457.00,18751.49,18772.49,16497.00,10,89,89,10,63784.00,63771.94,,
2026-06-15T03:39:19+08:00,btc-updown-5m-1781465700,https://polymarket.com/zh/event/btc-updown-5m-1781465700,03:35-03:40,12.00,89.00,11.00,88.00,419.67,52.38,70.00,513.55,11.50,88.50,1.00,1.00,16498.00,18676.49,18766.49,16497.00,11,88,88,11,63784.00,63771.94,,
2026-06-15T03:39:21+08:00,btc-updown-5m-1781465700,https://polymarket.com/zh/event/btc-updown-5m-1781465700,03:35-03:40,11.00,90.00,10.00,89.00,84.93,465.45,475.57,91.90,10.50,89.50,1.00,1.00,16491.00,18798.20,18798.20,16491.00,10,89,89,10,63784.00,63771.94,,
2026-06-15T03:39:23+08:00,btc-updown-5m-1781465700,https://polymarket.com/zh/event/btc-updown-5m-1781465700,03:35-03:40,11.00,90.00,10.00,89.00,514.45,66.21,91.33,605.30,10.50,89.50,1.00,1.00,16469.00,18797.49,18796.50,16463.00,10,89,89,10,63784.00,63770.49,,
2026-06-15T03:39:25+08:00,btc-updown-5m-1781465700,https://polymarket.com/zh/event/btc-updown-5m-1781465700,03:35-03:40,10.00,91.00,8.00,90.00,82.11,5.00,128.44,127.33,9.00,90.50,2.00,1.00,15169.51,18812.20,18907.20,15169.51,8,90,90,9,63784.00,63770.49,,
2026-06-15T03:39:27+08:00,btc-updown-5m-1781465700,https://polymarket.com/zh/event/btc-updown-5m-1781465700,03:35-03:40,8.00,94.00,6.00,93.00,10.39,87.67,163.99,37.97,7.00,93.50,2.00,1.00,15404.14,17633.19,17624.19,15516.97,6,92,93,6,63784.00,63770.49,,
2026-06-15T03:39:29+08:00,btc-updown-5m-1781465700,https://polymarket.com/zh/event/btc-updown-5m-1781465700,03:35-03:40,13.00,89.00,12.00,88.00,431.55,65.87,5.02,103.71,12.50,88.50,1.00,1.00,15120.00,17668.20,17768.49,15075.34,12,87,88,11,63784.00,63775.14,,
2026-06-15T03:39:31+08:00,btc-updown-5m-1781465700,https://polymarket.com/zh/event/btc-updown-5m-1781465700,03:35-03:40,11.00,90.00,10.00,89.00,115.00,178.23,144.53,100.95,10.50,89.50,1.00,1.00,14940.67,17722.51,17614.20,14940.67,10,88,89,10,63784.00,63775.15,,
2026-06-15T03:39:32+08:00,btc-updown-5m-1781465700,https://polymarket.com/zh/event/btc-updown-5m-1781465700,03:35-03:40,12.00,89.00,11.00,88.00,4.70,41.76,42.00,4.69,11.50,88.50,1.00,1.00,14862.67,17530.17,17340.18,14867.67,11,88,88,11,63784.00,63775.14,,
2026-06-15T03:39:34+08:00,btc-updown-5m-1781465700,https://polymarket.com/zh/event/btc-updown-5m-1781465700,03:35-03:40,9.00,93.00,7.00,92.00,27.00,44.39,16.00,112.30,8.00,92.50,2.00,1.00,14868.26,17325.16,17335.17,14868.26,7,90,91,7,63784.00,63775.15,,
2026-06-15T03:39:36+08:00,btc-updown-5m-1781465700,https://polymarket.com/zh/event/btc-updown-5m-1781465700,03:35-03:40,6.00,95.00,5.00,94.00,35.00,348.47,200.00,19.00,5.50,94.50,1.00,1.00,14221.87,16755.76,16927.17,14365.34,5,94,94,5,63784.00,63775.15,,
2026-06-15T03:39:38+08:00,btc-updown-5m-1781465700,https://polymarket.com/zh/event/btc-updown-5m-1781465700,03:35-03:40,6.00,96.00,5.00,95.00,80.67,297.50,7.00,142.46,5.50,95.50,1.00,1.00,9134.19,16735.46,16758.97,9034.72,5,93,94,4,63784.00,63775.15,,
2026-06-15T03:39:40+08:00,btc-updown-5m-1781465700,https://polymarket.com/zh/event/btc-updown-5m-1781465700,03:35-03:40,3.00,98.00,2.00,97.00,48.75,210.84,210.84,52.80,2.50,97.50,1.00,1.00,6692.99,16111.68,16211.68,6692.99,2,96,96,2,63784.00,63775.15,,
2026-06-15T03:39:42+08:00,btc-updown-5m-1781465700,https://polymarket.com/zh/event/btc-updown-5m-1781465700,03:35-03:40,2.00,99.00,1.00,98.00,117.32,5918.48,6195.48,54.42,1.50,98.50,1.00,1.00,6195.48,15928.60,15933.60,5918.48,1,97,97,1,63784.00,63774.18,,
2026-06-15T03:39:44+08:00,btc-updown-5m-1781465700,https://polymarket.com/zh/event/btc-updown-5m-1781465700,03:35-03:40,3.00,99.00,1.00,98.00,394.03,5545.22,5607.22,5.00,2.00,98.50,2.00,1.00,5607.22,15908.59,15902.59,5545.22,1,97,98,1,63784.00,63774.18,,
2026-06-15T03:39:46+08:00,btc-updown-5m-1781465700,https://polymarket.com/zh/event/btc-updown-5m-1781465700,03:35-03:40,3.00,99.00,1.00,98.00,227.76,4989.13,4830.26,10.00,2.00,98.50,2.00,1.00,4830.26,15611.23,15601.23,4989.13,1,96,97,1,63784.00,63775.13,,
2026-06-15T03:39:48+08:00,btc-updown-5m-1781465700,https://polymarket.com/zh/event/btc-updown-5m-1781465700,03:35-03:40,2.00,99.00,1.00,98.00,3.00,4647.22,4646.22,3.00,1.50,98.50,1.00,1.00,4646.22,15505.23,15491.24,4647.22,1,97,97,1,63784.00,63775.14,,
2026-06-15T03:39:50+08:00,btc-updown-5m-1781465700,https://polymarket.com/zh/event/btc-updown-5m-1781465700,03:35-03:40,2.00,99.00,1.00,98.00,8.30,4700.06,4725.06,8.29,1.50,98.50,1.00,1.00,4725.06,15232.24,15308.23,4700.06,1,78,79,1,63784.00,63775.14,,
2026-06-15T03:39:52+08:00,btc-updown-5m-1781465700,https://polymarket.com/zh/event/btc-updown-5m-1781465700,03:35-03:40,2.00,99.00,1.00,98.00,242.91,3336.34,3361.34,242.91,1.50,98.50,1.00,1.00,3361.34,14537.23,14537.23,3336.34,1,79,79,1,63784.00,63770.49,,
2026-06-15T03:39:54+08:00,btc-updown-5m-1781465700,https://polymarket.com/zh/event/btc-updown-5m-1781465700,03:35-03:40,2.00,99.00,1.00,97.00,5.00,2001.32,2023.10,69.19,1.50,98.00,1.00,2.00,2023.10,14937.24,15033.25,2001.32,1,79,78,1,63784.00,63767.62,,
2026-06-15T03:39:56+08:00,btc-updown-5m-1781465700,https://polymarket.com/zh/event/btc-updown-5m-1781465700,03:35-03:40,2.00,99.00,1.00,98.00,47.07,1836.33,1247.33,47.07,1.50,98.50,1.00,1.00,1247.33,14683.23,14677.23,1836.33,1,77,77,1,63784.00,63770.79,,
2026-06-15T03:39:58+08:00,btc-updown-5m-1781465700,https://polymarket.com/zh/event/btc-updown-5m-1781465700,03:35-03:40,1.00,,,99.00,1373.69,,,1015.34,,,,,,14657.23,15083.23,,0,75,75,0,63784.00,63774.91,,
2026-06-15T03:40:00+08:00,btc-updown-5m-1781465700,https://polymarket.com/zh/event/btc-updown-5m-1781465700,03:35-03:40,1.00,,,99.00,28725.07,,,60166.38,,,,,,8193.24,10646.24,,0,65,62,0,63784.00,63774.92,,
2026-06-15T03:40:02+08:00,btc-updown-5m-1781466000,https://polymarket.com/zh/event/btc-updown-5m-1781466000,03:40-03:45,60.00,41.00,59.00,40.00,123.75,772.83,776.23,23.75,59.50,40.50,1.00,1.00,110909.75,110065.51,110065.51,111019.75,54,37,37,54,63774.92,63774.92,,
2026-06-15T03:40:04+08:00,btc-updown-5m-1781466000,https://polymarket.com/zh/event/btc-updown-5m-1781466000,03:40-03:45,60.00,41.00,59.00,40.00,191.48,589.36,622.80,211.23,59.50,40.50,1.00,1.00,111649.74,111210.51,111235.52,111774.75,59,40,40,59,63774.92,63774.92,,
2026-06-15T03:40:06+08:00,btc-updown-5m-1781466000,https://polymarket.com/zh/event/btc-updown-5m-1781466000,03:40-03:45,60.00,41.00,59.00,40.00,361.56,310.65,355.17,378.56,59.50,40.50,1.00,1.00,112637.08,112182.86,112182.86,112642.08,59,40,40,59,63774.92,63774.92,,
2026-06-15T03:40:08+08:00,btc-updown-5m-1781466000,https://polymarket.com/zh/event/btc-updown-5m-1781466000,03:40-03:45,60.00,41.00,59.00,40.00,282.49,352.33,316.33,282.49,59.50,40.50,1.00,1.00,112097.08,110232.86,110237.86,112187.08,59,40,40,59,63774.92,63774.92,,
2026-06-15T03:40:10+08:00,btc-updown-5m-1781466000,https://polymarket.com/zh/event/btc-updown-5m-1781466000,03:40-03:45,60.00,41.00,59.00,40.00,624.88,188.54,188.54,533.82,59.50,40.50,1.00,1.00,110407.08,110451.86,110451.86,110812.08,59,40,40,59,63774.92,63774.92,,
2026-06-15T03:40:12+08:00,btc-updown-5m-1781466000,https://polymarket.com/zh/event/btc-updown-5m-1781466000,03:40-03:45,59.00,42.00,58.00,41.00,244.48,364.43,351.43,241.09,58.50,41.50,1.00,1.00,110852.08,110500.19,110500.19,111362.09,58,41,41,58,63774.92,63774.92,,
2026-06-15T03:40:14+08:00,btc-updown-5m-1781466000,https://polymarket.com/zh/event/btc-updown-5m-1781466000,03:40-03:45,59.00,42.00,58.00,41.00,279.02,56.58,63.58,340.33,58.50,41.50,1.00,1.00,111482.08,110509.49,110515.19,112492.09,58,41,41,58,63774.92,63774.92,,
2026-06-15T03:40:16+08:00,btc-updown-5m-1781466000,https://polymarket.com/zh/event/btc-updown-5m-1781466000,03:40-03:45,59.00,42.00,58.00,41.00,267.27,48.92,48.92,147.99,58.50,41.50,1.00,1.00,112492.09,110839.96,110739.96,112882.08,58,41,41,58,63774.92,63774.92,,
2026-06-15T03:40:18+08:00,btc-updown-5m-1781466000,https://polymarket.com/zh/event/btc-updown-5m-1781466000,03:40-03:45,58.00,43.00,57.00,42.00,218.88,136.55,122.55,193.14,57.50,42.50,1.00,1.00,107086.38,104959.96,104959.96,106897.08,57,42,42,57,63774.92,63774.92,,
2026-06-15T03:40:20+08:00,btc-updown-5m-1781466000,https://polymarket.com/zh/event/btc-updown-5m-1781466000,03:40-03:45,58.00,43.00,57.00,42.00,149.01,94.29,99.29,157.03,57.50,42.50,1.00,1.00,106477.08,104944.96,104854.26,106197.08,57,42,42,57,63774.92,63774.92,,
2026-06-15T03:40:22+08:00,btc-updown-5m-1781466000,https://polymarket.com/zh/event/btc-updown-5m-1781466000,03:40-03:45,58.00,43.00,57.00,42.00,120.71,143.36,256.96,133.73,57.50,42.50,1.00,1.00,97406.11,96692.69,96481.99,97055.11,57,42,42,57,63774.92,63774.92,,
2026-06-15T03:40:24+08:00,btc-updown-5m-1781466000,https://polymarket.com/zh/event/btc-updown-5m-1781466000,03:40-03:45,58.00,43.00,57.00,42.00,121.83,77.02,90.02,113.00,57.50,42.50,1.00,1.00,97726.41,96679.29,96684.99,98237.11,57,42,42,57,63774.92,63774.91,,
