ts_iso,slug,market_url,window_text,buy_up_cents,buy_down_cents,sell_up_cents,sell_down_cents,buy_up_size,buy_down_size,sell_up_size,sell_down_size,mid_up_cents,mid_down_cents,spread_up_cents,spread_down_cents,bid_depth_up_5,ask_depth_up_5,bid_depth_down_5,ask_depth_down_5,level_count_bid_up,level_count_ask_up,level_count_bid_down,level_count_ask_down,target_price,final_price,trade_count_1s,trade_volume_1s
2026-08-15T23:02:14+08:00,btc-updown-5m-1786806000,https://polymarket.com/zh/event/btc-updown-5m-1786806000,23:00-23:05,20.00,81.00,19.00,80.00,285.24,34.95,34.95,285.24,19.50,80.50,1.00,1.00,9717.09,9490.80,9400.80,9722.09,19,80,80,19,,62965.34,,
2026-08-15T23:02:16+08:00,btc-updown-5m-1786806000,https://polymarket.com/zh/event/btc-updown-5m-1786806000,23:00-23:05,16.00,85.00,15.00,84.00,54.00,511.05,309.01,54.00,15.50,84.50,1.00,1.00,9772.09,9440.70,9453.00,9767.09,15,84,84,15,,62965.34,,
2026-08-15T23:02:19+08:00,btc-updown-5m-1786806000,https://polymarket.com/zh/event/btc-updown-5m-1786806000,23:00-23:05,19.00,82.00,18.00,81.00,116.89,389.84,389.84,116.89,18.50,81.50,1.00,1.00,9742.09,9527.00,9427.00,9832.09,18,81,81,18,,62965.34,,
2026-08-15T23:02:21+08:00,btc-updown-5m-1786806000,https://polymarket.com/zh/event/btc-updown-5m-1786806000,23:00-23:05,19.00,82.00,18.00,81.00,116.57,369.76,369.76,136.52,18.50,81.50,1.00,1.00,9847.09,9438.01,9537.01,9842.09,18,81,81,18,,62965.34,,
2026-08-15T23:02:23+08:00,btc-updown-5m-1786806000,https://polymarket.com/zh/event/btc-updown-5m-1786806000,23:00-23:05,19.00,82.00,18.00,81.00,288.00,107.06,107.06,314.04,18.50,81.50,1.00,1.00,9632.09,10972.00,11057.00,9632.09,18,81,81,18,,62965.35,,
2026-08-15T23:02:26+08:00,btc-updown-5m-1786806000,https://polymarket.com/zh/event/btc-updown-5m-1786806000,23:00-23:05,18.00,83.00,17.00,82.00,272.26,35.00,85.00,272.26,17.50,82.50,1.00,1.00,9907.88,11063.00,10963.00,9912.88,17,82,82,17,,62965.34,,
2026-08-15T23:02:28+08:00,btc-updown-5m-1786806000,https://polymarket.com/zh/event/btc-updown-5m-1786806000,23:00-23:05,18.00,83.00,17.00,82.00,111.91,148.00,148.00,111.91,17.50,82.50,1.00,1.00,9917.88,11063.00,10968.00,9917.88,17,82,82,17,,62965.35,,
2026-08-15T23:02:31+08:00,btc-updown-5m-1786806000,https://polymarket.com/zh/event/btc-updown-5m-1786806000,23:00-23:05,17.00,84.00,16.00,83.00,236.69,34.04,90.00,275.69,16.50,83.50,1.00,1.00,9907.88,10973.01,10968.01,9707.88,16,83,83,16,,62965.34,,
2026-08-15T23:02:33+08:00,btc-updown-5m-1786806000,https://polymarket.com/zh/event/btc-updown-5m-1786806000,23:00-23:05,19.00,82.00,18.00,81.00,218.17,30.00,30.00,218.17,18.50,81.50,1.00,1.00,9867.88,11004.03,11109.03,9867.88,18,81,81,18,,62965.35,,
2026-08-15T23:02:35+08:00,btc-updown-5m-1786806000,https://polymarket.com/zh/event/btc-updown-5m-1786806000,23:00-23:05,18.00,83.00,17.00,82.00,276.85,35.00,35.00,279.25,17.50,82.50,1.00,1.00,9822.88,10995.02,11089.02,9822.88,17,82,82,17,,62965.35,,
2026-08-15T23:02:38+08:00,btc-updown-5m-1786806000,https://polymarket.com/zh/event/btc-updown-5m-1786806000,23:00-23:05,16.00,85.00,15.00,84.00,250.76,77.62,67.50,250.76,15.50,84.50,1.00,1.00,9827.88,11199.02,11205.02,9822.88,15,84,84,15,,62965.34,,
2026-08-15T23:02:40+08:00,btc-updown-5m-1786806000,https://polymarket.com/zh/event/btc-updown-5m-1786806000,23:00-23:05,16.00,84.00,15.00,83.00,42.95,661.64,410.76,100.00,15.50,83.50,1.00,1.00,9817.88,11099.02,10341.40,9890.43,15,84,83,16,,62966.42,,
2026-08-15T23:02:43+08:00,btc-updown-5m-1786806000,https://polymarket.com/zh/event/btc-updown-5m-1786806000,23:00-23:05,27.00,73.00,26.00,72.00,5.00,262.86,199.34,96.90,26.50,72.50,1.00,1.00,10559.88,11961.01,11856.01,10554.88,25,73,72,26,,62969.28,,
2026-08-15T23:02:45+08:00,btc-updown-5m-1786806000,https://polymarket.com/zh/event/btc-updown-5m-1786806000,23:00-23:05,23.00,78.00,22.00,77.00,593.43,3.71,5.00,626.08,22.50,77.50,1.00,1.00,10212.88,11891.01,11996.06,10207.88,22,77,77,22,,62969.28,,
2026-08-15T23:02:48+08:00,btc-updown-5m-1786806000,https://polymarket.com/zh/event/btc-updown-5m-1786806000,23:00-23:05,23.00,78.00,22.00,77.00,71.49,268.59,319.79,71.49,22.50,77.50,1.00,1.00,10006.88,11886.01,11991.01,10022.88,22,77,77,22,,62969.27,,
2026-08-15T23:02:50+08:00,btc-updown-5m-1786806000,https://polymarket.com/zh/event/btc-updown-5m-1786806000,23:00-23:05,25.00,76.00,24.00,75.00,106.54,173.85,173.85,106.54,24.50,75.50,1.00,1.00,10047.87,11906.01,12001.01,10437.87,24,75,75,24,,62969.28,,
2026-08-15T23:02:52+08:00,btc-updown-5m-1786806000,https://polymarket.com/zh/event/btc-updown-5m-1786806000,23:00-23:05,24.00,77.00,23.00,76.00,292.11,552.38,78.50,10.93,23.50,76.50,1.00,1.00,10469.42,11887.01,12022.01,10222.88,23,76,75,23,,62969.28,,
2026-08-15T23:02:55+08:00,btc-updown-5m-1786806000,https://polymarket.com/zh/event/btc-updown-5m-1786806000,23:00-23:05,54.00,46.00,53.00,45.00,10.00,752.33,581.33,0.56,53.50,45.50,1.00,1.00,10638.88,9574.02,9934.02,10398.88,53,46,45,54,,62969.99,,
2026-08-15T23:02:57+08:00,btc-updown-5m-1786806000,https://polymarket.com/zh/event/btc-updown-5m-1786806000,23:00-23:05,65.00,36.00,64.00,35.00,32.97,510.81,517.90,30.27,64.50,35.50,1.00,1.00,10293.88,9054.02,9064.02,10418.88,64,35,35,64,,62970.00,,
2026-08-15T23:03:00+08:00,btc-updown-5m-1786806000,https://polymarket.com/zh/event/btc-updown-5m-1786806000,23:00-23:05,68.00,33.00,67.00,32.00,53.84,5.00,98.75,72.84,67.50,32.50,1.00,1.00,12128.87,9104.02,9609.02,12138.78,63,31,31,63,,62975.13,,
2026-08-15T23:03:02+08:00,btc-updown-5m-1786806000,https://polymarket.com/zh/event/btc-updown-5m-1786806000,23:00-23:05,63.00,33.00,60.00,32.00,33.33,176.05,117.00,19.58,61.50,32.50,3.00,1.00,12473.78,9508.18,9514.29,12373.78,59,36,32,62,,62975.14,,
2026-08-15T23:03:04+08:00,btc-updown-5m-1786806000,https://polymarket.com/zh/event/btc-updown-5m-1786806000,23:00-23:05,64.00,34.00,63.00,33.00,68.98,83.33,10.95,67.20,63.50,33.50,1.00,1.00,9833.79,9392.29,9402.29,10423.79,59,33,31,64,,62973.84,,
2026-08-15T23:03:07+08:00,btc-updown-5m-1786806000,https://polymarket.com/zh/event/btc-updown-5m-1786806000,23:00-23:05,53.00,45.00,52.00,44.00,34.96,5.00,25.00,45.00,52.50,44.50,1.00,1.00,10304.00,9487.29,9482.29,9804.00,52,43,40,55,,62973.84,,
2026-08-15T23:03:09+08:00,btc-updown-5m-1786806000,https://polymarket.com/zh/event/btc-updown-5m-1786806000,23:00-23:05,57.00,43.00,56.00,42.00,26.24,316.05,485.50,47.00,56.50,42.50,1.00,1.00,9709.00,9477.29,9487.29,9819.00,55,37,37,56,,62973.85,,
2026-08-15T23:03:12+08:00,btc-updown-5m-1786806000,https://polymarket.com/zh/event/btc-updown-5m-1786806000,23:00-23:05,59.00,42.00,58.00,41.00,45.99,362.33,404.87,45.99,58.50,41.50,1.00,1.00,10309.00,9477.29,9482.29,10209.00,55,37,35,56,,62973.84,,
2026-08-15T23:03:14+08:00,btc-updown-5m-1786806000,https://polymarket.com/zh/event/btc-updown-5m-1786806000,23:00-23:05,57.00,44.00,56.00,43.00,426.85,12.01,7.06,426.85,56.50,43.50,1.00,1.00,9709.00,9487.29,9477.29,9809.01,55,39,39,55,,62973.85,,
2026-08-15T23:03:17+08:00,btc-updown-5m-1786806000,https://polymarket.com/zh/event/btc-updown-5m-1786806000,23:00-23:05,59.00,42.00,58.00,41.00,155.35,4.74,21.27,208.35,58.50,41.50,1.00,1.00,10219.01,9287.29,9272.29,9809.01,52,38,39,51,,62973.85,,
2026-08-15T23:03:19+08:00,btc-updown-5m-1786806000,https://polymarket.com/zh/event/btc-updown-5m-1786806000,23:00-23:05,64.00,37.00,63.00,36.00,52.00,305.28,310.28,32.00,63.50,36.50,1.00,1.00,10213.01,9403.59,9388.59,10303.01,55,36,36,55,,62973.84,,
2026-08-15T23:03:21+08:00,btc-updown-5m-1786806000,https://polymarket.com/zh/event/btc-updown-5m-1786806000,23:00-23:05,67.00,34.00,66.00,33.00,5.00,279.45,279.45,5.00,66.50,33.50,1.00,1.00,10198.00,9433.59,9433.59,10293.00,56,33,33,56,,62973.85,,
2026-08-15T23:03:24+08:00,btc-updown-5m-1786806000,https://polymarket.com/zh/event/btc-updown-5m-1786806000,23:00-23:05,74.00,26.00,73.00,25.00,3.31,126.33,254.87,74.56,73.50,25.50,1.00,1.00,9813.00,9263.59,9168.59,10313.00,61,26,25,62,,62973.84,,
2026-08-15T23:03:26+08:00,btc-updown-5m-1786806000,https://polymarket.com/zh/event/btc-updown-5m-1786806000,23:00-23:05,75.00,26.00,74.00,25.00,75.25,335.00,313.51,66.76,74.50,25.50,1.00,1.00,9463.00,9197.59,9138.59,9563.00,64,25,25,63,,62973.84,,
2026-08-15T23:03:28+08:00,btc-updown-5m-1786806000,https://polymarket.com/zh/event/btc-updown-5m-1786806000,23:00-23:05,71.00,39.00,70.00,38.00,198.42,49.00,0.59,46.04,70.50,38.50,1.00,1.00,9318.01,9443.59,9388.59,9083.01,59,29,33,57,,62973.85,,
2026-08-15T23:03:31+08:00,btc-updown-5m-1786806000,https://polymarket.com/zh/event/btc-updown-5m-1786806000,23:00-23:05,68.00,34.00,62.00,33.00,48.00,50.00,44.00,323.29,65.00,33.50,6.00,1.00,10323.92,9243.59,9123.59,10428.92,57,31,31,55,,62973.84,,
2026-08-15T23:03:33+08:00,btc-updown-5m-1786806000,https://polymarket.com/zh/event/btc-updown-5m-1786806000,23:00-23:05,60.00,41.00,59.00,40.00,154.99,102.59,102.59,144.99,59.50,40.50,1.00,1.00,9983.92,9493.59,9498.59,9898.92,53,35,35,53,,62973.85,,
2026-08-15T23:03:35+08:00,btc-updown-5m-1786806000,https://polymarket.com/zh/event/btc-updown-5m-1786806000,23:00-23:05,62.00,39.00,61.00,38.00,16.53,189.06,240.35,16.53,61.50,38.50,1.00,1.00,10388.92,9393.59,9393.59,10033.92,53,32,32,53,,62974.63,,
2026-08-15T23:03:38+08:00,btc-updown-5m-1786806000,https://polymarket.com/zh/event/btc-updown-5m-1786806000,23:00-23:05,66.00,38.00,63.00,37.00,10.00,70.00,33.33,105.27,64.50,37.50,3.00,1.00,9473.92,9498.59,9493.59,9338.92,58,32,35,51,,62974.86,,
2026-08-15T23:03:40+08:00,btc-updown-5m-1786806000,https://polymarket.com/zh/event/btc-updown-5m-1786806000,23:00-23:05,58.00,43.00,57.00,42.00,587.44,49.95,50.00,587.44,57.50,42.50,1.00,1.00,9933.92,9258.59,9248.59,10198.92,52,38,37,52,,62975.10,,
2026-08-15T23:03:43+08:00,btc-updown-5m-1786806000,https://polymarket.com/zh/event/btc-updown-5m-1786806000,23:00-23:05,51.00,44.00,50.00,43.00,17.77,51.60,15.00,38.38,50.50,43.50,1.00,1.00,10553.93,9143.59,9123.59,9763.92,50,38,37,52,,62975.09,,
2026-08-15T23:03:45+08:00,btc-updown-5m-1786806000,https://polymarket.com/zh/event/btc-updown-5m-1786806000,23:00-23:05,51.00,49.00,49.00,48.00,24.38,10.00,79.55,78.09,50.00,48.50,2.00,1.00,9916.91,9136.09,9151.09,10036.91,46,41,42,48,,62975.10,,
2026-08-15T23:03:47+08:00,btc-updown-5m-1786806000,https://polymarket.com/zh/event/btc-updown-5m-1786806000,23:00-23:05,50.00,51.00,49.00,50.00,119.80,15.96,15.96,119.80,49.50,50.50,1.00,1.00,9252.91,8838.59,9141.09,9257.91,46,44,44,46,,62975.10,,
2026-08-15T23:03:50+08:00,btc-updown-5m-1786806000,https://polymarket.com/zh/event/btc-updown-5m-1786806000,23:00-23:05,44.00,57.00,43.00,56.00,19.02,302.61,265.26,19.02,43.50,56.50,1.00,1.00,9682.91,9247.09,9077.09,9762.91,43,47,47,43,,62975.09,,
2026-08-15T23:03:52+08:00,btc-updown-5m-1786806000,https://polymarket.com/zh/event/btc-updown-5m-1786806000,23:00-23:05,47.00,54.00,46.00,53.00,198.99,93.75,98.01,198.99,46.50,53.50,1.00,1.00,9669.92,9191.09,9296.09,9674.92,43,48,47,42,,62974.46,,
2026-08-15T23:03:55+08:00,btc-updown-5m-1786806000,https://polymarket.com/zh/event/btc-updown-5m-1786806000,23:00-23:05,49.00,52.00,48.00,51.00,22.00,407.27,399.18,22.00,48.50,51.50,1.00,1.00,9141.93,8690.10,8689.10,9146.93,41,48,48,41,,62974.46,,
2026-08-15T23:03:57+08:00,btc-updown-5m-1786806000,https://polymarket.com/zh/event/btc-updown-5m-1786806000,23:00-23:05,46.00,55.00,45.00,54.00,20.00,80.50,75.50,19.95,45.50,54.50,1.00,1.00,8960.92,8696.74,8851.74,8860.93,39,50,51,39,,62974.46,,
2026-08-15T23:04:00+08:00,btc-updown-5m-1786806000,https://polymarket.com/zh/event/btc-updown-5m-1786806000,23:00-23:05,19.00,83.00,18.00,82.00,377.86,20.00,69.56,253.81,18.50,82.50,1.00,1.00,8455.87,8846.74,8597.74,8085.93,18,79,82,17,,62974.45,,
2026-08-15T23:04:02+08:00,btc-updown-5m-1786806000,https://polymarket.com/zh/event/btc-updown-5m-1786806000,23:00-23:05,16.00,86.00,14.00,85.00,105.60,14.72,21.35,116.97,15.00,85.50,2.00,1.00,7809.38,8586.77,8596.77,7839.38,14,83,82,14,,62974.33,,
2026-08-15T23:04:04+08:00,btc-updown-5m-1786806000,https://polymarket.com/zh/event/btc-updown-5m-1786806000,23:00-23:05,12.00,88.00,10.00,87.00,10.00,47.72,34.61,208.63,11.00,87.50,2.00,1.00,7224.38,8601.38,8706.38,7196.38,10,87,87,12,,62974.33,,
2026-08-15T23:04:07+08:00,btc-updown-5m-1786806000,https://polymarket.com/zh/event/btc-updown-5m-1786806000,23:00-23:05,9.00,93.00,8.00,92.00,50.00,11.61,35.00,7.95,8.50,92.50,1.00,1.00,6661.38,8579.74,8668.74,6467.38,8,89,92,7,,62973.11,,
2026-08-15T23:04:09+08:00,btc-updown-5m-1786806000,https://polymarket.com/zh/event/btc-updown-5m-1786806000,23:00-23:05,7.00,94.00,6.00,93.00,36.88,19.87,33.87,22.24,6.50,93.50,1.00,1.00,6691.09,8959.74,8839.74,6691.09,6,91,91,6,,62971.54,,
2026-08-15T23:04:12+08:00,btc-updown-5m-1786806000,https://polymarket.com/zh/event/btc-updown-5m-1786806000,23:00-23:05,6.00,95.00,5.00,94.00,33.26,87.24,130.68,33.26,5.50,94.50,1.00,1.00,6617.92,8933.74,8828.74,6579.48,5,94,94,5,,62971.55,,
2026-08-15T23:04:14+08:00,btc-updown-5m-1786806000,https://polymarket.com/zh/event/btc-updown-5m-1786806000,23:00-23:05,3.00,98.00,2.00,97.00,85.16,532.07,548.49,85.16,2.50,97.50,1.00,1.00,6253.30,8890.71,8805.71,6236.88,2,97,97,2,,62971.54,,
2026-08-15T23:04:17+08:00,btc-updown-5m-1786806000,https://polymarket.com/zh/event/btc-updown-5m-1786806000,23:00-23:05,4.00,97.00,3.00,96.00,129.65,276.42,186.21,213.65,3.50,96.50,1.00,1.00,6277.68,8271.08,8376.08,6394.20,3,96,96,3,,62971.52,,
2026-08-15T23:04:19+08:00,btc-updown-5m-1786806000,https://polymarket.com/zh/event/btc-updown-5m-1786806000,23:00-23:05,5.00,97.00,4.00,96.00,72.16,280.28,15.00,10.00,4.50,96.50,1.00,1.00,2217.84,8356.08,8251.08,2306.06,4,95,96,3,,62971.52,,
2026-08-15T23:04:22+08:00,btc-updown-5m-1786806000,https://polymarket.com/zh/event/btc-updown-5m-1786806000,23:00-23:05,6.00,96.00,4.00,95.00,126.81,5.91,23.92,51.00,5.00,95.50,2.00,1.00,2188.76,8351.08,8252.08,2165.75,4,93,94,4,,62971.53,,
2026-08-15T23:04:24+08:00,btc-updown-5m-1786806000,https://polymarket.com/zh/event/btc-updown-5m-1786806000,23:00-23:05,5.00,96.00,4.00,94.00,3.46,15.00,10.39,89.00,4.50,95.00,1.00,2.00,2098.89,8345.08,8344.08,2169.81,4,94,93,4,,62971.53,,
2026-08-15T23:04:27+08:00,btc-updown-5m-1786806000,https://polymarket.com/zh/event/btc-updown-5m-1786806000,23:00-23:05,4.00,97.00,3.00,96.00,204.07,39.96,39.96,185.58,3.50,96.50,1.00,1.00,2055.62,8635.08,8734.08,2055.62,3,95,96,3,,62971.53,,
2026-08-15T23:04:29+08:00,btc-updown-5m-1786806000,https://polymarket.com/zh/event/btc-updown-5m-1786806000,23:00-23:05,3.00,98.00,2.00,97.00,212.16,204.53,260.56,212.16,2.50,97.50,1.00,1.00,1729.80,8726.53,8746.48,1673.77,2,96,96,2,,62971.53,,
2026-08-15T23:04:32+08:00,btc-updown-5m-1786806000,https://polymarket.com/zh/event/btc-updown-5m-1786806000,23:00-23:05,4.00,97.00,3.00,96.00,346.62,50.00,55.00,346.62,3.50,96.50,1.00,1.00,1524.13,3806.47,3791.47,1519.13,3,96,96,3,,62971.53,,
2026-08-15T23:04:34+08:00,btc-updown-5m-1786806000,https://polymarket.com/zh/event/btc-updown-5m-1786806000,23:00-23:05,2.00,99.00,1.00,98.00,120.52,1604.11,1604.11,120.52,1.50,98.50,1.00,1.00,1604.11,3765.47,3790.52,1604.11,1,98,98,1,,62971.53,,
2026-08-15T23:04:36+08:00,btc-updown-5m-1786806000,https://polymarket.com/zh/event/btc-updown-5m-1786806000,23:00-23:05,2.00,99.00,1.00,98.00,168.00,1383.94,1383.94,168.00,1.50,98.50,1.00,1.00,1383.94,3756.47,3770.47,1383.94,1,98,97,1,,62971.53,,
2026-08-15T23:04:39+08:00,btc-updown-5m-1786806000,https://polymarket.com/zh/event/btc-updown-5m-1786806000,23:00-23:05,1.00,,,99.00,51.50,,,301.50,,,,,,3860.47,3865.47,,0,99,99,0,,62971.53,,
2026-08-15T23:04:41+08:00,btc-updown-5m-1786806000,https://polymarket.com/zh/event/btc-updown-5m-1786806000,23:00-23:05,1.00,,,99.00,141.19,,,2541.20,,,,,,3835.45,3840.45,,0,99,99,0,,62971.53,,
2026-08-15T23:04:44+08:00,btc-updown-5m-1786806000,https://polymarket.com/zh/event/btc-updown-5m-1786806000,23:00-23:05,1.00,,,99.00,5109.01,,,5109.01,,,,,,3830.45,3835.45,,0,99,99,0,,62972.76,,
2026-08-15T23:04:46+08:00,btc-updown-5m-1786806000,https://polymarket.com/zh/event/btc-updown-5m-1786806000,23:00-23:05,1.00,,,99.00,5133.78,,,5087.78,,,,,,3846.45,3836.45,,0,99,99,0,,62972.76,,
2026-08-15T23:04:48+08:00,btc-updown-5m-1786806000,https://polymarket.com/zh/event/btc-updown-5m-1786806000,23:00-23:05,1.00,,,99.00,5112.78,,,5162.78,,,,,,3386.45,3380.45,,0,99,99,0,,62972.76,,
2026-08-15T23:04:51+08:00,btc-updown-5m-1786806000,https://polymarket.com/zh/event/btc-updown-5m-1786806000,23:00-23:05,1.00,,,99.00,5116.38,,,5116.38,,,,,,3351.45,3346.45,,0,99,99,0,,62972.75,,
2026-08-15T23:04:53+08:00,btc-updown-5m-1786806000,https://polymarket.com/zh/event/btc-updown-5m-1786806000,23:00-23:05,1.00,,,99.00,15222.62,,,15272.62,,,,,,3340.45,3345.45,,0,99,99,0,,62972.75,,
2026-08-15T23:04:56+08:00,btc-updown-5m-1786806000,https://polymarket.com/zh/event/btc-updown-5m-1786806000,23:00-23:05,1.00,,,99.00,15702.72,,,15697.43,,,,,,3340.45,2335.45,,0,99,99,0,,62972.75,,
2026-08-15T23:04:58+08:00,btc-updown-5m-1786806000,https://polymarket.com/zh/event/btc-updown-5m-1786806000,23:00-23:05,1.00,,,99.00,15605.57,,,16335.57,,,,,,3235.45,3235.45,,0,99,99,0,,62970.15,,
2026-08-15T23:05:01+08:00,btc-updown-5m-1786806300,https://polymarket.com/zh/event/btc-updown-5m-1786806300,23:05-23:10,48.00,55.00,47.00,54.00,241.66,16.69,10.00,86.22,47.50,54.50,1.00,1.00,132586.46,131631.01,10726.01,11596.46,46,42,44,44,62970.15,62970.15,,
2026-08-15T23:05:03+08:00,btc-updown-5m-1786806300,https://polymarket.com/zh/event/btc-updown-5m-1786806300,23:05-23:10,44.00,57.00,43.00,56.00,20.00,64.44,75.00,20.00,43.50,56.50,1.00,1.00,12880.28,11444.83,12154.83,12960.28,43,56,56,43,62970.15,62970.15,,
2026-08-15T23:05:05+08:00,btc-updown-5m-1786806300,https://polymarket.com/zh/event/btc-updown-5m-1786806300,23:05-23:10,44.00,57.00,43.00,56.00,49.93,57.11,57.11,33.10,43.50,56.50,1.00,1.00,12539.28,11858.83,11838.83,12539.28,43,56,56,43,62970.15,62970.15,,
2026-08-15T23:05:08+08:00,btc-updown-5m-1786806300,https://polymarket.com/zh/event/btc-updown-5m-1786806300,23:05-23:10,44.00,57.00,43.00,56.00,166.02,29.44,13.24,16.02,43.50,56.50,1.00,1.00,12249.28,9468.83,9548.83,12249.28,43,56,56,43,62970.15,62970.15,,
2026-08-15T23:05:10+08:00,btc-updown-5m-1786806300,https://polymarket.com/zh/event/btc-updown-5m-1786806300,23:05-23:10,45.00,56.00,44.00,55.00,15.00,299.51,373.51,45.00,44.50,55.50,1.00,1.00,10528.28,9318.83,9257.83,10538.28,44,55,55,44,62970.15,62970.15,,
2026-08-15T23:05:13+08:00,btc-updown-5m-1786806300,https://polymarket.com/zh/event/btc-updown-5m-1786806300,23:05-23:10,46.00,55.00,45.00,54.00,241.30,49.85,49.85,238.29,45.50,54.50,1.00,1.00,11838.28,9717.83,9812.83,11853.28,45,54,54,45,62970.15,62970.15,,
2026-08-15T23:05:15+08:00,btc-updown-5m-1786806300,https://polymarket.com/zh/event/btc-updown-5m-1786806300,23:05-23:10,45.00,56.00,44.00,55.00,382.58,20.00,20.00,382.58,44.50,55.50,1.00,1.00,11658.28,9820.33,9820.33,11658.28,44,55,55,44,62970.15,62970.14,,
2026-08-15T23:05:17+08:00,btc-updown-5m-1786806300,https://polymarket.com/zh/event/btc-updown-5m-1786806300,23:05-23:10,43.00,58.00,42.00,57.00,26.34,93.30,93.30,26.34,42.50,57.50,1.00,1.00,11713.28,10880.34,10880.34,11713.28,42,57,57,42,62970.15,62970.15,,
2026-08-15T23:05:20+08:00,btc-updown-5m-1786806300,https://polymarket.com/zh/event/btc-updown-5m-1786806300,23:05-23:10,42.00,59.00,41.00,58.00,441.44,20.00,20.00,441.44,41.50,58.50,1.00,1.00,11388.57,9100.55,9210.55,11398.57,41,58,58,41,62970.15,62970.15,,
2026-08-15T23:05:22+08:00,btc-updown-5m-1786806300,https://polymarket.com/zh/event/btc-updown-5m-1786806300,23:05-23:10,41.00,60.00,40.00,59.00,20.00,277.85,281.19,20.00,40.50,59.50,1.00,1.00,10378.57,7655.60,7735.55,10373.57,40,59,59,40,62970.15,62970.14,,
2026-08-15T23:05:25+08:00,btc-updown-5m-1786806300,https://polymarket.com/zh/event/btc-updown-5m-1786806300,23:05-23:10,42.00,58.00,41.00,57.00,9.70,281.99,286.30,51.76,41.50,57.50,1.00,1.00,10345.27,8117.54,8022.54,10365.27,41,58,57,42,62970.15,62970.15,,
2026-08-15T23:05:27+08:00,btc-updown-5m-1786806300,https://polymarket.com/zh/event/btc-updown-5m-1786806300,23:05-23:10,43.00,58.00,42.00,57.00,101.00,145.23,145.23,101.00,42.50,57.50,1.00,1.00,10075.27,7942.54,7497.54,9840.27,42,57,57,42,62970.15,62970.15,,
2026-08-15T23:05:29+08:00,btc-updown-5m-1786806300,https://polymarket.com/zh/event/btc-updown-5m-1786806300,23:05-23:10,43.00,58.00,42.00,57.00,192.08,46.37,55.00,182.08,42.50,57.50,1.00,1.00,9835.27,7502.54,7377.54,9605.27,42,57,57,42,62970.15,62970.14,,
2026-08-15T23:05:32+08:00,btc-updown-5m-1786806300,https://polymarket.com/zh/event/btc-updown-5m-1786806300,23:05-23:10,43.00,58.00,42.00,57.00,20.00,510.49,505.49,20.00,42.50,57.50,1.00,1.00,9065.27,6384.55,6264.55,9075.27,42,57,57,42,62970.15,62970.15,,
2026-08-15T23:05:34+08:00,btc-updown-5m-1786806300,https://polymarket.com/zh/event/btc-updown-5m-1786806300,23:05-23:10,46.00,55.00,45.00,54.00,39.00,614.15,614.15,0.82,45.50,54.50,1.00,1.00,9025.27,6974.54,6869.54,9015.27,45,54,54,45,62970.15,62970.15,,
2026-08-15T23:05:37+08:00,btc-updown-5m-1786806300,https://polymarket.com/zh/event/btc-updown-5m-1786806300,23:05-23:10,50.00,52.00,49.00,51.00,912.53,30.40,97.86,315.47,49.50,51.50,1.00,1.00,9558.26,6837.54,6947.54,9563.26,49,50,51,48,62970.15,62970.15,,
2026-08-15T23:05:39+08:00,btc-updown-5m-1786806300,https://polymarket.com/zh/event/btc-updown-5m-1786806300,23:05-23:10,49.00,52.00,48.00,51.00,361.23,6.18,6.18,361.23,48.50,51.50,1.00,1.00,7543.27,8372.59,8382.54,7698.27,48,51,51,48,62970.15,62969.75,,
2026-08-15T23:05:41+08:00,btc-updown-5m-1786806300,https://polymarket.com/zh/event/btc-updown-5m-1786806300,23:05-23:10,48.00,53.00,47.00,52.00,29.16,185.76,189.54,29.16,47.50,52.50,1.00,1.00,9231.93,7967.54,7527.54,7965.27,47,52,52,47,62970.15,62969.76,,
2026-08-15T23:05:44+08:00,btc-updown-5m-1786806300,https://polymarket.com/zh/event/btc-updown-5m-1786806300,23:05-23:10,48.00,53.00,47.00,52.00,76.06,217.88,217.88,76.06,47.50,52.50,1.00,1.00,9945.26,7512.54,7532.59,9950.26,47,52,52,47,62970.15,62969.76,,
2026-08-15T23:05:46+08:00,btc-updown-5m-1786806300,https://polymarket.com/zh/event/btc-updown-5m-1786806300,23:05-23:10,49.00,52.00,48.00,51.00,336.08,82.82,84.75,336.08,48.50,51.50,1.00,1.00,9915.26,8077.55,7962.55,9910.26,48,51,51,48,62970.15,62969.75,,
2026-08-15T23:05:49+08:00,btc-updown-5m-1786806300,https://polymarket.com/zh/event/btc-updown-5m-1786806300,23:05-23:10,49.00,52.00,48.00,51.00,353.32,65.00,65.00,353.32,48.50,51.50,1.00,1.00,9520.26,7922.54,8007.54,9510.26,48,51,51,48,62970.15,62969.75,,
2026-08-15T23:05:51+08:00,btc-updown-5m-1786806300,https://polymarket.com/zh/event/btc-updown-5m-1786806300,23:05-23:10,49.00,52.00,48.00,51.00,154.31,37.98,47.60,154.31,48.50,51.50,1.00,1.00,9525.26,7527.54,8007.54,9510.26,48,51,51,48,62970.15,62969.76,,
2026-08-15T23:05:53+08:00,btc-updown-5m-1786806300,https://polymarket.com/zh/event/btc-updown-5m-1786806300,23:05-23:10,46.00,55.00,45.00,54.00,405.24,41.95,41.95,405.24,45.50,54.50,1.00,1.00,9530.26,8362.54,8457.54,9565.26,45,54,54,45,62970.15,62969.76,,
2026-08-15T23:05:56+08:00,btc-updown-5m-1786806300,https://polymarket.com/zh/event/btc-updown-5m-1786806300,23:05-23:10,47.00,54.00,46.00,53.00,85.40,444.47,444.47,85.35,46.50,53.50,1.00,1.00,9640.26,7367.54,7377.55,9640.26,46,53,53,46,62970.15,62969.76,,
2026-08-15T23:05:58+08:00,btc-updown-5m-1786806300,https://polymarket.com/zh/event/btc-updown-5m-1786806300,23:05-23:10,48.00,53.00,47.00,52.00,91.18,161.99,176.99,103.98,47.50,52.50,1.00,1.00,9070.26,7532.54,7422.54,9045.26,47,52,52,47,62970.15,62969.76,,
2026-08-15T23:06:00+08:00,btc-updown-5m-1786806300,https://polymarket.com/zh/event/btc-updown-5m-1786806300,23:05-23:10,46.00,54.00,45.00,53.00,44.00,218.86,270.76,50.00,45.50,53.50,1.00,1.00,12800.26,11242.54,11147.54,12290.26,45,54,53,46,62970.15,62969.76,,
2026-08-15T23:06:03+08:00,btc-updown-5m-1786806300,https://polymarket.com/zh/event/btc-updown-5m-1786806300,23:05-23:10,49.00,52.00,48.00,51.00,436.41,83.70,93.95,446.81,48.50,51.50,1.00,1.00,12850.26,10517.55,10612.55,12845.26,48,51,51,48,62970.15,62969.75,,
2026-08-15T23:06:05+08:00,btc-updown-5m-1786806300,https://polymarket.com/zh/event/btc-updown-5m-1786806300,23:05-23:10,49.00,52.00,48.00,51.00,466.08,10.95,10.95,456.08,48.50,51.50,1.00,1.00,12500.26,11007.59,11017.55,12505.26,48,51,51,48,62970.15,62969.76,,
2026-08-15T23:06:07+08:00,btc-updown-5m-1786806300,https://polymarket.com/zh/event/btc-updown-5m-1786806300,23:05-23:10,45.00,56.00,44.00,55.00,99.95,378.47,378.47,99.95,44.50,55.50,1.00,1.00,11902.26,10605.54,10505.54,11912.26,44,55,55,44,62970.15,62969.76,,
2026-08-15T23:06:10+08:00,btc-updown-5m-1786806300,https://polymarket.com/zh/event/btc-updown-5m-1786806300,23:05-23:10,45.00,56.00,44.00,55.00,57.95,419.29,419.29,57.95,44.50,55.50,1.00,1.00,11657.26,10760.54,10670.59,11667.26,44,55,55,44,62970.15,62969.75,,
2026-08-15T23:06:12+08:00,btc-updown-5m-1786806300,https://polymarket.com/zh/event/btc-updown-5m-1786806300,23:05-23:10,46.00,55.00,45.00,54.00,58.66,327.95,312.98,56.48,45.50,54.50,1.00,1.00,11730.26,10663.54,10578.54,11735.26,45,54,54,45,62970.15,62969.75,,
2026-08-15T23:06:15+08:00,btc-updown-5m-1786806300,https://polymarket.com/zh/event/btc-updown-5m-1786806300,23:05-23:10,46.00,55.00,45.00,54.00,348.61,150.00,150.00,389.61,45.50,54.50,1.00,1.00,11760.26,10157.54,10257.54,11770.26,45,54,54,45,62970.15,62969.75,,
2026-08-15T23:06:17+08:00,btc-updown-5m-1786806300,https://polymarket.com/zh/event/btc-updown-5m-1786806300,23:05-23:10,46.00,55.00,45.00,54.00,355.92,138.90,138.90,347.92,45.50,54.50,1.00,1.00,11247.26,10499.54,10584.54,11237.26,45,54,54,45,62970.15,62969.76,,
2026-08-15T23:06:19+08:00,btc-updown-5m-1786806300,https://polymarket.com/zh/event/btc-updown-5m-1786806300,23:05-23:10,45.00,56.00,44.00,55.00,201.16,92.35,15.00,857.46,44.50,55.50,1.00,1.00,11607.26,10190.54,10095.54,11447.26,44,55,55,44,62970.15,62969.76,,
2026-08-15T23:06:22+08:00,btc-updown-5m-1786806300,https://polymarket.com/zh/event/btc-updown-5m-1786806300,23:05-23:10,45.00,56.00,44.00,55.00,790.29,83.27,83.32,790.29,44.50,55.50,1.00,1.00,11437.26,10100.54,10205.54,11452.26,44,55,55,44,62970.15,62969.75,,
2026-08-15T23:06:24+08:00,btc-updown-5m-1786806300,https://polymarket.com/zh/event/btc-updown-5m-1786806300,23:05-23:10,44.00,57.00,43.00,56.00,515.45,62.03,62.03,515.45,43.50,56.50,1.00,1.00,11452.26,10165.54,10250.54,11437.26,43,56,56,43,62970.15,62969.76,,
2026-08-15T23:06:27+08:00,btc-updown-5m-1786806300,https://polymarket.com/zh/event/btc-updown-5m-1786806300,23:05-23:10,42.00,59.00,41.00,58.00,397.17,38.24,38.24,397.17,41.50,58.50,1.00,1.00,11902.26,10260.54,10245.54,11897.26,41,58,58,41,62970.15,62969.75,,
2026-08-15T23:06:29+08:00,btc-updown-5m-1786806300,https://polymarket.com/zh/event/btc-updown-5m-1786806300,23:05-23:10,42.00,59.00,41.00,58.00,7.95,535.51,551.51,7.95,41.50,58.50,1.00,1.00,11897.26,10144.54,10249.54,11902.26,41,58,58,41,62970.15,62969.75,,
2026-08-15T23:06:31+08:00,btc-updown-5m-1786806300,https://polymarket.com/zh/event/btc-updown-5m-1786806300,23:05-23:10,43.00,58.00,42.00,57.00,149.62,345.15,340.16,154.62,42.50,57.50,1.00,1.00,11053.26,10168.09,10053.04,11097.26,42,57,57,42,62970.15,62969.76,,
2026-08-15T23:06:34+08:00,btc-updown-5m-1786806300,https://polymarket.com/zh/event/btc-updown-5m-1786806300,23:05-23:10,43.00,58.00,42.00,57.00,245.05,42.00,51.82,323.05,42.50,57.50,1.00,1.00,10760.26,10048.04,10168.04,10770.26,42,57,57,42,62970.15,62969.76,,
2026-08-15T23:06:36+08:00,btc-updown-5m-1786806300,https://polymarket.com/zh/event/btc-updown-5m-1786806300,23:05-23:10,41.00,61.00,40.00,60.00,423.41,55.00,50.00,198.44,40.50,60.50,1.00,1.00,11205.26,10152.05,10062.10,11220.26,40,59,60,39,62970.15,62969.76,,
2026-08-15T23:06:39+08:00,btc-updown-5m-1786806300,https://polymarket.com/zh/event/btc-updown-5m-1786806300,23:05-23:10,39.00,62.00,38.00,61.00,451.19,50.00,50.00,446.19,38.50,61.50,1.00,1.00,10355.26,10557.04,10553.04,10820.26,38,61,61,38,62970.15,62969.76,,
2026-08-15T23:06:41+08:00,btc-updown-5m-1786806300,https://polymarket.com/zh/event/btc-updown-5m-1786806300,23:05-23:10,38.00,62.00,37.00,61.00,92.00,384.83,305.51,8.00,37.50,61.50,1.00,1.00,10820.26,10453.04,10462.04,10820.26,37,62,61,38,62970.15,62969.76,,
2026-08-15T23:06:43+08:00,btc-updown-5m-1786806300,https://polymarket.com/zh/event/btc-updown-5m-1786806300,23:05-23:10,42.00,59.00,41.00,58.00,90.14,163.88,203.88,90.14,41.50,58.50,1.00,1.00,11205.26,10153.04,10152.04,11205.26,41,58,58,39,62970.15,62969.76,,
2026-08-15T23:06:46+08:00,btc-updown-5m-1786806300,https://polymarket.com/zh/event/btc-updown-5m-1786806300,23:05-23:10,40.00,61.00,39.00,60.00,292.50,68.00,8.00,180.92,39.50,60.50,1.00,1.00,10820.26,10463.04,10468.04,10820.26,39,60,60,39,62970.15,62969.76,,
2026-08-15T23:06:48+08:00,btc-updown-5m-1786806300,https://polymarket.com/zh/event/btc-updown-5m-1786806300,23:05-23:10,40.00,61.00,39.00,60.00,133.25,66.26,66.26,32.07,39.50,60.50,1.00,1.00,10805.26,10547.04,10062.04,10810.26,39,60,60,39,62970.15,62969.76,,
2026-08-15T23:06:51+08:00,btc-updown-5m-1786806300,https://polymarket.com/zh/event/btc-updown-5m-1786806300,23:05-23:10,40.00,60.00,39.00,59.00,88.99,329.02,172.14,115.00,39.50,59.50,1.00,1.00,10795.26,10453.04,10448.04,10810.26,39,60,59,40,62970.15,62969.76,,
2026-08-15T23:06:53+08:00,btc-updown-5m-1786806300,https://polymarket.com/zh/event/btc-updown-5m-1786806300,23:05-23:10,41.00,60.00,40.00,59.00,50.43,367.66,367.66,50.38,40.50,59.50,1.00,1.00,10815.26,10463.04,10548.04,10805.26,40,59,59,40,62970.15,62969.76,,
2026-08-15T23:06:55+08:00,btc-updown-5m-1786806300,https://polymarket.com/zh/event/btc-updown-5m-1786806300,23:05-23:10,41.00,59.00,40.00,58.00,37.84,492.77,371.87,69.79,40.50,58.50,1.00,1.00,11210.26,10057.04,10152.05,11205.26,40,59,58,41,62970.15,62969.76,,
2026-08-15T23:06:58+08:00,btc-updown-5m-1786806300,https://polymarket.com/zh/event/btc-updown-5m-1786806300,23:05-23:10,42.00,59.00,41.00,58.00,90.39,369.97,369.97,79.69,41.50,58.50,1.00,1.00,11101.26,10058.04,10162.04,11116.26,41,58,58,41,62970.15,62969.76,,
2026-08-15T23:07:00+08:00,btc-updown-5m-1786806300,https://polymarket.com/zh/event/btc-updown-5m-1786806300,23:05-23:10,42.00,59.00,41.00,58.00,90.24,325.67,325.67,85.24,41.50,58.50,1.00,1.00,10256.26,10348.04,10448.04,10261.26,41,58,58,41,62970.15,62969.76,,
2026-08-15T23:07:03+08:00,btc-updown-5m-1786806300,https://polymarket.com/zh/event/btc-updown-5m-1786806300,23:05-23:10,42.00,59.00,41.00,58.00,87.99,334.96,346.86,115.99,41.50,58.50,1.00,1.00,10251.26,9649.86,9959.86,10276.26,41,58,58,41,62970.15,62969.76,,
2026-08-15T23:07:05+08:00,btc-updown-5m-1786806300,https://polymarket.com/zh/event/btc-updown-5m-1786806300,23:05-23:10,42.00,59.00,41.00,58.00,87.94,321.92,321.92,87.94,41.50,58.50,1.00,1.00,10261.26,9964.86,10075.86,10271.26,41,58,58,41,62970.15,62969.76,,
2026-08-15T23:07:07+08:00,btc-updown-5m-1786806300,https://polymarket.com/zh/event/btc-updown-5m-1786806300,23:05-23:10,34.00,76.00,33.00,75.00,66.66,10.00,5.00,50.00,33.50,75.50,1.00,1.00,8841.27,9965.86,10829.92,8666.27,21,65,75,15,62970.15,62966.74,,
2026-08-15T23:07:10+08:00,btc-updown-5m-1786806300,https://polymarket.com/zh/event/btc-updown-5m-1786806300,23:05-23:10,15.00,86.00,14.00,85.00,156.18,15.80,64.81,188.13,14.50,85.50,1.00,1.00,7950.63,9535.86,9234.86,8112.27,14,85,85,14,62970.15,62965.35,,
2026-08-15T23:07:12+08:00,btc-updown-5m-1786806300,https://polymarket.com/zh/event/btc-updown-5m-1786806300,23:05-23:10,16.00,85.00,15.00,84.00,137.25,38.00,30.00,170.46,15.50,84.50,1.00,1.00,8853.27,9125.86,9109.86,9145.27,15,84,84,15,62970.15,62964.20,,
2026-08-15T23:07:15+08:00,btc-updown-5m-1786806300,https://polymarket.com/zh/event/btc-updown-5m-1786806300,23:05-23:10,18.00,83.00,17.00,82.00,257.13,18.47,20.50,229.35,17.50,82.50,1.00,1.00,9135.27,9120.86,9209.86,9125.27,17,82,82,17,62970.15,62963.74,,
2026-08-15T23:07:17+08:00,btc-updown-5m-1786806300,https://polymarket.com/zh/event/btc-updown-5m-1786806300,23:05-23:10,16.00,85.00,15.00,84.00,122.23,193.50,193.50,122.23,15.50,84.50,1.00,1.00,9240.27,9095.86,9194.86,9235.27,15,84,84,15,62970.15,62963.74,,
2026-08-15T23:07:19+08:00,btc-updown-5m-1786806300,https://polymarket.com/zh/event/btc-updown-5m-1786806300,23:05-23:10,16.00,85.00,15.00,84.00,61.85,394.90,394.90,11.85,15.50,84.50,1.00,1.00,9235.27,8985.86,9090.86,9235.27,15,84,84,15,62970.15,62963.73,,
2026-08-15T23:07:22+08:00,btc-updown-5m-1786806300,https://polymarket.com/zh/event/btc-updown-5m-1786806300,23:05-23:10,16.00,85.00,15.00,84.00,28.59,364.05,464.07,28.59,15.50,84.50,1.00,1.00,9265.27,9079.87,8974.87,9297.63,15,84,84,15,62970.15,62963.73,,
2026-08-15T23:07:24+08:00,btc-updown-5m-1786806300,https://polymarket.com/zh/event/btc-updown-5m-1786806300,23:05-23:10,17.00,84.00,16.00,83.00,179.07,379.22,541.14,199.17,16.50,83.50,1.00,1.00,9282.63,8984.86,9090.86,9277.63,16,83,83,16,62970.15,62963.73,,
2026-08-15T23:07:27+08:00,btc-updown-5m-1786806300,https://polymarket.com/zh/event/btc-updown-5m-1786806300,23:05-23:10,19.00,82.00,18.00,81.00,117.09,421.49,365.41,12.09,18.50,81.50,1.00,1.00,9253.63,9520.87,9085.87,9253.63,18,81,81,18,62970.15,62963.74,,
2026-08-15T23:07:29+08:00,btc-updown-5m-1786806300,https://polymarket.com/zh/event/btc-updown-5m-1786806300,23:05-23:10,20.00,81.00,19.00,80.00,90.37,385.81,375.81,90.37,19.50,80.50,1.00,1.00,9258.63,11060.86,11060.86,9258.63,19,80,80,19,62970.15,62963.73,,
2026-08-15T23:07:31+08:00,btc-updown-5m-1786806300,https://polymarket.com/zh/event/btc-updown-5m-1786806300,23:05-23:10,20.00,81.00,19.00,80.00,120.31,350.95,335.95,60.31,19.50,80.50,1.00,1.00,9253.63,11060.86,10645.86,9238.63,19,80,80,19,62970.15,62963.74,,
2026-08-15T23:07:34+08:00,btc-updown-5m-1786806300,https://polymarket.com/zh/event/btc-updown-5m-1786806300,23:05-23:10,21.00,80.00,20.00,79.00,86.00,258.69,336.69,62.19,20.50,79.50,1.00,1.00,9411.27,10531.92,10520.87,9416.27,20,79,79,20,62970.15,62963.74,,
2026-08-15T23:07:36+08:00,btc-updown-5m-1786806300,https://polymarket.com/zh/event/btc-updown-5m-1786806300,23:05-23:10,21.00,80.00,20.00,79.00,328.15,50.00,67.09,323.15,20.50,79.50,1.00,1.00,9311.27,10951.86,11076.86,9331.27,20,79,79,20,62970.15,62963.74,,
2026-08-15T23:07:39+08:00,btc-updown-5m-1786806300,https://polymarket.com/zh/event/btc-updown-5m-1786806300,23:05-23:10,21.00,80.00,20.00,79.00,313.15,98.75,91.75,201.22,20.50,79.50,1.00,1.00,9443.27,10961.91,10965.91,9443.27,20,79,79,20,62970.15,62963.73,,
2026-08-15T23:07:41+08:00,btc-updown-5m-1786806300,https://polymarket.com/zh/event/btc-updown-5m-1786806300,23:05-23:10,21.00,80.00,20.00,79.00,218.87,160.81,155.81,108.37,20.50,79.50,1.00,1.00,9298.63,10515.87,10610.87,9378.63,20,79,79,20,62970.15,62963.73,,
2026-08-15T23:07:43+08:00,btc-updown-5m-1786806300,https://polymarket.com/zh/event/btc-updown-5m-1786806300,23:05-23:10,21.00,80.00,20.00,79.00,177.24,112.06,107.06,182.24,20.50,79.50,1.00,1.00,9415.10,10610.87,10525.87,9415.10,20,79,79,20,62970.15,62965.93,,
2026-08-15T23:07:46+08:00,btc-updown-5m-1786806300,https://polymarket.com/zh/event/btc-updown-5m-1786806300,23:05-23:10,21.00,82.00,20.00,81.00,201.63,59.08,79.62,167.44,20.50,81.50,1.00,1.00,9430.10,10515.86,10620.86,9410.10,20,79,81,18,62970.15,62965.94,,
2026-08-15T23:07:48+08:00,btc-updown-5m-1786806300,https://polymarket.com/zh/event/btc-updown-5m-1786806300,23:05-23:10,18.00,83.00,17.00,82.00,288.99,184.00,174.00,300.75,17.50,82.50,1.00,1.00,9415.10,10520.86,10626.86,9426.59,17,82,82,17,62970.15,62965.94,,
2026-08-15T23:07:51+08:00,btc-updown-5m-1786806300,https://polymarket.com/zh/event/btc-updown-5m-1786806300,23:05-23:10,15.00,86.00,14.00,85.00,273.99,110.77,110.77,296.99,14.50,85.50,1.00,1.00,9399.59,10975.86,11065.86,9478.59,14,85,85,14,62970.15,62965.94,,
2026-08-15T23:07:53+08:00,btc-updown-5m-1786806300,https://polymarket.com/zh/event/btc-updown-5m-1786806300,23:05-23:10,14.00,87.00,13.00,86.00,152.06,149.33,160.83,134.06,13.50,86.50,1.00,1.00,9355.10,11070.86,10960.86,9285.10,13,86,86,13,62970.15,62965.94,,
2026-08-15T23:07:55+08:00,btc-updown-5m-1786806300,https://polymarket.com/zh/event/btc-updown-5m-1786806300,23:05-23:10,14.00,87.00,13.00,86.00,35.65,273.77,275.21,58.65,13.50,86.50,1.00,1.00,9132.74,10621.86,10505.86,9207.74,13,85,86,13,62970.15,62965.94,,
2026-08-15T23:07:58+08:00,btc-updown-5m-1786806300,https://polymarket.com/zh/event/btc-updown-5m-1786806300,23:05-23:10,14.00,87.00,13.00,86.00,174.25,183.00,4.95,34.36,13.50,86.50,1.00,1.00,9220.10,10516.86,11036.86,9149.10,13,86,86,13,62970.15,62965.65,,
2026-08-15T23:08:00+08:00,btc-updown-5m-1786806300,https://polymarket.com/zh/event/btc-updown-5m-1786806300,23:05-23:10,14.00,87.00,13.00,86.00,119.68,237.60,247.91,119.68,13.50,86.50,1.00,1.00,9097.50,11060.77,11060.82,9112.50,13,86,86,13,62970.15,62965.65,,
2026-08-15T23:08:03+08:00,btc-updown-5m-1786806300,https://polymarket.com/zh/event/btc-updown-5m-1786806300,23:05-23:10,14.00,87.00,13.00,86.00,144.16,143.84,149.19,144.16,13.50,86.50,1.00,1.00,8943.01,10905.77,10900.77,8943.01,13,86,86,13,62970.15,62965.65,,
2026-08-15T23:08:05+08:00,btc-updown-5m-1786806300,https://polymarket.com/zh/event/btc-updown-5m-1786806300,23:05-23:10,13.00,88.00,12.00,87.00,121.00,184.25,179.25,76.00,12.50,87.50,1.00,1.00,9047.83,10885.77,10750.77,9052.83,12,87,87,12,62970.15,62965.65,,
2026-08-15T23:08:07+08:00,btc-updown-5m-1786806300,https://polymarket.com/zh/event/btc-updown-5m-1786806300,23:05-23:10,16.00,85.00,15.00,84.00,150.86,43.43,71.00,151.21,15.50,84.50,1.00,1.00,9181.08,10360.77,10456.77,9171.08,15,84,84,15,62970.15,62965.65,,
2026-08-15T23:08:10+08:00,btc-updown-5m-1786806300,https://polymarket.com/zh/event/btc-updown-5m-1786806300,23:05-23:10,15.00,86.00,14.00,85.00,372.38,59.37,100.61,377.38,14.50,85.50,1.00,1.00,9181.08,11416.76,11416.76,9176.08,14,85,85,14,62970.15,62965.65,,
2026-08-15T23:08:12+08:00,btc-updown-5m-1786806300,https://polymarket.com/zh/event/btc-updown-5m-1786806300,23:05-23:10,15.00,86.00,14.00,85.00,321.59,86.12,86.12,321.59,14.50,85.50,1.00,1.00,9181.08,11108.76,11212.76,9176.08,14,85,85,14,62970.15,62965.65,,
2026-08-15T23:08:15+08:00,btc-updown-5m-1786806300,https://polymarket.com/zh/event/btc-updown-5m-1786806300,23:05-23:10,14.00,87.00,13.00,86.00,314.20,77.00,5.00,307.05,13.50,86.50,1.00,1.00,9160.08,11112.76,11662.76,9139.08,13,86,86,13,62970.15,62965.65,,
2026-08-15T23:08:17+08:00,btc-updown-5m-1786806300,https://polymarket.com/zh/event/btc-updown-5m-1786806300,23:05-23:10,12.00,89.00,11.00,88.00,360.27,123.95,123.95,360.27,11.50,88.50,1.00,1.00,9072.08,11567.76,11567.76,9072.08,11,88,88,11,62970.15,62965.65,,
2026-08-15T23:08:19+08:00,btc-updown-5m-1786806300,https://polymarket.com/zh/event/btc-updown-5m-1786806300,23:05-23:10,12.00,89.00,11.00,88.00,256.99,98.82,103.82,264.30,11.50,88.50,1.00,1.00,9066.08,11671.77,11571.77,9071.08,11,88,88,11,62970.15,62965.65,,
2026-08-15T23:08:22+08:00,btc-updown-5m-1786806300,https://polymarket.com/zh/event/btc-updown-5m-1786806300,23:05-23:10,12.00,89.00,11.00,88.00,254.06,85.07,85.12,254.06,11.50,88.50,1.00,1.00,9060.08,11661.76,11116.76,9048.68,11,88,88,11,62970.15,62965.64,,
2026-08-15T23:08:24+08:00,btc-updown-5m-1786806300,https://polymarket.com/zh/event/btc-updown-5m-1786806300,23:05-23:10,12.00,89.00,11.00,88.00,272.06,41.24,41.24,294.06,11.50,88.50,1.00,1.00,9030.08,11231.76,11116.76,9363.83,11,88,88,11,62970.15,62965.64,,
2026-08-15T23:08:26+08:00,btc-updown-5m-1786806300,https://polymarket.com/zh/event/btc-updown-5m-1786806300,23:05-23:10,11.00,90.00,10.00,89.00,340.66,81.32,81.32,314.56,10.50,89.50,1.00,1.00,9126.47,11672.00,11566.76,8902.72,10,89,89,10,62970.15,62965.63,,
2026-08-15T23:08:29+08:00,btc-updown-5m-1786806300,https://polymarket.com/zh/event/btc-updown-5m-1786806300,23:05-23:10,11.00,90.00,10.00,89.00,111.00,154.94,71.94,96.00,10.50,89.50,1.00,1.00,8414.26,11549.76,11219.76,8404.26,10,89,89,10,62970.15,62965.63,,
2026-08-15T23:08:31+08:00,btc-updown-5m-1786806300,https://polymarket.com/zh/event/btc-updown-5m-1786806300,23:05-23:10,11.00,91.00,10.00,90.00,77.67,102.00,115.41,166.73,10.50,90.50,1.00,1.00,8441.11,11089.81,11089.76,8433.11,10,89,90,9,62970.15,62965.64,,
2026-08-15T23:08:34+08:00,btc-updown-5m-1786806300,https://polymarket.com/zh/event/btc-updown-5m-1786806300,23:05-23:10,12.00,89.00,11.00,88.00,211.88,150.87,152.00,211.88,11.50,88.50,1.00,1.00,8496.11,11374.76,11267.76,8496.11,11,88,88,11,62970.15,62965.64,,
2026-08-15T23:08:36+08:00,btc-updown-5m-1786806300,https://polymarket.com/zh/event/btc-updown-5m-1786806300,23:05-23:10,7.00,93.00,6.00,92.00,31.71,287.38,243.76,70.00,6.50,92.50,1.00,1.00,8561.11,11593.76,11263.81,8482.11,6,93,92,7,62970.15,62965.64,,
2026-08-15T23:08:39+08:00,btc-updown-5m-1786806300,https://polymarket.com/zh/event/btc-updown-5m-1786806300,23:05-23:10,8.00,93.00,7.00,92.00,174.03,52.00,130.15,174.03,7.50,92.50,1.00,1.00,8121.41,10191.10,10286.10,8171.41,7,92,92,7,62970.15,62965.63,,
2026-08-15T23:08:41+08:00,btc-updown-5m-1786806300,https://polymarket.com/zh/event/btc-updown-5m-1786806300,23:05-23:10,7.00,94.00,6.00,93.00,316.43,103.90,103.90,316.43,6.50,93.50,1.00,1.00,8232.23,9587.77,9493.77,8232.23,6,93,93,6,62970.15,62965.64,,
2026-08-15T23:08:43+08:00,btc-updown-5m-1786806300,https://polymarket.com/zh/event/btc-updown-5m-1786806300,23:05-23:10,6.00,95.00,5.00,94.00,23.59,380.61,331.89,33.59,5.50,94.50,1.00,1.00,8273.78,9072.77,8947.77,8372.50,5,94,94,5,62970.15,62965.64,,
2026-08-15T23:08:46+08:00,btc-updown-5m-1786806300,https://polymarket.com/zh/event/btc-updown-5m-1786806300,23:05-23:10,6.00,95.00,5.00,94.00,120.91,79.47,90.00,30.34,5.50,94.50,1.00,1.00,8042.14,9452.78,9352.78,8036.61,5,94,94,5,62970.15,62965.64,,
2026-08-15T23:08:48+08:00,btc-updown-5m-1786806300,https://polymarket.com/zh/event/btc-updown-5m-1786806300,23:05-23:10,7.00,94.00,6.00,93.00,265.94,84.00,84.00,315.94,6.50,93.50,1.00,1.00,7651.84,9467.78,9367.78,7643.84,6,93,93,6,62970.15,62965.64,,
2026-08-15T23:08:51+08:00,btc-updown-5m-1786806300,https://polymarket.com/zh/event/btc-updown-5m-1786806300,23:05-23:10,7.00,94.00,6.00,93.00,332.73,10.00,10.00,332.73,6.50,93.50,1.00,1.00,7653.84,9108.77,9208.77,7658.84,5,93,93,5,62970.15,62965.63,,
2026-08-15T23:08:53+08:00,btc-updown-5m-1786806300,https://polymarket.com/zh/event/btc-updown-5m-1786806300,23:05-23:10,5.00,96.00,4.00,95.00,142.43,110.06,111.11,167.69,4.50,95.50,1.00,1.00,7530.95,9223.77,9133.77,7594.65,4,95,95,4,62970.15,62965.64,,
2026-08-15T23:08:55+08:00,btc-updown-5m-1786806300,https://polymarket.com/zh/event/btc-updown-5m-1786806300,23:05-23:10,6.00,95.00,5.00,94.00,40.00,276.12,200.76,21.00,5.50,94.50,1.00,1.00,6820.97,8186.78,8181.78,6862.33,5,94,94,5,62970.15,62965.64,,
2026-08-15T23:08:58+08:00,btc-updown-5m-1786806300,https://polymarket.com/zh/event/btc-updown-5m-1786806300,23:05-23:10,8.00,93.00,7.00,92.00,189.66,135.18,130.18,179.66,7.50,92.50,1.00,1.00,6592.07,8187.83,8087.78,6666.07,7,92,92,6,62970.15,62965.64,,
2026-08-15T23:09:00+08:00,btc-updown-5m-1786806300,https://polymarket.com/zh/event/btc-updown-5m-1786806300,23:05-23:10,4.00,97.00,3.00,96.00,744.58,208.79,256.05,764.58,3.50,96.50,1.00,1.00,6549.08,8453.78,8569.78,2501.82,3,96,96,3,62970.15,62965.64,,
2026-08-15T23:09:03+08:00,btc-updown-5m-1786806300,https://polymarket.com/zh/event/btc-updown-5m-1786806300,23:05-23:10,4.00,97.00,3.00,96.00,351.36,12.37,12.37,460.36,3.50,96.50,1.00,1.00,2083.40,8443.78,8454.83,2133.40,3,96,96,3,62970.15,62965.64,,
2026-08-15T23:09:05+08:00,btc-updown-5m-1786806300,https://polymarket.com/zh/event/btc-updown-5m-1786806300,23:05-23:10,2.00,99.00,1.00,98.00,402.56,1830.03,1829.05,407.56,1.50,98.50,1.00,1.00,1829.05,8379.96,8385.96,1830.03,1,98,98,1,62970.15,62964.59,,
2026-08-15T23:09:08+08:00,btc-updown-5m-1786806300,https://polymarket.com/zh/event/btc-updown-5m-1786806300,23:05-23:10,2.00,99.00,1.00,98.00,110.54,1823.04,1818.04,130.54,1.50,98.50,1.00,1.00,1818.04,8020.96,7910.96,1823.04,1,98,98,1,62970.15,62964.60,,
2026-08-15T23:09:10+08:00,btc-updown-5m-1786806300,https://polymarket.com/zh/event/btc-updown-5m-1786806300,23:05-23:10,2.00,99.00,1.00,98.00,474.09,1751.48,1746.48,474.09,1.50,98.50,1.00,1.00,1746.48,7894.96,8006.96,1751.48,1,98,98,1,62970.15,62964.59,,
2026-08-15T23:09:12+08:00,btc-updown-5m-1786806300,https://polymarket.com/zh/event/btc-updown-5m-1786806300,23:05-23:10,2.00,99.00,1.00,98.00,25.94,1564.66,1564.66,15.89,1.50,98.50,1.00,1.00,1564.66,7900.96,8000.96,1564.66,1,98,98,1,62970.15,62964.60,,
2026-08-15T23:09:15+08:00,btc-updown-5m-1786806300,https://polymarket.com/zh/event/btc-updown-5m-1786806300,23:05-23:10,4.00,97.00,3.00,96.00,97.57,10.00,60.82,323.66,3.50,96.50,1.00,1.00,1679.29,7999.96,7900.01,1684.47,3,96,96,3,62970.15,62964.60,,
2026-08-15T23:09:17+08:00,btc-updown-5m-1786806300,https://polymarket.com/zh/event/btc-updown-5m-1786806300,23:05-23:10,2.00,99.00,1.00,98.00,23.00,1162.69,1169.83,19.12,1.50,98.50,1.00,1.00,1169.83,8230.96,8330.96,1162.69,1,98,98,1,62970.15,62964.60,,
2026-08-15T23:09:20+08:00,btc-updown-5m-1786806300,https://polymarket.com/zh/event/btc-updown-5m-1786806300,23:05-23:10,2.00,99.00,1.00,98.00,37.25,1131.91,1131.91,37.25,1.50,98.50,1.00,1.00,1131.91,8244.96,8344.96,1131.91,1,98,98,1,62970.15,62964.60,,
2026-08-15T23:09:22+08:00,btc-updown-5m-1786806300,https://polymarket.com/zh/event/btc-updown-5m-1786806300,23:05-23:10,3.00,98.00,2.00,97.00,194.59,47.91,47.91,194.59,2.50,97.50,1.00,1.00,1073.74,8354.96,8364.97,1073.74,2,97,97,2,62970.15,62964.60,,
2026-08-15T23:09:25+08:00,btc-updown-5m-1786806300,https://polymarket.com/zh/event/btc-updown-5m-1786806300,23:05-23:10,2.00,99.00,1.00,98.00,45.00,1059.50,1059.50,45.00,1.50,98.50,1.00,1.00,1059.50,7750.96,7906.96,1059.50,1,98,98,1,62970.15,62964.59,,
2026-08-15T23:09:27+08:00,btc-updown-5m-1786806300,https://polymarket.com/zh/event/btc-updown-5m-1786806300,23:05-23:10,2.00,99.00,1.00,98.00,229.79,913.38,913.38,222.00,1.50,98.50,1.00,1.00,913.38,8130.96,8139.96,913.38,1,98,98,1,62970.15,62964.59,,
2026-08-15T23:09:29+08:00,btc-updown-5m-1786806300,https://polymarket.com/zh/event/btc-updown-5m-1786806300,23:05-23:10,2.00,99.00,1.00,98.00,167.93,697.30,828.61,167.93,1.50,98.50,1.00,1.00,828.61,7819.96,7824.97,697.30,1,98,98,1,62970.15,62964.59,,
2026-08-15T23:09:32+08:00,btc-updown-5m-1786806300,https://polymarket.com/zh/event/btc-updown-5m-1786806300,23:05-23:10,1.00,,,99.00,2617.22,,,2920.22,,,,,,3343.46,3342.46,,0,99,99,0,62970.15,62964.59,,
2026-08-15T23:09:34+08:00,btc-updown-5m-1786806300,https://polymarket.com/zh/event/btc-updown-5m-1786806300,23:05-23:10,1.00,,,99.00,3175.53,,,3175.53,,,,,,2917.46,2917.46,,0,99,99,0,62970.15,62964.60,,
2026-08-15T23:09:36+08:00,btc-updown-5m-1786806300,https://polymarket.com/zh/event/btc-updown-5m-1786806300,23:05-23:10,1.00,,,99.00,3204.38,,,3199.52,,,,,,2917.46,2917.46,,0,99,99,0,62970.15,62964.60,,
2026-08-15T23:09:39+08:00,btc-updown-5m-1786806300,https://polymarket.com/zh/event/btc-updown-5m-1786806300,23:05-23:10,1.00,,,99.00,3464.89,,,3464.89,,,,,,2932.46,2927.46,,0,99,99,0,62970.15,62964.60,,
2026-08-15T23:09:41+08:00,btc-updown-5m-1786806300,https://polymarket.com/zh/event/btc-updown-5m-1786806300,23:05-23:10,1.00,,,99.00,6754.53,,,6754.53,,,,,,2907.44,2907.44,,0,99,99,0,62970.15,62964.60,,
2026-08-15T23:09:44+08:00,btc-updown-5m-1786806300,https://polymarket.com/zh/event/btc-updown-5m-1786806300,23:05-23:10,1.00,,,99.00,8787.59,,,8787.59,,,,,,2923.44,2917.44,,0,99,99,0,62970.15,62965.85,,
2026-08-15T23:09:46+08:00,btc-updown-5m-1786806300,https://polymarket.com/zh/event/btc-updown-5m-1786806300,23:05-23:10,1.00,,,99.00,13211.60,,,13211.60,,,,,,2918.44,2918.44,,0,99,99,0,62970.15,62965.84,,
2026-08-15T23:09:48+08:00,btc-updown-5m-1786806300,https://polymarket.com/zh/event/btc-updown-5m-1786806300,23:05-23:10,1.00,,,99.00,13232.02,,,13232.02,,,,,,2903.44,2903.44,,0,99,99,0,62970.15,62965.84,,
2026-08-15T23:09:51+08:00,btc-updown-5m-1786806300,https://polymarket.com/zh/event/btc-updown-5m-1786806300,23:05-23:10,1.00,,,99.00,13352.67,,,13352.67,,,,,,2973.44,2857.44,,0,99,99,0,62970.15,62965.84,,
2026-08-15T23:09:53+08:00,btc-updown-5m-1786806300,https://polymarket.com/zh/event/btc-updown-5m-1786806300,23:05-23:10,1.00,,,99.00,19500.67,,,19494.28,,,,,,2872.44,2863.44,,0,99,99,0,62970.15,62964.00,,
2026-08-15T23:09:56+08:00,btc-updown-5m-1786806300,https://polymarket.com/zh/event/btc-updown-5m-1786806300,23:05-23:10,1.00,,,99.00,21295.17,,,21295.17,,,,,,2868.44,2868.44,,0,99,99,0,62970.15,62964.00,,
2026-08-15T23:09:58+08:00,btc-updown-5m-1786806300,https://polymarket.com/zh/event/btc-updown-5m-1786806300,23:05-23:10,1.00,,,99.00,23877.09,,,23877.09,,,,,,2442.44,2437.44,,0,99,99,0,62970.15,62964.01,,
2026-08-15T23:10:01+08:00,btc-updown-5m-1786806600,https://polymarket.com/zh/event/btc-updown-5m-1786806600,23:10-23:15,33.00,62.00,32.00,61.00,5.00,5.00,249.59,149.95,32.50,61.50,1.00,1.00,132573.02,132719.34,132869.34,132553.02,31,42,41,34,62964.01,62964.01,,
2026-08-15T23:10:03+08:00,btc-updown-5m-1786806600,https://polymarket.com/zh/event/btc-updown-5m-1786806600,23:10-23:15,47.00,54.00,46.00,53.00,215.01,149.00,144.00,205.01,46.50,53.50,1.00,1.00,13093.02,12459.35,12579.35,13138.02,46,53,53,46,62964.01,62964.01,,
2026-08-15T23:10:05+08:00,btc-updown-5m-1786806600,https://polymarket.com/zh/event/btc-updown-5m-1786806600,23:10-23:15,47.00,54.00,46.00,53.00,146.33,76.04,86.04,176.33,46.50,53.50,1.00,1.00,13202.02,12871.34,12856.34,13187.02,46,53,53,46,62964.01,62964.01,,
2026-08-15T23:10:08+08:00,btc-updown-5m-1786806600,https://polymarket.com/zh/event/btc-updown-5m-1786806600,23:10-23:15,48.00,53.00,47.00,52.00,264.58,70.53,70.53,264.58,47.50,52.50,1.00,1.00,12447.02,12578.34,12588.34,10472.02,47,52,52,47,62964.01,62964.00,,
2026-08-15T23:10:10+08:00,btc-updown-5m-1786806600,https://polymarket.com/zh/event/btc-updown-5m-1786806600,23:10-23:15,48.00,53.00,47.00,52.00,274.36,162.58,162.58,88.43,47.50,52.50,1.00,1.00,10212.02,11089.98,10239.98,10257.02,47,52,52,47,62964.01,62964.01,,
2026-08-15T23:10:12+08:00,btc-updown-5m-1786806600,https://polymarket.com/zh/event/btc-updown-5m-1786806600,23:10-23:15,49.00,52.00,48.00,51.00,259.63,167.80,167.80,251.46,48.50,51.50,1.00,1.00,12135.39,10822.48,10922.48,12388.72,48,51,51,48,62964.01,62964.01,,
2026-08-15T23:10:15+08:00,btc-updown-5m-1786806600,https://polymarket.com/zh/event/btc-updown-5m-1786806600,23:10-23:15,49.00,52.00,48.00,51.00,207.81,72.79,72.79,207.81,48.50,51.50,1.00,1.00,12398.72,10912.48,10817.48,12398.72,48,51,51,48,62964.01,62964.01,,
2026-08-15T23:10:17+08:00,btc-updown-5m-1786806600,https://polymarket.com/zh/event/btc-updown-5m-1786806600,23:10-23:15,48.00,53.00,47.00,52.00,356.60,29.42,48.29,366.60,47.50,52.50,1.00,1.00,12858.72,10832.48,11180.08,13106.32,47,52,52,47,62964.01,62964.00,,
2026-08-15T23:10:20+08:00,btc-updown-5m-1786806600,https://polymarket.com/zh/event/btc-updown-5m-1786806600,23:10-23:15,47.00,54.00,46.00,53.00,350.20,12.00,112.85,365.20,46.50,53.50,1.00,1.00,12740.71,10719.48,10469.48,10365.72,46,53,53,46,62964.01,62964.01,,
2026-08-15T23:10:22+08:00,btc-updown-5m-1786806600,https://polymarket.com/zh/event/btc-updown-5m-1786806600,23:10-23:15,47.00,54.00,46.00,53.00,297.08,115.71,117.57,303.37,46.50,53.50,1.00,1.00,11265.71,8789.47,8899.47,11275.71,46,53,53,46,62964.01,62964.00,,
2026-08-15T23:10:25+08:00,btc-updown-5m-1786806600,https://polymarket.com/zh/event/btc-updown-5m-1786806600,23:10-23:15,47.00,54.00,46.00,53.00,368.51,291.10,107.35,340.08,46.50,53.50,1.00,1.00,10575.71,8649.47,8549.47,10580.71,46,53,53,46,62964.01,62964.00,,
2026-08-15T23:10:27+08:00,btc-updown-5m-1786806600,https://polymarket.com/zh/event/btc-updown-5m-1786806600,23:10-23:15,49.00,52.00,48.00,51.00,39.95,239.22,283.16,157.21,48.50,51.50,1.00,1.00,10775.71,8267.47,8357.47,10760.71,48,51,51,48,62964.01,62964.00,,
2026-08-15T23:10:29+08:00,btc-updown-5m-1786806600,https://polymarket.com/zh/event/btc-updown-5m-1786806600,23:10-23:15,47.00,54.00,46.00,53.00,20.00,270.46,270.46,19.95,46.50,53.50,1.00,1.00,10080.71,8588.47,8486.47,10070.71,46,53,53,46,62964.01,62964.01,,
2026-08-15T23:10:32+08:00,btc-updown-5m-1786806600,https://polymarket.com/zh/event/btc-updown-5m-1786806600,23:10-23:15,48.00,53.00,47.00,52.00,141.10,154.05,90.12,204.73,47.50,52.50,1.00,1.00,9755.71,7696.47,7716.52,9765.71,47,52,52,47,62964.01,62964.00,,
2026-08-15T23:10:34+08:00,btc-updown-5m-1786806600,https://polymarket.com/zh/event/btc-updown-5m-1786806600,23:10-23:15,49.00,52.00,48.00,51.00,316.35,80.42,85.42,311.35,48.50,51.50,1.00,1.00,9510.71,7556.47,7461.47,9515.71,48,51,51,48,62964.01,62964.00,,
2026-08-15T23:10:36+08:00,btc-updown-5m-1786806600,https://polymarket.com/zh/event/btc-updown-5m-1786806600,23:10-23:15,49.00,52.00,48.00,51.00,317.30,35.64,35.69,318.44,48.50,51.50,1.00,1.00,9485.71,7446.47,7531.47,9485.71,48,51,51,48,62964.01,62964.00,,
2026-08-15T23:10:39+08:00,btc-updown-5m-1786806600,https://polymarket.com/zh/event/btc-updown-5m-1786806600,23:10-23:15,48.00,53.00,47.00,52.00,399.57,30.90,30.90,308.57,47.50,52.50,1.00,1.00,9935.71,7392.48,7497.47,9950.71,47,52,52,47,62964.01,62964.00,,
2026-08-15T23:10:41+08:00,btc-updown-5m-1786806600,https://polymarket.com/zh/event/btc-updown-5m-1786806600,23:10-23:15,48.00,53.00,47.00,52.00,173.50,98.08,98.08,166.72,47.50,52.50,1.00,1.00,9850.71,7074.47,6984.47,9855.71,47,52,52,47,62964.01,62963.74,,
2026-08-15T23:10:44+08:00,btc-updown-5m-1786806600,https://polymarket.com/zh/event/btc-updown-5m-1786806600,23:10-23:15,47.00,54.00,46.00,53.00,15.40,464.61,464.61,10.40,46.50,53.50,1.00,1.00,9410.71,7094.48,7084.48,9405.71,46,53,53,46,62964.01,62963.74,,
2026-08-15T23:10:46+08:00,btc-updown-5m-1786806600,https://polymarket.com/zh/event/btc-updown-5m-1786806600,23:10-23:15,49.00,52.00,48.00,51.00,100.96,278.89,288.51,100.96,48.50,51.50,1.00,1.00,9865.71,7439.47,7424.47,9850.71,48,51,51,48,62964.01,62963.73,,
2026-08-15T23:10:48+08:00,btc-updown-5m-1786806600,https://polymarket.com/zh/event/btc-updown-5m-1786806600,23:10-23:15,49.00,52.00,48.00,51.00,10.40,387.68,387.68,5.35,48.50,51.50,1.00,1.00,9850.71,6979.52,7084.47,9855.71,48,51,51,48,62964.01,62963.74,,
2026-08-15T23:10:51+08:00,btc-updown-5m-1786806600,https://polymarket.com/zh/event/btc-updown-5m-1786806600,23:10-23:15,50.00,52.00,49.00,51.00,466.72,85.00,10.00,318.99,49.50,51.50,1.00,1.00,9444.71,7068.47,6968.47,9444.71,49,50,51,48,62964.01,62963.74,,
2026-08-15T23:10:53+08:00,btc-updown-5m-1786806600,https://polymarket.com/zh/event/btc-updown-5m-1786806600,23:10-23:15,49.00,52.00,48.00,51.00,15.40,412.02,490.97,12.69,48.50,51.50,1.00,1.00,9879.71,7398.47,7058.52,9864.71,48,51,51,48,62964.01,62963.74,,
2026-08-15T23:10:55+08:00,btc-updown-5m-1786806600,https://polymarket.com/zh/event/btc-updown-5m-1786806600,23:10-23:15,49.00,52.00,48.00,51.00,15.40,404.24,414.24,20.35,48.50,51.50,1.00,1.00,9634.71,6739.47,6829.47,9624.71,48,51,51,48,62964.01,62963.73,,
2026-08-15T23:10:58+08:00,btc-updown-5m-1786806600,https://polymarket.com/zh/event/btc-updown-5m-1786806600,23:10-23:15,50.00,51.00,49.00,50.00,57.35,498.24,498.24,62.35,49.50,50.50,1.00,1.00,9400.50,6983.48,6952.48,9389.71,49,50,50,49,62964.01,62963.74,,
2026-08-15T23:11:00+08:00,btc-updown-5m-1786806600,https://polymarket.com/zh/event/btc-updown-5m-1786806600,23:10-23:15,50.00,51.00,49.00,50.00,105.25,355.41,305.84,48.25,49.50,50.50,1.00,1.00,13344.71,10988.47,10653.47,13114.71,49,50,50,49,62964.01,62963.74,,
2026-08-15T23:11:02+08:00,btc-updown-5m-1786806600,https://polymarket.com/zh/event/btc-updown-5m-1786806600,23:10-23:15,50.00,51.00,49.00,50.00,91.40,350.12,340.12,91.35,49.50,50.50,1.00,1.00,12864.71,10503.47,10403.47,12879.71,49,50,50,49,62964.01,62963.74,,
2026-08-15T23:11:05+08:00,btc-updown-5m-1786806600,https://polymarket.com/zh/event/btc-updown-5m-1786806600,23:10-23:15,50.00,51.00,49.00,50.00,45.28,427.65,427.65,45.28,49.50,50.50,1.00,1.00,12864.71,10058.47,9974.47,12879.71,49,50,50,49,62964.01,62963.74,,
2026-08-15T23:11:07+08:00,btc-updown-5m-1786806600,https://polymarket.com/zh/event/btc-updown-5m-1786806600,23:10-23:15,50.00,51.00,49.00,50.00,35.33,348.66,348.66,35.33,49.50,50.50,1.00,1.00,11656.71,9501.47,9605.47,11656.71,49,50,50,49,62964.01,62964.01,,
2026-08-15T23:11:10+08:00,btc-updown-5m-1786806600,https://polymarket.com/zh/event/btc-updown-5m-1786806600,23:10-23:15,50.00,51.00,49.00,50.00,454.22,3.55,3.60,454.22,49.50,50.50,1.00,1.00,11826.71,9826.47,9805.47,11816.71,49,50,50,49,62964.01,62964.01,,
2026-08-15T23:11:12+08:00,btc-updown-5m-1786806600,https://polymarket.com/zh/event/btc-updown-5m-1786806600,23:10-23:15,50.00,51.00,49.00,50.00,454.22,98.45,86.45,370.22,49.50,50.50,1.00,1.00,11724.71,9708.47,9713.47,11729.71,49,50,50,49,62964.01,62964.01,,
2026-08-15T23:11:14+08:00,btc-updown-5m-1786806600,https://polymarket.com/zh/event/btc-updown-5m-1786806600,23:10-23:15,50.00,51.00,49.00,50.00,10.40,141.66,166.15,22.35,49.50,50.50,1.00,1.00,11734.71,9379.47,9258.47,11719.71,49,50,50,49,62964.01,62964.01,,
2026-08-15T23:11:17+08:00,btc-updown-5m-1786806600,https://polymarket.com/zh/event/btc-updown-5m-1786806600,23:10-23:15,49.00,52.00,48.00,51.00,145.01,37.00,47.00,125.01,48.50,51.50,1.00,1.00,11646.71,9090.47,9200.47,11656.71,48,51,51,48,62964.01,62965.26,,
2026-08-15T23:11:19+08:00,btc-updown-5m-1786806600,https://polymarket.com/zh/event/btc-updown-5m-1786806600,23:10-23:15,51.00,50.00,50.00,49.00,119.11,376.22,376.22,124.11,50.50,49.50,1.00,1.00,12617.50,9295.47,9300.47,12427.50,50,49,49,50,62964.01,62964.00,,
2026-08-15T23:11:22+08:00,btc-updown-5m-1786806600,https://polymarket.com/zh/event/btc-updown-5m-1786806600,23:10-23:15,51.00,50.00,50.00,49.00,117.09,400.59,400.59,117.04,50.50,49.50,1.00,1.00,12012.50,9285.47,9310.47,12017.50,50,49,49,50,62964.01,62964.01,,
2026-08-15T23:11:24+08:00,btc-updown-5m-1786806600,https://polymarket.com/zh/event/btc-updown-5m-1786806600,23:10-23:15,54.00,46.00,53.00,44.00,10.00,544.33,133.33,28.89,53.50,45.00,1.00,2.00,12147.51,9311.52,9301.52,12012.51,53,46,41,54,62964.01,62964.03,,
2026-08-15T23:11:26+08:00,btc-updown-5m-1786806600,https://polymarket.com/zh/event/btc-updown-5m-1786806600,23:10-23:15,65.00,36.00,64.00,35.00,27.63,558.96,534.21,22.63,64.50,35.50,1.00,1.00,11922.50,11849.46,11819.46,12018.38,64,35,35,64,62964.01,62969.98,,
2026-08-15T23:11:29+08:00,btc-updown-5m-1786806600,https://polymarket.com/zh/event/btc-updown-5m-1786806600,23:10-23:15,65.00,36.00,64.00,35.00,259.65,219.91,151.39,123.02,64.50,35.50,1.00,1.00,12002.50,11996.96,12086.96,12912.50,64,35,35,64,62964.01,62969.99,,
2026-08-15T23:11:31+08:00,btc-updown-5m-1786806600,https://polymarket.com/zh/event/btc-updown-5m-1786806600,23:10-23:15,74.00,29.00,73.00,28.00,129.40,59.37,57.67,35.00,73.50,28.50,1.00,1.00,12182.50,12612.46,12577.46,12577.50,73,26,26,71,62964.01,62972.33,,
2026-08-15T23:11:34+08:00,btc-updown-5m-1786806600,https://polymarket.com/zh/event/btc-updown-5m-1786806600,23:10-23:15,75.00,25.00,73.00,24.00,34.76,261.99,124.63,124.00,74.00,24.50,2.00,1.00,12145.00,12711.46,12650.46,12150.00,73,25,24,75,62964.01,62973.47,,
2026-08-15T23:11:36+08:00,btc-updown-5m-1786806600,https://polymarket.com/zh/event/btc-updown-5m-1786806600,23:10-23:15,76.00,26.00,75.00,25.00,91.95,65.00,228.98,309.31,75.50,25.50,1.00,1.00,12630.00,12665.46,12915.46,12530.00,75,24,25,74,62964.01,62973.48,,
2026-08-15T23:11:38+08:00,btc-updown-5m-1786806600,https://polymarket.com/zh/event/btc-updown-5m-1786806600,23:10-23:15,72.00,30.00,71.00,29.00,360.06,89.00,17.22,276.62,71.50,29.50,1.00,1.00,12630.00,12856.46,12831.46,12330.00,71,28,29,70,62964.01,62973.47,,
2026-08-15T23:11:41+08:00,btc-updown-5m-1786806600,https://polymarket.com/zh/event/btc-updown-5m-1786806600,23:10-23:15,70.00,31.00,69.00,30.00,12.00,447.94,331.49,55.00,69.50,30.50,1.00,1.00,12335.01,12986.46,12966.46,12625.00,69,30,29,69,62964.01,62972.97,,
2026-08-15T23:11:43+08:00,btc-updown-5m-1786806600,https://polymarket.com/zh/event/btc-updown-5m-1786806600,23:10-23:15,71.00,30.00,70.00,29.00,15.84,460.82,480.82,15.84,70.50,29.50,1.00,1.00,12220.00,13115.46,13110.46,12120.00,70,26,26,70,62964.01,62971.89,,
2026-08-15T23:11:45+08:00,btc-updown-5m-1786806600,https://polymarket.com/zh/event/btc-updown-5m-1786806600,23:10-23:15,74.00,27.00,73.00,26.00,253.14,12.96,2.96,248.14,73.50,26.50,1.00,1.00,12735.00,12876.46,12876.46,12635.00,73,26,26,73,62964.01,62971.90,,
2026-08-15T23:11:48+08:00,btc-updown-5m-1786806600,https://polymarket.com/zh/event/btc-updown-5m-1786806600,23:10-23:15,72.00,29.00,71.00,28.00,317.23,92.55,37.60,222.12,71.50,28.50,1.00,1.00,12735.00,12886.46,12881.46,13230.00,71,28,28,71,62964.01,62971.90,,
2026-08-15T23:11:50+08:00,btc-updown-5m-1786806600,https://polymarket.com/zh/event/btc-updown-5m-1786806600,23:10-23:15,73.00,28.00,72.00,27.00,29.81,48.06,60.96,29.81,72.50,27.50,1.00,1.00,12635.00,12881.46,12886.46,13230.00,72,27,27,72,62964.01,62971.90,,
2026-08-15T23:11:53+08:00,btc-updown-5m-1786806600,https://polymarket.com/zh/event/btc-updown-5m-1786806600,23:10-23:15,73.00,28.00,72.00,27.00,5.00,360.33,360.33,5.00,72.50,27.50,1.00,1.00,13270.01,12871.46,12871.46,12675.01,72,27,27,72,62964.01,62973.07,,
2026-08-15T23:11:55+08:00,btc-updown-5m-1786806600,https://polymarket.com/zh/event/btc-updown-5m-1786806600,23:10-23:15,74.00,27.00,73.00,26.00,71.48,220.69,220.69,71.48,73.50,26.50,1.00,1.00,12755.00,12871.46,12871.46,12655.00,73,26,26,73,62964.01,62971.70,,
2026-08-15T23:11:57+08:00,btc-updown-5m-1786806600,https://polymarket.com/zh/event/btc-updown-5m-1786806600,23:10-23:15,74.00,27.00,73.00,26.00,348.88,20.00,20.00,348.88,73.50,26.50,1.00,1.00,12251.01,12881.46,12901.46,11801.01,73,26,26,73,62964.01,62970.92,,
2026-08-15T23:12:00+08:00,btc-updown-5m-1786806600,https://polymarket.com/zh/event/btc-updown-5m-1786806600,23:10-23:15,74.00,27.00,73.00,26.00,344.80,28.10,33.15,344.80,73.50,26.50,1.00,1.00,12696.01,12871.46,12831.46,12086.00,73,26,26,73,62964.01,62970.91,,
2026-08-15T23:12:02+08:00,btc-updown-5m-1786806600,https://polymarket.com/zh/event/btc-updown-5m-1786806600,23:10-23:15,69.00,32.00,68.00,31.00,132.20,40.06,26.62,81.70,68.50,31.50,1.00,1.00,12186.00,12887.46,13022.46,12591.00,68,31,31,68,62964.01,62970.92,,
2026-08-15T23:12:04+08:00,btc-updown-5m-1786806600,https://polymarket.com/zh/event/btc-updown-5m-1786806600,23:10-23:15,71.00,30.00,70.00,29.00,119.59,335.56,340.53,124.59,70.50,29.50,1.00,1.00,12186.00,13237.46,13162.46,12081.00,70,29,29,70,62964.01,62970.92,,
2026-08-15T23:12:07+08:00,btc-updown-5m-1786806600,https://polymarket.com/zh/event/btc-updown-5m-1786806600,23:10-23:15,70.00,31.00,69.00,30.00,19.28,16.35,55.00,47.29,69.50,30.50,1.00,1.00,12086.00,12592.46,12592.46,12196.00,69,30,30,69,62964.01,62970.92,,
2026-08-15T23:12:09+08:00,btc-updown-5m-1786806600,https://polymarket.com/zh/event/btc-updown-5m-1786806600,23:10-23:15,70.00,31.00,69.00,30.00,84.16,139.01,139.01,84.16,69.50,30.50,1.00,1.00,12191.00,12567.46,12557.46,12196.00,69,30,30,69,62964.01,62971.39,,
2026-08-15T23:12:12+08:00,btc-updown-5m-1786806600,https://polymarket.com/zh/event/btc-updown-5m-1786806600,23:10-23:15,70.00,31.00,69.00,30.00,37.80,273.17,273.17,33.51,69.50,30.50,1.00,1.00,12666.00,12582.46,12587.46,12566.00,69,30,30,69,62964.01,62971.40,,
2026-08-15T23:12:14+08:00,btc-updown-5m-1786806600,https://polymarket.com/zh/event/btc-updown-5m-1786806600,23:10-23:15,70.00,31.00,69.00,30.00,62.63,225.84,220.10,16.24,69.50,30.50,1.00,1.00,12166.01,12588.46,12573.46,12171.01,69,30,30,69,62964.01,62971.39,,
2026-08-15T23:12:16+08:00,btc-updown-5m-1786806600,https://polymarket.com/zh/event/btc-updown-5m-1786806600,23:10-23:15,71.00,30.00,70.00,29.00,99.43,82.00,48.99,99.43,70.50,29.50,1.00,1.00,12561.00,12498.46,12493.46,12666.00,70,29,29,70,62964.01,62971.39,,
2026-08-15T23:12:19+08:00,btc-updown-5m-1786806600,https://polymarket.com/zh/event/btc-updown-5m-1786806600,23:10-23:15,70.00,29.00,69.00,28.00,106.73,35.00,34.91,134.88,69.50,28.50,1.00,1.00,11575.67,11610.13,12333.46,12228.00,69,30,28,70,62964.01,62973.65,,
2026-08-15T23:12:21+08:00,btc-updown-5m-1786806600,https://polymarket.com/zh/event/btc-updown-5m-1786806600,23:10-23:15,68.00,33.00,67.00,32.00,87.64,197.81,197.81,87.64,67.50,32.50,1.00,1.00,13263.00,13053.46,13043.46,12788.00,67,32,32,67,62964.01,62973.65,,
2026-08-15T23:12:23+08:00,btc-updown-5m-1786806600,https://polymarket.com/zh/event/btc-updown-5m-1786806600,23:10-23:15,68.00,30.00,67.00,29.00,35.82,110.00,177.80,80.00,67.50,29.50,1.00,1.00,13103.00,12603.46,12333.46,13293.00,67,32,29,70,62964.01,62973.66,,
2026-08-15T23:12:26+08:00,btc-updown-5m-1786806600,https://polymarket.com/zh/event/btc-updown-5m-1786806600,23:10-23:15,72.00,29.00,71.00,28.00,27.80,74.00,79.00,20.31,71.50,28.50,1.00,1.00,12724.50,12214.46,12249.46,12814.49,71,28,28,71,62964.01,62973.66,,
2026-08-15T23:12:28+08:00,btc-updown-5m-1786806600,https://polymarket.com/zh/event/btc-updown-5m-1786806600,23:10-23:15,70.00,31.00,69.00,30.00,72.34,175.45,180.45,72.34,69.50,30.50,1.00,1.00,12809.49,12389.46,12409.46,12834.49,69,30,30,69,62964.01,62972.41,,
2026-08-15T23:12:30+08:00,btc-updown-5m-1786806600,https://polymarket.com/zh/event/btc-updown-5m-1786806600,23:10-23:15,70.00,31.00,69.00,30.00,22.49,175.45,175.45,22.49,69.50,30.50,1.00,1.00,12759.49,12399.46,12394.46,13344.49,69,29,29,69,62964.01,62972.41,,
2026-08-15T23:12:33+08:00,btc-updown-5m-1786806600,https://polymarket.com/zh/event/btc-updown-5m-1786806600,23:10-23:15,74.00,27.00,73.00,26.00,154.85,310.06,292.58,52.45,73.50,26.50,1.00,1.00,12749.50,12764.46,12769.46,12844.49,73,26,26,73,62964.01,62972.40,,
2026-08-15T23:12:35+08:00,btc-updown-5m-1786806600,https://polymarket.com/zh/event/btc-updown-5m-1786806600,23:10-23:15,73.00,28.00,72.00,27.00,317.67,8.00,8.00,317.67,72.50,27.50,1.00,1.00,13339.49,12549.46,12544.46,12744.49,72,27,27,72,62964.01,62971.16,,
2026-08-15T23:12:38+08:00,btc-updown-5m-1786806600,https://polymarket.com/zh/event/btc-updown-5m-1786806600,23:10-23:15,72.00,29.00,71.00,28.00,274.66,112.34,40.34,249.66,71.50,28.50,1.00,1.00,13344.49,10634.47,10184.47,12749.49,71,28,28,71,62964.01,62971.16,,
2026-08-15T23:12:40+08:00,btc-updown-5m-1786806600,https://polymarket.com/zh/event/btc-updown-5m-1786806600,23:10-23:15,71.00,30.00,70.00,29.00,331.95,21.84,26.61,331.95,70.50,29.50,1.00,1.00,12849.49,10544.47,10209.47,12744.49,70,29,29,70,62964.01,62971.16,,
2026-08-15T23:12:42+08:00,btc-updown-5m-1786806600,https://polymarket.com/zh/event/btc-updown-5m-1786806600,23:10-23:15,71.00,30.00,70.00,29.00,26.77,231.78,231.78,22.54,70.50,29.50,1.00,1.00,12754.49,10349.47,10354.47,12854.49,70,29,29,70,62964.01,62971.16,,
2026-08-15T23:12:45+08:00,btc-updown-5m-1786806600,https://polymarket.com/zh/event/btc-updown-5m-1786806600,23:10-23:15,74.00,27.00,73.00,26.00,253.42,5.00,5.00,305.91,73.50,26.50,1.00,1.00,12849.49,10249.47,10269.47,12399.49,72,26,26,72,62964.01,62971.16,,
2026-08-15T23:12:47+08:00,btc-updown-5m-1786806600,https://polymarket.com/zh/event/btc-updown-5m-1786806600,23:10-23:15,73.00,28.00,72.00,27.00,420.27,24.95,24.95,420.27,72.50,27.50,1.00,1.00,12304.50,10704.47,10699.47,12304.50,72,27,27,72,62964.01,62971.16,,
2026-08-15T23:12:50+08:00,btc-updown-5m-1786806600,https://polymarket.com/zh/event/btc-updown-5m-1786806600,23:10-23:15,73.00,28.00,72.00,27.00,349.32,41.27,41.27,349.32,72.50,27.50,1.00,1.00,12299.49,10694.47,10689.47,12409.50,72,27,27,72,62964.01,62971.16,,
2026-08-15T23:12:52+08:00,btc-updown-5m-1786806600,https://polymarket.com/zh/event/btc-updown-5m-1786806600,23:10-23:15,75.00,26.00,74.00,25.00,60.56,164.93,165.47,105.51,74.50,25.50,1.00,1.00,12834.49,10069.47,10558.47,13354.49,74,25,25,74,62964.01,62971.16,,
2026-08-15T23:12:55+08:00,btc-updown-5m-1786806600,https://polymarket.com/zh/event/btc-updown-5m-1786806600,23:10-23:15,75.00,26.00,74.00,25.00,63.00,266.09,293.94,68.00,74.50,25.50,1.00,1.00,13259.49,10069.47,10524.47,13254.49,74,25,25,74,62964.01,62970.26,,
2026-08-15T23:12:57+08:00,btc-updown-5m-1786806600,https://polymarket.com/zh/event/btc-updown-5m-1786806600,23:10-23:15,75.00,26.00,74.00,25.00,214.30,35.77,42.15,224.30,74.50,25.50,1.00,1.00,12849.49,10718.47,10718.47,12844.49,74,25,25,74,62964.01,62970.26,,
2026-08-15T23:12:59+08:00,btc-updown-5m-1786806600,https://polymarket.com/zh/event/btc-updown-5m-1786806600,23:10-23:15,74.00,27.00,73.00,26.00,196.90,76.09,100.15,35.00,73.50,26.50,1.00,1.00,12759.49,10919.47,10929.47,12744.49,73,26,26,73,62964.01,62970.27,,
2026-08-15T23:13:02+08:00,btc-updown-5m-1786806600,https://polymarket.com/zh/event/btc-updown-5m-1786806600,23:10-23:15,76.00,25.00,75.00,24.00,691.96,5.00,5.00,679.02,75.50,24.50,1.00,1.00,12197.40,10584.74,10422.74,12792.40,75,24,24,75,62964.01,62969.98,,
2026-08-15T23:13:04+08:00,btc-updown-5m-1786806600,https://polymarket.com/zh/event/btc-updown-5m-1786806600,23:10-23:15,79.00,22.00,78.00,21.00,344.74,10.00,10.00,339.69,78.50,21.50,1.00,1.00,13162.40,8883.74,8888.74,13257.40,77,21,21,77,62964.01,62969.88,,
2026-08-15T23:13:07+08:00,btc-updown-5m-1786806600,https://polymarket.com/zh/event/btc-updown-5m-1786806600,23:10-23:15,78.00,23.00,77.00,22.00,39.48,188.43,123.28,32.47,77.50,22.50,1.00,1.00,12752.40,8996.74,8991.74,12662.41,77,22,22,77,62964.01,62969.88,,
2026-08-15T23:13:09+08:00,btc-updown-5m-1786806600,https://polymarket.com/zh/event/btc-updown-5m-1786806600,23:10-23:15,85.00,16.00,84.00,15.00,38.48,164.69,159.74,58.62,84.50,15.50,1.00,1.00,12747.40,8784.90,8863.90,13152.40,83,15,15,83,62964.01,62969.89,,
2026-08-15T23:13:12+08:00,btc-updown-5m-1786806600,https://polymarket.com/zh/event/btc-updown-5m-1786806600,23:10-23:15,87.00,14.00,86.00,13.00,39.85,356.52,375.16,48.00,86.50,13.50,1.00,1.00,12742.40,8798.90,8793.90,12652.40,86,13,13,86,62964.01,62969.89,,
2026-08-15T23:13:14+08:00,btc-updown-5m-1786806600,https://polymarket.com/zh/event/btc-updown-5m-1786806600,23:10-23:15,89.00,13.00,88.00,11.00,193.08,7.51,66.77,20.00,88.50,12.00,1.00,2.00,13142.40,8803.90,8788.90,12747.40,83,11,11,86,62964.01,62969.89,,
2026-08-15T23:13:17+08:00,btc-updown-5m-1786806600,https://polymarket.com/zh/event/btc-updown-5m-1786806600,23:10-23:15,87.00,14.00,86.00,13.00,15.00,170.34,170.34,15.00,86.50,13.50,1.00,1.00,13147.40,8918.90,8923.90,13242.40,84,13,13,85,62964.01,62970.23,,
2026-08-15T23:13:19+08:00,btc-updown-5m-1786806600,https://polymarket.com/zh/event/btc-updown-5m-1786806600,23:10-23:15,92.00,9.00,91.00,8.00,7.76,276.62,282.99,52.76,91.50,8.50,1.00,1.00,12714.40,8309.90,8200.90,12624.40,89,8,8,91,62964.01,62970.26,,
2026-08-15T23:13:21+08:00,btc-updown-5m-1786806600,https://polymarket.com/zh/event/btc-updown-5m-1786806600,23:10-23:15,93.00,8.00,92.00,7.00,485.63,5.00,10.00,480.63,92.50,7.50,1.00,1.00,12739.40,8242.20,8252.20,12634.40,90,7,7,90,62964.01,62970.37,,
2026-08-15T23:13:24+08:00,btc-updown-5m-1786806600,https://polymarket.com/zh/event/btc-updown-5m-1786806600,23:10-23:15,86.00,9.00,85.00,8.00,33.33,55.00,30.00,31.00,85.50,8.50,1.00,1.00,12624.40,8011.20,7958.20,12269.40,85,13,8,90,62964.01,62970.63,,
2026-08-15T23:13:26+08:00,btc-updown-5m-1786806600,https://polymarket.com/zh/event/btc-updown-5m-1786806600,23:10-23:15,92.00,9.00,91.00,8.00,43.69,213.57,207.73,38.69,91.50,8.50,1.00,1.00,12724.40,7936.20,7941.20,10802.74,91,8,8,91,62964.01,62970.97,,
2026-08-15T23:13:28+08:00,btc-updown-5m-1786806600,https://polymarket.com/zh/event/btc-updown-5m-1786806600,23:10-23:15,90.00,11.00,89.00,10.00,97.82,141.33,141.33,97.82,89.50,10.50,1.00,1.00,11094.41,7925.50,7920.50,10499.41,89,10,10,89,62964.01,62970.98,,
2026-08-15T23:13:31+08:00,btc-updown-5m-1786806600,https://polymarket.com/zh/event/btc-updown-5m-1786806600,23:10-23:15,92.00,8.00,91.00,7.00,5.00,30.00,272.20,300.82,91.50,7.50,1.00,1.00,11099.41,8005.50,7937.31,10994.41,90,8,7,91,62964.01,62970.98,,
2026-08-15T23:13:33+08:00,btc-updown-5m-1786806600,https://polymarket.com/zh/event/btc-updown-5m-1786806600,23:10-23:15,93.00,8.00,92.00,7.00,47.57,123.29,234.40,47.57,92.50,7.50,1.00,1.00,10599.41,8174.50,8171.50,11094.41,91,7,7,91,62964.01,62971.01,,
2026-08-15T23:13:36+08:00,btc-updown-5m-1786806600,https://polymarket.com/zh/event/btc-updown-5m-1786806600,23:10-23:15,93.00,9.00,92.00,8.00,234.95,284.48,25.08,30.00,92.50,8.50,1.00,1.00,10594.41,8163.50,8183.50,10999.41,90,7,8,91,62964.01,62971.00,,
2026-08-15T23:13:38+08:00,btc-updown-5m-1786806600,https://polymarket.com/zh/event/btc-updown-5m-1786806600,23:10-23:15,93.00,8.00,92.00,7.00,334.92,49.80,49.80,334.92,92.50,7.50,1.00,1.00,10054.41,8532.48,8527.48,10059.41,91,7,7,91,62964.01,62971.01,,
2026-08-15T23:13:40+08:00,btc-updown-5m-1786806600,https://polymarket.com/zh/event/btc-updown-5m-1786806600,23:10-23:15,93.00,8.00,92.00,7.00,128.33,70.00,65.00,133.33,92.50,7.50,1.00,1.00,10419.41,8438.37,8425.37,9924.41,91,7,7,91,62964.01,62971.05,,
2026-08-15T23:13:43+08:00,btc-updown-5m-1786806600,https://polymarket.com/zh/event/btc-updown-5m-1786806600,23:10-23:15,93.00,8.00,92.00,7.00,330.15,76.00,76.00,330.15,92.50,7.50,1.00,1.00,10374.41,8423.37,8418.37,10274.41,91,7,7,91,62964.01,62971.05,,
2026-08-15T23:13:45+08:00,btc-updown-5m-1786806600,https://polymarket.com/zh/event/btc-updown-5m-1786806600,23:10-23:15,93.00,6.00,92.00,5.00,107.08,94.00,144.57,283.20,92.50,5.50,1.00,1.00,10774.41,8371.01,8382.21,10364.41,92,6,5,94,62964.01,62971.07,,
2026-08-15T23:13:47+08:00,btc-updown-5m-1786806600,https://polymarket.com/zh/event/btc-updown-5m-1786806600,23:10-23:15,94.00,7.00,93.00,6.00,203.02,112.89,82.89,149.82,93.50,6.50,1.00,1.00,10359.41,8412.35,8523.84,10354.41,93,6,6,93,62964.01,62971.06,,
2026-08-15T23:13:50+08:00,btc-updown-5m-1786806600,https://polymarket.com/zh/event/btc-updown-5m-1786806600,23:10-23:15,93.00,8.00,92.00,7.00,214.85,79.18,79.18,214.85,92.50,7.50,1.00,1.00,10344.42,8302.84,8263.84,10239.42,91,7,7,92,62964.01,62971.11,,
2026-08-15T23:13:52+08:00,btc-updown-5m-1786806600,https://polymarket.com/zh/event/btc-updown-5m-1786806600,23:10-23:15,93.00,8.00,92.00,7.00,75.87,148.63,148.63,23.78,92.50,7.50,1.00,1.00,10824.41,8705.15,8842.84,10824.41,92,7,7,92,62964.01,62971.11,,
2026-08-15T23:13:54+08:00,btc-updown-5m-1786806600,https://polymarket.com/zh/event/btc-updown-5m-1786806600,23:10-23:15,94.00,7.00,93.00,6.00,33.60,80.72,121.55,127.31,93.50,6.50,1.00,1.00,10419.41,8767.39,8772.39,9824.41,93,6,6,93,62964.01,62971.12,,
2026-08-15T23:13:57+08:00,btc-updown-5m-1786806600,https://polymarket.com/zh/event/btc-updown-5m-1786806600,23:10-23:15,95.00,6.00,94.00,5.00,918.74,55.00,69.75,892.42,94.50,5.50,1.00,1.00,9734.42,8631.43,8773.11,9729.42,94,5,5,94,62964.01,62971.12,,
2026-08-15T23:13:59+08:00,btc-updown-5m-1786806600,https://polymarket.com/zh/event/btc-updown-5m-1786806600,23:10-23:15,95.00,6.00,94.00,5.00,464.37,358.34,358.34,464.37,94.50,5.50,1.00,1.00,10054.42,8244.30,8249.30,9569.42,94,5,5,94,62964.01,62971.13,,
2026-08-15T23:14:02+08:00,btc-updown-5m-1786806600,https://polymarket.com/zh/event/btc-updown-5m-1786806600,23:10-23:15,95.00,6.00,94.00,5.00,257.21,388.84,388.84,284.57,94.50,5.50,1.00,1.00,9524.43,8067.32,7856.83,9619.43,94,5,5,94,62964.01,62971.13,,
2026-08-15T23:14:04+08:00,btc-updown-5m-1786806600,https://polymarket.com/zh/event/btc-updown-5m-1786806600,23:10-23:15,96.00,4.00,95.00,3.00,55.65,84.59,246.96,621.70,95.50,3.50,1.00,1.00,9689.43,7722.91,7745.60,10059.43,95,4,3,96,62964.01,62971.13,,
2026-08-15T23:14:07+08:00,btc-updown-5m-1786806600,https://polymarket.com/zh/event/btc-updown-5m-1786806600,23:10-23:15,97.00,4.00,96.00,3.00,316.29,222.89,212.57,306.29,96.50,3.50,1.00,1.00,9606.43,7316.38,7406.38,9496.43,96,3,3,96,62964.01,62970.02,,
2026-08-15T23:14:09+08:00,btc-updown-5m-1786806600,https://polymarket.com/zh/event/btc-updown-5m-1786806600,23:10-23:15,97.00,4.00,96.00,3.00,371.64,168.10,144.25,303.10,96.50,3.50,1.00,1.00,9506.42,7481.73,7308.19,9591.42,96,3,3,96,62964.01,62970.03,,
2026-08-15T23:14:11+08:00,btc-updown-5m-1786806600,https://polymarket.com/zh/event/btc-updown-5m-1786806600,23:10-23:15,97.00,4.00,96.00,3.00,1309.83,44.43,128.43,1254.83,96.50,3.50,1.00,1.00,9161.43,8421.73,8516.73,9056.43,96,3,3,96,62964.01,62970.02,,
2026-08-15T23:14:14+08:00,btc-updown-5m-1786806600,https://polymarket.com/zh/event/btc-updown-5m-1786806600,23:10-23:15,97.00,4.00,96.00,3.00,1204.94,35.00,35.00,1078.94,96.50,3.50,1.00,1.00,9156.43,8366.84,8140.84,9046.43,96,3,3,96,62964.01,62970.02,,
2026-08-15T23:14:16+08:00,btc-updown-5m-1786806600,https://polymarket.com/zh/event/btc-updown-5m-1786806600,23:10-23:15,97.00,4.00,96.00,3.00,854.16,184.00,90.00,849.16,96.50,3.50,1.00,1.00,8901.42,7832.06,7822.06,8991.42,96,3,3,96,62964.01,62970.03,,
2026-08-15T23:14:19+08:00,btc-updown-5m-1786806600,https://polymarket.com/zh/event/btc-updown-5m-1786806600,23:10-23:15,98.00,3.00,97.00,2.00,502.71,183.96,183.96,502.71,97.50,2.50,1.00,1.00,9349.42,6975.64,7075.64,9344.43,97,2,2,97,62964.01,62970.03,,
2026-08-15T23:14:21+08:00,btc-updown-5m-1786806600,https://polymarket.com/zh/event/btc-updown-5m-1786806600,23:10-23:15,98.00,4.00,97.00,3.00,254.81,108.51,148.47,45.00,97.50,3.50,1.00,1.00,9394.42,6687.74,2722.74,9284.42,97,2,3,96,62964.01,62970.03,,
2026-08-15T23:14:23+08:00,btc-updown-5m-1786806600,https://polymarket.com/zh/event/btc-updown-5m-1786806600,23:10-23:15,99.00,2.00,98.00,1.00,2481.36,519.00,582.50,2475.36,98.50,1.50,1.00,1.00,9259.42,2481.36,2475.36,9244.42,98,1,1,98,62964.01,62971.01,,
2026-08-15T23:14:26+08:00,btc-updown-5m-1786806600,https://polymarket.com/zh/event/btc-updown-5m-1786806600,23:10-23:15,99.00,2.00,98.00,1.00,2403.01,428.25,428.25,2392.90,98.50,1.50,1.00,1.00,9764.42,2403.01,2392.90,9854.42,98,1,1,98,62964.01,62970.50,,
2026-08-15T23:14:28+08:00,btc-updown-5m-1786806600,https://polymarket.com/zh/event/btc-updown-5m-1786806600,23:10-23:15,99.00,2.00,98.00,1.00,2063.82,761.00,766.22,2049.77,98.50,1.50,1.00,1.00,9344.42,2063.82,2049.77,9254.42,98,1,1,98,62964.01,62971.45,,
2026-08-15T23:14:30+08:00,btc-updown-5m-1786806600,https://polymarket.com/zh/event/btc-updown-5m-1786806600,23:10-23:15,99.00,2.00,98.00,1.00,1913.80,490.39,500.58,1901.89,98.50,1.50,1.00,1.00,4613.63,1913.80,1901.89,4628.64,98,1,1,98,62964.01,62970.46,,
2026-08-15T23:14:33+08:00,btc-updown-5m-1786806600,https://polymarket.com/zh/event/btc-updown-5m-1786806600,23:10-23:15,99.00,2.00,98.00,1.00,1443.47,356.39,340.39,464.87,98.50,1.50,1.00,1.00,4453.63,1443.47,464.87,4463.63,98,1,1,98,62964.01,62970.45,,
2026-08-15T23:14:35+08:00,btc-updown-5m-1786806600,https://polymarket.com/zh/event/btc-updown-5m-1786806600,23:10-23:15,,1.00,99.00,,,1731.52,480.30,,,,,,4408.63,,,4418.63,99,0,0,99,62964.01,62969.90,,
2026-08-15T23:14:38+08:00,btc-updown-5m-1786806600,https://polymarket.com/zh/event/btc-updown-5m-1786806600,23:10-23:15,,1.00,99.00,,,2096.46,2066.46,,,,,,3403.63,,,3413.63,99,0,0,99,62964.01,62969.90,,
2026-08-15T23:14:40+08:00,btc-updown-5m-1786806600,https://polymarket.com/zh/event/btc-updown-5m-1786806600,23:10-23:15,,1.00,99.00,,,2796.48,2776.43,,,,,,2943.62,,,2953.62,99,0,0,99,62964.01,62969.89,,
2026-08-15T23:14:42+08:00,btc-updown-5m-1786806600,https://polymarket.com/zh/event/btc-updown-5m-1786806600,23:10-23:15,,1.00,99.00,,,2571.29,2571.29,,,,,,2983.62,,,3093.62,99,0,0,99,62964.01,62969.66,,
2026-08-15T23:14:45+08:00,btc-updown-5m-1786806600,https://polymarket.com/zh/event/btc-updown-5m-1786806600,23:10-23:15,,1.00,99.00,,,6965.49,6965.49,,,,,,3253.62,,,2738.62,99,0,0,99,62964.01,62969.65,,
2026-08-15T23:14:47+08:00,btc-updown-5m-1786806600,https://polymarket.com/zh/event/btc-updown-5m-1786806600,23:10-23:15,,1.00,99.00,,,12008.77,12003.77,,,,,,2798.62,,,2793.62,99,0,0,99,62964.01,62969.65,,
2026-08-15T23:14:49+08:00,btc-updown-5m-1786806600,https://polymarket.com/zh/event/btc-updown-5m-1786806600,23:10-23:15,,1.00,99.00,,,11547.29,11542.28,,,,,,2483.62,,,2478.63,99,0,0,99,62964.01,62966.43,,
2026-08-15T23:14:52+08:00,btc-updown-5m-1786806600,https://polymarket.com/zh/event/btc-updown-5m-1786806600,23:10-23:15,,1.00,99.00,,,11412.32,11417.33,,,,,,1888.63,,,2373.62,99,0,0,99,62964.01,62965.00,,
2026-08-15T23:14:54+08:00,btc-updown-5m-1786806600,https://polymarket.com/zh/event/btc-updown-5m-1786806600,23:10-23:15,,1.00,99.00,,,18542.20,17536.20,,,,,,2883.62,,,2873.62,99,0,0,99,62964.01,62965.01,,
2026-08-15T23:14:56+08:00,btc-updown-5m-1786806600,https://polymarket.com/zh/event/btc-updown-5m-1786806600,23:10-23:15,,1.00,99.00,,,19465.50,19465.50,,,,,,1498.99,,,1488.99,98,0,0,98,62964.01,62965.01,,
2026-08-15T23:14:59+08:00,btc-updown-5m-1786806600,https://polymarket.com/zh/event/btc-updown-5m-1786806600,23:10-23:15,,1.00,99.00,,,24907.72,24702.72,,,,,,2398.99,,,2383.99,98,0,0,98,62964.01,62965.01,,
2026-08-15T23:15:02+08:00,btc-updown-5m-1786806900,https://polymarket.com/zh/event/btc-updown-5m-1786806900,23:15-23:20,43.00,59.00,42.00,58.00,15.11,126.26,1.88,30.00,42.50,58.50,1.00,1.00,12167.85,12525.03,12635.03,12147.85,40,57,58,39,62965.00,62965.00,,
2026-08-15T23:15:04+08:00,btc-updown-5m-1786806900,https://polymarket.com/zh/event/btc-updown-5m-1786806900,23:15-23:20,39.00,62.00,38.00,61.00,25.00,331.76,341.76,25.00,38.50,61.50,1.00,1.00,12916.85,13567.03,13839.03,12911.85,38,61,61,38,62965.00,62965.01,,
2026-08-15T23:15:06+08:00,btc-updown-5m-1786806900,https://polymarket.com/zh/event/btc-updown-5m-1786806900,23:15-23:20,47.00,54.00,46.00,53.00,92.12,137.90,84.00,299.80,46.50,53.50,1.00,1.00,14131.85,13744.03,13759.03,14131.85,46,53,53,46,62965.00,62965.01,,
2026-08-15T23:15:09+08:00,btc-updown-5m-1786806900,https://polymarket.com/zh/event/btc-updown-5m-1786806900,23:15-23:20,47.00,54.00,46.00,53.00,342.97,107.68,107.68,263.70,46.50,53.50,1.00,1.00,11886.85,11479.04,11594.04,11861.85,46,53,53,46,62965.00,62965.01,,
2026-08-15T23:15:11+08:00,btc-updown-5m-1786806900,https://polymarket.com/zh/event/btc-updown-5m-1786806900,23:15-23:20,48.00,53.00,47.00,52.00,73.58,312.99,262.99,63.16,47.50,52.50,1.00,1.00,11644.85,11001.17,10916.17,11639.85,47,52,52,46,62965.00,62965.01,,
2026-08-15T23:15:14+08:00,btc-updown-5m-1786806900,https://polymarket.com/zh/event/btc-updown-5m-1786806900,23:15-23:20,48.00,53.00,47.00,52.00,155.36,308.81,308.81,155.36,47.50,52.50,1.00,1.00,13809.84,11896.17,12006.17,13804.84,47,52,52,46,62965.00,62965.00,,
2026-08-15T23:15:16+08:00,btc-updown-5m-1786806900,https://polymarket.com/zh/event/btc-updown-5m-1786806900,23:15-23:20,47.00,54.00,46.00,53.00,180.30,172.93,72.67,139.00,46.50,53.50,1.00,1.00,13304.84,11911.22,11916.17,13352.34,46,53,53,46,62965.00,62965.01,,
2026-08-15T23:15:18+08:00,btc-updown-5m-1786806900,https://polymarket.com/zh/event/btc-updown-5m-1786806900,23:15-23:20,44.00,57.00,43.00,56.00,157.24,0.09,5.00,173.96,43.50,56.50,1.00,1.00,13734.33,12493.16,11818.16,13484.33,42,56,56,43,62965.00,62965.01,,
2026-08-15T23:15:21+08:00,btc-updown-5m-1786806900,https://polymarket.com/zh/event/btc-updown-5m-1786806900,23:15-23:20,41.00,60.00,40.00,59.00,50.91,74.92,69.92,68.91,40.50,59.50,1.00,1.00,12059.33,10496.40,10346.40,12029.33,40,59,59,40,62965.00,62965.00,,
2026-08-15T23:15:23+08:00,btc-updown-5m-1786806900,https://polymarket.com/zh/event/btc-updown-5m-1786806900,23:15-23:20,41.00,60.00,40.00,59.00,139.98,57.45,40.15,128.00,40.50,59.50,1.00,1.00,11834.33,10126.39,10101.39,11829.33,40,59,59,40,62965.00,62965.01,,
2026-08-15T23:15:25+08:00,btc-updown-5m-1786806900,https://polymarket.com/zh/event/btc-updown-5m-1786806900,23:15-23:20,42.00,59.00,41.00,58.00,82.95,368.98,362.07,82.95,41.50,58.50,1.00,1.00,11539.33,9971.39,9861.39,11549.33,41,58,58,41,62965.00,62966.26,,
2026-08-15T23:15:28+08:00,btc-updown-5m-1786806900,https://polymarket.com/zh/event/btc-updown-5m-1786806900,23:15-23:20,42.00,59.00,41.00,58.00,156.33,61.15,17.00,181.27,41.50,58.50,1.00,1.00,10879.33,10176.39,10146.39,10834.33,41,58,58,41,62965.00,62966.12,,
2026-08-15T23:15:30+08:00,btc-updown-5m-1786806900,https://polymarket.com/zh/event/btc-updown-5m-1786806900,23:15-23:20,42.00,59.00,41.00,58.00,187.76,112.96,122.22,137.76,41.50,58.50,1.00,1.00,10589.33,9831.39,9456.39,10594.33,41,58,58,41,62965.00,62966.25,,
2026-08-15T23:15:33+08:00,btc-updown-5m-1786806900,https://polymarket.com/zh/event/btc-updown-5m-1786806900,23:15-23:20,41.00,60.00,40.00,59.00,377.43,17.35,24.02,447.32,40.50,59.50,1.00,1.00,10509.33,9368.44,9273.39,10519.33,40,59,59,40,62965.00,62966.25,,
2026-08-15T23:15:35+08:00,btc-updown-5m-1786806900,https://polymarket.com/zh/event/btc-updown-5m-1786806900,23:15-23:20,40.00,61.00,39.00,60.00,118.33,73.78,105.78,178.33,39.50,60.50,1.00,1.00,10739.33,9023.40,9118.39,10714.33,39,60,60,39,62965.00,62966.06,,
2026-08-15T23:15:37+08:00,btc-updown-5m-1786806900,https://polymarket.com/zh/event/btc-updown-5m-1786806900,23:15-23:20,39.00,62.00,38.00,61.00,113.92,85.00,85.00,106.88,38.50,61.50,1.00,1.00,9882.33,9202.73,9202.73,10262.33,38,61,61,38,62965.00,62966.06,,
2026-08-15T23:15:40+08:00,btc-updown-5m-1786806900,https://polymarket.com/zh/event/btc-updown-5m-1786806900,23:15-23:20,23.00,78.00,22.00,77.00,112.73,65.00,277.32,355.39,22.50,77.50,1.00,1.00,10698.83,9287.73,9382.73,10428.83,22,77,77,22,62965.00,62961.77,,
2026-08-15T23:15:42+08:00,btc-updown-5m-1786806900,https://polymarket.com/zh/event/btc-updown-5m-1786806900,23:15-23:20,22.00,79.00,21.00,78.00,199.45,137.43,93.32,175.30,21.50,78.50,1.00,1.00,10150.83,9180.23,9175.23,10115.83,21,78,78,21,62965.00,62960.15,,
2026-08-15T23:15:44+08:00,btc-updown-5m-1786806900,https://polymarket.com/zh/event/btc-updown-5m-1786806900,23:15-23:20,24.00,75.00,23.00,74.00,182.93,230.00,116.93,20.00,23.50,74.50,1.00,1.00,10460.83,9175.23,9285.23,10460.83,23,76,73,25,62965.00,62960.15,,
2026-08-15T23:15:47+08:00,btc-updown-5m-1786806900,https://polymarket.com/zh/event/btc-updown-5m-1786806900,23:15-23:20,24.00,77.00,23.00,76.00,359.86,0.15,0.15,359.86,23.50,76.50,1.00,1.00,10260.83,9195.23,9290.23,10465.83,23,76,76,23,62965.00,62960.15,,
2026-08-15T23:15:49+08:00,btc-updown-5m-1786806900,https://polymarket.com/zh/event/btc-updown-5m-1786806900,23:15-23:20,17.00,85.00,16.00,84.00,211.00,231.71,5.00,138.03,16.50,84.50,1.00,1.00,8058.20,9190.23,9295.23,8152.20,16,83,84,15,62965.00,62960.15,,
2026-08-15T23:15:52+08:00,btc-updown-5m-1786806900,https://polymarket.com/zh/event/btc-updown-5m-1786806900,23:15-23:20,16.00,86.00,15.00,85.00,399.14,84.95,1.47,175.26,15.50,85.50,1.00,1.00,8112.84,9284.24,9184.24,8117.84,15,84,85,14,62965.00,62960.14,,
2026-08-15T23:15:54+08:00,btc-updown-5m-1786806900,https://polymarket.com/zh/event/btc-updown-5m-1786806900,23:15-23:20,15.00,86.00,14.00,85.00,95.20,80.46,85.52,70.79,14.50,85.50,1.00,1.00,7868.84,8954.23,8939.23,7868.84,14,85,85,14,62965.00,62957.00,,
2026-08-15T23:15:56+08:00,btc-updown-5m-1786806900,https://polymarket.com/zh/event/btc-updown-5m-1786806900,23:15-23:20,16.00,85.00,15.00,84.00,50.00,268.20,270.30,33.00,15.50,84.50,1.00,1.00,8801.84,8814.23,8814.23,8801.84,15,84,84,15,62965.00,62957.00,,
2026-08-15T23:15:59+08:00,btc-updown-5m-1786806900,https://polymarket.com/zh/event/btc-updown-5m-1786806900,23:15-23:20,15.00,86.00,14.00,85.00,319.19,28.20,65.00,319.19,14.50,85.50,1.00,1.00,8822.84,8799.23,8699.23,8822.84,14,85,85,14,62965.00,62957.00,,
2026-08-15T23:16:01+08:00,btc-updown-5m-1786806900,https://polymarket.com/zh/event/btc-updown-5m-1786806900,23:15-23:20,14.00,87.00,13.00,86.00,401.82,47.89,50.00,373.43,13.50,86.50,1.00,1.00,12302.84,12419.23,12434.23,12192.84,13,86,86,13,62965.00,62955.01,,
2026-08-15T23:16:03+08:00,btc-updown-5m-1786806900,https://polymarket.com/zh/event/btc-updown-5m-1786806900,23:15-23:20,17.00,84.00,16.00,83.00,167.60,99.07,170.07,242.26,16.50,83.50,1.00,1.00,12111.84,11844.23,12189.23,12161.84,16,83,83,16,62965.00,62955.01,,
2026-08-15T23:16:06+08:00,btc-updown-5m-1786806900,https://polymarket.com/zh/event/btc-updown-5m-1786806900,23:15-23:20,16.00,77.00,15.00,51.00,105.81,21.73,603.22,204.61,15.50,64.00,1.00,26.00,11758.84,11666.23,11877.23,11743.84,15,68,39,20,62965.00,62955.01,,
2026-08-15T23:16:08+08:00,btc-updown-5m-1786806900,https://polymarket.com/zh/event/btc-updown-5m-1786806900,23:15-23:20,67.00,34.00,66.00,33.00,41.90,165.76,188.26,80.41,66.50,33.50,1.00,1.00,11872.84,11208.23,11193.23,11762.85,66,33,33,66,62965.00,62974.81,,
2026-08-15T23:16:11+08:00,btc-updown-5m-1786806900,https://polymarket.com/zh/event/btc-updown-5m-1786806900,23:15-23:20,66.00,35.00,65.00,34.00,152.93,27.06,45.72,267.22,65.50,34.50,1.00,1.00,11763.53,12258.09,12268.09,11778.53,65,34,34,65,62965.00,62974.80,,
2026-08-15T23:16:13+08:00,btc-updown-5m-1786806900,https://polymarket.com/zh/event/btc-updown-5m-1786806900,23:15-23:20,64.00,37.00,63.00,36.00,15.50,95.41,17.93,10.00,63.50,36.50,1.00,1.00,11351.53,12103.09,12098.09,11296.53,62,35,35,62,62965.00,62974.81,,
2026-08-15T23:16:16+08:00,btc-updown-5m-1786806900,https://polymarket.com/zh/event/btc-updown-5m-1786806900,23:15-23:20,65.00,36.00,64.00,35.00,341.92,100.00,130.00,343.89,64.50,35.50,1.00,1.00,11576.53,11913.09,11928.09,11666.53,64,35,35,62,62965.00,62976.06,,
2026-08-15T23:16:18+08:00,btc-updown-5m-1786806900,https://polymarket.com/zh/event/btc-updown-5m-1786806900,23:15-23:20,68.00,33.00,67.00,32.00,13.00,14.69,214.09,18.00,67.50,32.50,1.00,1.00,11503.53,11421.09,11441.09,11598.53,67,32,32,67,62965.00,62976.07,,
2026-08-15T23:16:20+08:00,btc-updown-5m-1786806900,https://polymarket.com/zh/event/btc-updown-5m-1786806900,23:15-23:20,70.00,31.00,69.00,30.00,124.32,431.99,421.99,320.67,69.50,30.50,1.00,1.00,11598.53,11896.09,11871.09,11593.53,69,30,30,69,62965.00,62976.07,,
2026-08-15T23:16:23+08:00,btc-updown-5m-1786806900,https://polymarket.com/zh/event/btc-updown-5m-1786806900,23:15-23:20,70.00,31.00,69.00,30.00,144.96,368.86,368.86,144.96,69.50,30.50,1.00,1.00,11483.53,11446.09,11446.09,11608.53,69,30,30,69,62965.00,62976.07,,
2026-08-15T23:16:25+08:00,btc-updown-5m-1786806900,https://polymarket.com/zh/event/btc-updown-5m-1786806900,23:15-23:20,87.00,15.00,86.00,14.00,271.13,48.80,18.00,159.98,86.50,14.50,1.00,1.00,11533.53,10465.09,10430.09,11643.53,85,13,14,83,62965.00,62986.49,,
2026-08-15T23:16:28+08:00,btc-updown-5m-1786806900,https://polymarket.com/zh/event/btc-updown-5m-1786806900,23:15-23:20,80.00,21.00,79.00,20.00,346.67,221.95,204.00,346.67,79.50,20.50,1.00,1.00,11638.53,10590.09,10590.09,11548.53,79,20,20,79,62965.00,62984.45,,
2026-08-15T23:16:30+08:00,btc-updown-5m-1786806900,https://polymarket.com/zh/event/btc-updown-5m-1786806900,23:15-23:20,81.00,20.00,80.00,19.00,35.64,515.91,515.91,25.64,80.50,19.50,1.00,1.00,11648.53,12748.58,12738.58,11653.53,80,19,19,80,62965.00,62984.45,,
2026-08-15T23:16:33+08:00,btc-updown-5m-1786806900,https://polymarket.com/zh/event/btc-updown-5m-1786806900,23:15-23:20,82.00,19.00,81.00,18.00,35.00,343.39,343.39,38.78,81.50,18.50,1.00,1.00,10704.45,11842.58,11840.08,11214.45,81,18,18,81,62965.00,62984.45,,
2026-08-15T23:16:35+08:00,btc-updown-5m-1786806900,https://polymarket.com/zh/event/btc-updown-5m-1786806900,23:15-23:20,84.00,17.00,83.00,16.00,241.58,112.00,117.00,251.00,83.50,16.50,1.00,1.00,10704.45,11847.58,11832.58,11214.45,83,16,16,83,62965.00,62984.45,,
2026-08-15T23:16:37+08:00,btc-updown-5m-1786806900,https://polymarket.com/zh/event/btc-updown-5m-1786806900,23:15-23:20,89.00,12.00,88.00,11.00,212.36,67.50,79.15,275.84,88.50,11.50,1.00,1.00,10904.45,11752.58,11742.58,10714.45,88,11,11,88,62965.00,62984.45,,
2026-08-15T23:16:40+08:00,btc-updown-5m-1786806900,https://polymarket.com/zh/event/btc-updown-5m-1786806900,23:15-23:20,89.00,11.00,88.00,10.00,30.99,70.01,169.81,138.95,88.50,10.50,1.00,1.00,10874.45,11888.58,11888.58,11374.45,88,11,10,89,62965.00,62986.49,,
2026-08-15T23:16:42+08:00,btc-updown-5m-1786806900,https://polymarket.com/zh/event/btc-updown-5m-1786806900,23:15-23:20,86.00,15.00,85.00,14.00,23.51,217.53,215.94,23.51,85.50,14.50,1.00,1.00,10544.45,11911.08,11916.08,10629.45,85,14,14,85,62965.00,62986.50,,
2026-08-15T23:16:45+08:00,btc-updown-5m-1786806900,https://polymarket.com/zh/event/btc-updown-5m-1786806900,23:15-23:20,86.00,15.00,85.00,14.00,257.94,18.00,8.00,266.94,85.50,14.50,1.00,1.00,11544.45,11911.08,12056.08,10634.45,83,14,14,85,62965.00,62986.49,,
2026-08-15T23:16:47+08:00,btc-updown-5m-1786806900,https://polymarket.com/zh/event/btc-updown-5m-1786806900,23:15-23:20,83.00,18.00,82.00,17.00,411.41,696.56,126.67,30.00,82.50,17.50,1.00,1.00,11034.45,11164.75,11462.68,11129.45,82,17,17,82,62965.00,62986.50,,
2026-08-15T23:16:49+08:00,btc-updown-5m-1786806900,https://polymarket.com/zh/event/btc-updown-5m-1786806900,23:15-23:20,94.00,7.00,93.00,6.00,821.64,167.49,78.49,821.64,93.50,6.50,1.00,1.00,11604.45,11369.11,11290.11,11489.45,93,6,6,93,62965.00,62991.23,,
2026-08-15T23:16:52+08:00,btc-updown-5m-1786806900,https://polymarket.com/zh/event/btc-updown-5m-1786806900,23:15-23:20,91.00,10.00,90.00,9.00,215.32,65.00,52.00,215.32,90.50,9.50,1.00,1.00,11494.45,11160.24,11182.24,11084.45,90,9,9,90,62965.00,62991.22,,
2026-08-15T23:16:54+08:00,btc-updown-5m-1786806900,https://polymarket.com/zh/event/btc-updown-5m-1786806900,23:15-23:20,91.00,10.00,90.00,9.00,44.00,164.77,194.77,44.00,90.50,9.50,1.00,1.00,11484.45,10948.24,10966.24,11089.45,90,9,9,90,62965.00,62991.22,,
2026-08-15T23:16:57+08:00,btc-updown-5m-1786806900,https://polymarket.com/zh/event/btc-updown-5m-1786806900,23:15-23:20,92.00,9.00,91.00,8.00,135.00,201.33,201.33,135.00,91.50,8.50,1.00,1.00,13110.44,11019.24,11019.24,13005.44,91,8,8,91,62965.00,62991.22,,
2026-08-15T23:16:59+08:00,btc-updown-5m-1786806900,https://polymarket.com/zh/event/btc-updown-5m-1786806900,23:15-23:20,93.00,8.00,92.00,7.00,75.00,45.00,99.99,335.37,92.50,7.50,1.00,1.00,13110.44,11019.24,11116.97,13010.44,90,7,7,92,62965.00,62991.22,,
2026-08-15T23:17:01+08:00,btc-updown-5m-1786806900,https://polymarket.com/zh/event/btc-updown-5m-1786806900,23:15-23:20,93.00,8.00,92.00,7.00,300.36,129.00,104.00,305.36,92.50,7.50,1.00,1.00,13088.44,11098.97,11086.24,13178.44,92,7,7,92,62965.00,62991.22,,
2026-08-15T23:17:04+08:00,btc-updown-5m-1786806900,https://polymarket.com/zh/event/btc-updown-5m-1786806900,23:15-23:20,92.00,8.00,91.00,7.00,113.44,235.47,337.03,151.99,91.50,7.50,1.00,1.00,13468.44,11228.21,11191.24,12897.44,91,8,7,92,62965.00,62991.22,,
2026-08-15T23:17:06+08:00,btc-updown-5m-1786806900,https://polymarket.com/zh/event/btc-updown-5m-1786806900,23:15-23:20,94.00,7.00,93.00,6.00,141.05,262.99,257.99,111.05,93.50,6.50,1.00,1.00,13505.44,7015.81,7025.81,12910.44,93,6,6,93,62965.00,62991.23,,
2026-08-15T23:17:09+08:00,btc-updown-5m-1786806900,https://polymarket.com/zh/event/btc-updown-5m-1786806900,23:15-23:20,94.00,8.00,93.00,7.00,128.25,43.91,60.00,22.00,93.50,7.50,1.00,1.00,12925.44,7175.63,7160.54,12825.44,93,6,7,92,62965.00,62992.48,,
2026-08-15T23:17:11+08:00,btc-updown-5m-1786806900,https://polymarket.com/zh/event/btc-updown-5m-1786806900,23:15-23:20,95.00,6.00,94.00,5.00,373.20,30.71,10.00,84.14,94.50,5.50,1.00,1.00,12695.44,7215.52,6887.46,12600.44,94,5,5,94,62965.00,62992.65,,
2026-08-15T23:17:13+08:00,btc-updown-5m-1786806900,https://polymarket.com/zh/event/btc-updown-5m-1786806900,23:15-23:20,95.00,6.00,94.00,5.00,361.51,85.34,77.34,256.24,94.50,5.50,1.00,1.00,12625.44,7139.32,6924.05,12635.44,94,5,5,94,62965.00,62993.32,,
2026-08-15T23:17:16+08:00,btc-updown-5m-1786806900,https://polymarket.com/zh/event/btc-updown-5m-1786806900,23:15-23:20,96.00,5.00,95.00,4.00,40.00,277.99,272.99,35.00,95.50,4.50,1.00,1.00,13125.44,6849.12,6794.12,13235.44,95,4,4,95,62965.00,62993.97,,
2026-08-15T23:17:18+08:00,btc-updown-5m-1786806900,https://polymarket.com/zh/event/btc-updown-5m-1786806900,23:15-23:20,96.00,5.00,95.00,4.00,120.00,510.72,505.99,120.00,95.50,4.50,1.00,1.00,12730.44,6929.12,6901.09,12740.44,95,4,4,95,62965.00,62993.97,,
2026-08-15T23:17:21+08:00,btc-updown-5m-1786806900,https://polymarket.com/zh/event/btc-updown-5m-1786806900,23:15-23:20,96.00,5.00,95.00,4.00,5.00,496.88,496.88,5.00,95.50,4.50,1.00,1.00,13135.44,3874.22,4361.82,12625.44,95,4,4,95,62965.00,62993.99,,
2026-08-15T23:17:23+08:00,btc-updown-5m-1786806900,https://polymarket.com/zh/event/btc-updown-5m-1786806900,23:15-23:20,97.00,4.00,96.00,3.00,382.99,400.70,400.75,382.99,96.50,3.50,1.00,1.00,12787.44,4304.21,4304.21,12577.44,96,3,3,96,62965.00,62995.46,,
2026-08-15T23:17:25+08:00,btc-updown-5m-1786806900,https://polymarket.com/zh/event/btc-updown-5m-1786806900,23:15-23:20,96.00,5.00,95.00,4.00,50.00,430.83,430.83,5.00,95.50,4.50,1.00,1.00,12137.44,3953.11,3908.11,12627.44,95,4,4,95,62965.00,62995.45,,
2026-08-15T23:17:28+08:00,btc-updown-5m-1786806900,https://polymarket.com/zh/event/btc-updown-5m-1786806900,23:15-23:20,96.00,5.00,95.00,4.00,278.37,117.67,117.67,280.55,95.50,4.50,1.00,1.00,12223.44,4229.48,4247.66,12113.44,95,4,4,95,62965.00,62995.46,,
2026-08-15T23:17:30+08:00,btc-updown-5m-1786806900,https://polymarket.com/zh/event/btc-updown-5m-1786806900,23:15-23:20,95.00,6.00,94.00,5.00,206.35,362.52,354.52,236.35,94.50,5.50,1.00,1.00,12128.44,4117.46,4277.46,12213.44,94,5,5,94,62965.00,62995.46,,
2026-08-15T23:17:32+08:00,btc-updown-5m-1786806900,https://polymarket.com/zh/event/btc-updown-5m-1786806900,23:15-23:20,98.00,3.00,97.00,2.00,612.65,172.52,172.52,601.00,97.50,2.50,1.00,1.00,12178.44,3790.64,3773.99,12063.44,97,2,2,97,62965.00,62995.46,,
2026-08-15T23:17:35+08:00,btc-updown-5m-1786806900,https://polymarket.com/zh/event/btc-updown-5m-1786806900,23:15-23:20,98.00,3.00,97.00,2.00,329.20,204.68,227.15,329.20,97.50,2.50,1.00,1.00,12168.45,3507.19,3507.19,12093.45,97,2,2,97,62965.00,62995.46,,
2026-08-15T23:17:37+08:00,btc-updown-5m-1786806900,https://polymarket.com/zh/event/btc-updown-5m-1786806900,23:15-23:20,98.00,3.00,97.00,2.00,208.36,278.23,160.10,213.79,97.50,2.50,1.00,1.00,9943.45,3494.35,3399.78,10828.46,97,2,2,97,62965.00,62995.46,,
2026-08-15T23:17:40+08:00,btc-updown-5m-1786806900,https://polymarket.com/zh/event/btc-updown-5m-1786806900,23:15-23:20,99.00,2.00,98.00,1.00,3548.31,321.13,337.98,3553.31,98.50,1.50,1.00,1.00,10008.45,3548.31,3553.31,10118.45,98,1,1,98,62965.00,62994.29,,
2026-08-15T23:17:42+08:00,btc-updown-5m-1786806900,https://polymarket.com/zh/event/btc-updown-5m-1786806900,23:15-23:20,99.00,2.00,98.00,1.00,3542.05,269.63,269.63,3537.05,98.50,1.50,1.00,1.00,10498.45,3542.05,3537.05,10548.45,98,1,1,98,62965.00,62994.29,,
2026-08-15T23:17:44+08:00,btc-updown-5m-1786806900,https://polymarket.com/zh/event/btc-updown-5m-1786806900,23:15-23:20,99.00,2.00,98.00,1.00,3520.23,62.24,62.24,3520.23,98.50,1.50,1.00,1.00,10043.46,3520.23,3520.23,10048.45,98,1,1,98,62965.00,62994.29,,
2026-08-15T23:17:47+08:00,btc-updown-5m-1786806900,https://polymarket.com/zh/event/btc-updown-5m-1786806900,23:15-23:20,99.00,2.00,98.00,1.00,3406.65,74.64,86.91,3401.65,98.50,1.50,1.00,1.00,10563.45,3406.65,3401.65,10558.45,98,1,1,98,62965.00,62994.29,,
2026-08-15T23:17:49+08:00,btc-updown-5m-1786806900,https://polymarket.com/zh/event/btc-updown-5m-1786806900,23:15-23:20,99.00,2.00,98.00,1.00,3397.68,74.64,114.45,3397.68,98.50,1.50,1.00,1.00,10061.45,3397.68,3397.68,9956.45,98,1,1,98,62965.00,62994.29,,
2026-08-15T23:17:52+08:00,btc-updown-5m-1786806900,https://polymarket.com/zh/event/btc-updown-5m-1786806900,23:15-23:20,99.00,2.00,98.00,1.00,3492.88,133.19,79.84,3393.62,98.50,1.50,1.00,1.00,9971.45,3492.88,3393.62,10556.45,98,1,1,98,62965.00,62994.29,,
2026-08-15T23:17:54+08:00,btc-updown-5m-1786806900,https://polymarket.com/zh/event/btc-updown-5m-1786806900,23:15-23:20,99.00,2.00,98.00,1.00,3349.62,72.70,86.43,443.54,98.50,1.50,1.00,1.00,10561.45,3349.62,443.54,10451.45,98,1,1,98,62965.00,62994.29,,
2026-08-15T23:17:57+08:00,btc-updown-5m-1786806900,https://polymarket.com/zh/event/btc-updown-5m-1786806900,23:15-23:20,99.00,2.00,98.00,1.00,489.31,289.29,264.29,494.77,98.50,1.50,1.00,1.00,10421.47,489.31,494.77,10506.46,98,1,1,98,62965.00,62994.29,,
2026-08-15T23:17:59+08:00,btc-updown-5m-1786806900,https://polymarket.com/zh/event/btc-updown-5m-1786806900,23:15-23:20,99.00,2.00,98.00,1.00,487.78,444.38,444.38,482.78,98.50,1.50,1.00,1.00,10916.45,487.78,482.78,11301.45,98,1,1,98,62965.00,62994.29,,
2026-08-15T23:18:01+08:00,btc-updown-5m-1786806900,https://polymarket.com/zh/event/btc-updown-5m-1786806900,23:15-23:20,99.00,2.00,98.00,1.00,495.74,639.23,640.67,463.73,98.50,1.50,1.00,1.00,10151.37,495.74,463.73,10251.37,98,1,1,98,62965.00,62994.29,,
2026-08-15T23:18:04+08:00,btc-updown-5m-1786806900,https://polymarket.com/zh/event/btc-updown-5m-1786806900,23:15-23:20,99.00,2.00,98.00,1.00,466.94,486.40,538.39,444.97,98.50,1.50,1.00,1.00,10666.36,466.94,444.97,10761.36,98,1,1,98,62965.00,62994.29,,
2026-08-15T23:18:06+08:00,btc-updown-5m-1786806900,https://polymarket.com/zh/event/btc-updown-5m-1786806900,23:15-23:20,99.00,2.00,98.00,1.00,367.58,486.40,486.40,367.58,98.50,1.50,1.00,1.00,10646.36,367.58,367.58,10746.36,98,1,1,98,62965.00,62994.29,,
2026-08-15T23:18:09+08:00,btc-updown-5m-1786806900,https://polymarket.com/zh/event/btc-updown-5m-1786806900,23:15-23:20,,1.00,99.00,,,467.13,684.14,,,,,,10166.37,,,10141.37,99,0,0,99,62965.00,62995.41,,
2026-08-15T23:18:11+08:00,btc-updown-5m-1786806900,https://polymarket.com/zh/event/btc-updown-5m-1786806900,23:15-23:20,,1.00,99.00,,,424.67,524.67,,,,,,11156.36,,,10666.36,99,0,0,99,62965.00,62995.45,,
2026-08-15T23:18:14+08:00,btc-updown-5m-1786806900,https://polymarket.com/zh/event/btc-updown-5m-1786806900,23:15-23:20,,1.00,99.00,,,358.49,358.49,,,,,,10201.36,,,9711.36,99,0,0,99,62965.00,62995.45,,
2026-08-15T23:18:16+08:00,btc-updown-5m-1786806900,https://polymarket.com/zh/event/btc-updown-5m-1786806900,23:15-23:20,,1.00,99.00,,,64.06,64.06,,,,,,9686.36,,,9701.36,99,0,0,99,62965.00,62995.45,,
2026-08-15T23:18:18+08:00,btc-updown-5m-1786806900,https://polymarket.com/zh/event/btc-updown-5m-1786806900,23:15-23:20,99.00,2.00,98.00,1.00,99.35,646.46,503.54,106.35,98.50,1.50,1.00,1.00,9805.36,99.35,106.35,10405.36,98,1,1,98,62965.00,62995.45,,
2026-08-15T23:18:21+08:00,btc-updown-5m-1786806900,https://polymarket.com/zh/event/btc-updown-5m-1786806900,23:15-23:20,,1.00,99.00,,,801.62,789.62,,,,,,10295.36,,,10300.36,99,0,0,99,62965.00,62996.59,,
2026-08-15T23:18:23+08:00,btc-updown-5m-1786806900,https://polymarket.com/zh/event/btc-updown-5m-1786806900,23:15-23:20,,1.00,99.00,,,817.63,817.63,,,,,,9800.37,,,9810.37,99,0,0,99,62965.00,62995.65,,
2026-08-15T23:18:26+08:00,btc-updown-5m-1786806900,https://polymarket.com/zh/event/btc-updown-5m-1786806900,23:15-23:20,,1.00,99.00,,,292.01,265.02,,,,,,10295.37,,,9805.36,99,0,0,99,62965.00,62995.94,,
2026-08-15T23:18:28+08:00,btc-updown-5m-1786806900,https://polymarket.com/zh/event/btc-updown-5m-1786806900,23:15-23:20,,1.00,99.00,,,384.61,122.01,,,,,,9810.36,,,9815.36,99,0,0,99,62965.00,62996.26,,
2026-08-15T23:18:30+08:00,btc-updown-5m-1786806900,https://polymarket.com/zh/event/btc-updown-5m-1786806900,23:15-23:20,,1.00,99.00,,,974.51,974.51,,,,,,9795.36,,,9820.36,99,0,0,99,62965.00,62996.23,,
2026-08-15T23:18:33+08:00,btc-updown-5m-1786806900,https://polymarket.com/zh/event/btc-updown-5m-1786806900,23:15-23:20,,1.00,99.00,,,1396.66,1396.66,,,,,,10300.36,,,10295.36,99,0,0,99,62965.00,62996.24,,
2026-08-15T23:18:35+08:00,btc-updown-5m-1786806900,https://polymarket.com/zh/event/btc-updown-5m-1786806900,23:15-23:20,,1.00,99.00,,,1396.66,1396.66,,,,,,9800.36,,,9790.36,99,0,0,99,62965.00,62996.24,,
2026-08-15T23:18:37+08:00,btc-updown-5m-1786806900,https://polymarket.com/zh/event/btc-updown-5m-1786806900,23:15-23:20,99.90,1.00,99.00,0.10,1301.30,1401.72,1446.66,5801.30,99.45,0.55,0.90,0.90,10190.36,1301.30,5801.30,12333.66,99,1,1,101,62965.00,62996.59,,
2026-08-15T23:18:40+08:00,btc-updown-5m-1786806900,https://polymarket.com/zh/event/btc-updown-5m-1786806900,23:15-23:20,99.90,0.80,99.10,0.10,4555.00,5.48,33.00,4555.00,99.50,0.45,0.80,0.70,12193.66,4555.00,4555.00,9783.66,108,1,1,106,62965.00,62996.59,,
2026-08-15T23:18:42+08:00,btc-updown-5m-1786806900,https://polymarket.com/zh/event/btc-updown-5m-1786806900,23:15-23:20,99.80,0.90,99.10,0.20,5.00,5.14,5.14,5.00,99.45,0.55,0.70,0.70,10183.66,4560.00,4560.00,10293.66,106,2,2,106,62965.00,62996.59,,
2026-08-15T23:18:44+08:00,btc-updown-5m-1786806900,https://polymarket.com/zh/event/btc-updown-5m-1786806900,23:15-23:20,99.90,0.40,99.60,0.10,4554.99,45.00,45.00,4560.00,99.75,0.25,0.30,0.30,10803.67,4554.99,4560.00,10293.66,105,1,1,105,62965.00,62996.59,,
2026-08-15T23:18:47+08:00,btc-updown-5m-1786806900,https://polymarket.com/zh/event/btc-updown-5m-1786806900,23:15-23:20,99.80,0.40,99.60,0.10,5.00,45.00,45.00,2554.99,99.70,0.25,0.20,0.30,9783.67,2559.99,2554.99,9688.67,110,2,1,109,62965.00,62998.09,,
2026-08-15T23:18:49+08:00,btc-updown-5m-1786806900,https://polymarket.com/zh/event/btc-updown-5m-1786806900,23:15-23:20,99.90,0.40,99.60,0.10,2344.96,45.00,45.00,2344.96,99.75,0.25,0.30,0.30,9688.66,2344.96,2344.96,10188.66,105,1,1,107,62965.00,62996.75,,
2026-08-15T23:18:52+08:00,btc-updown-5m-1786806900,https://polymarket.com/zh/event/btc-updown-5m-1786806900,23:15-23:20,99.90,0.90,99.10,0.10,2342.97,10.23,5.23,2342.97,99.50,0.50,0.80,0.80,9683.66,2342.97,2342.97,9793.66,106,1,1,106,62965.00,62996.60,,
2026-08-15T23:18:54+08:00,btc-updown-5m-1786806900,https://polymarket.com/zh/event/btc-updown-5m-1786806900,23:15-23:20,99.90,0.30,99.70,0.10,110.00,47.31,47.31,110.00,99.80,0.20,0.20,0.20,10183.66,110.00,110.00,10193.66,108,1,1,106,62965.00,62996.61,,
2026-08-15T23:18:56+08:00,btc-updown-5m-1786806900,https://polymarket.com/zh/event/btc-updown-5m-1786806900,23:15-23:20,99.90,0.30,99.70,0.10,104.98,47.31,47.31,104.98,99.80,0.20,0.20,0.20,9643.37,104.98,104.98,9653.37,106,1,1,108,62965.00,62998.29,,
2026-08-15T23:18:59+08:00,btc-updown-5m-1786806900,https://polymarket.com/zh/event/btc-updown-5m-1786806900,23:15-23:20,99.90,0.30,99.70,0.10,104.98,47.31,47.31,104.98,99.80,0.20,0.20,0.20,9361.38,104.98,104.98,9151.38,107,1,1,107,62965.00,62998.33,,
2026-08-15T23:19:01+08:00,btc-updown-5m-1786806900,https://polymarket.com/zh/event/btc-updown-5m-1786806900,23:15-23:20,99.90,0.30,99.70,0.10,84.97,47.31,47.31,79.96,99.80,0.20,0.20,0.20,9246.37,84.97,79.96,9156.37,107,1,1,108,62965.00,62997.25,,
2026-08-15T23:19:03+08:00,btc-updown-5m-1786806900,https://polymarket.com/zh/event/btc-updown-5m-1786806900,23:15-23:20,99.90,0.20,99.80,0.10,53.95,42.31,42.31,53.95,99.85,0.15,0.10,0.10,9141.37,53.95,53.95,9146.37,110,1,1,109,62965.00,62997.44,,
2026-08-15T23:19:06+08:00,btc-updown-5m-1786806900,https://polymarket.com/zh/event/btc-updown-5m-1786806900,23:15-23:20,,0.10,99.90,,,15.00,15.00,,,,,,9648.37,,,9636.37,108,0,0,108,62965.00,62997.45,,
2026-08-15T23:19:08+08:00,btc-updown-5m-1786806900,https://polymarket.com/zh/event/btc-updown-5m-1786806900,23:15-23:20,99.80,0.60,99.20,0.20,654.66,5.00,200.00,654.66,99.50,0.40,0.60,0.40,9256.37,654.66,654.66,9646.37,104,1,1,105,62965.00,62996.75,,
2026-08-15T23:19:11+08:00,btc-updown-5m-1786806900,https://polymarket.com/zh/event/btc-updown-5m-1786806900,23:15-23:20,99.90,0.80,99.20,0.10,1241.29,210.24,210.24,1236.29,99.55,0.45,0.70,0.70,9791.37,1241.29,1236.29,9903.37,104,1,1,103,62965.00,62997.13,,
2026-08-15T23:19:13+08:00,btc-updown-5m-1786806900,https://polymarket.com/zh/event/btc-updown-5m-1786806900,23:15-23:20,,0.30,99.70,,,100.30,100.30,,,,,,8791.37,,,8776.37,104,0,0,106,62965.00,62997.08,,
2026-08-15T23:19:15+08:00,btc-updown-5m-1786806900,https://polymarket.com/zh/event/btc-updown-5m-1786806900,23:15-23:20,,0.10,99.90,,,45.00,45.00,,,,,,8856.38,,,9241.38,106,0,0,106,62965.00,62997.09,,
2026-08-15T23:19:18+08:00,btc-updown-5m-1786806900,https://polymarket.com/zh/event/btc-updown-5m-1786806900,23:15-23:20,,0.10,99.90,,,180.10,185.19,,,,,,8736.37,,,8726.37,104,0,0,104,62965.00,62997.08,,
2026-08-15T23:19:20+08:00,btc-updown-5m-1786806900,https://polymarket.com/zh/event/btc-updown-5m-1786806900,23:15-23:20,,0.10,99.90,,,230.10,225.19,,,,,,9246.37,,,9231.37,106,0,0,104,62965.00,62997.08,,
2026-08-15T23:19:23+08:00,btc-updown-5m-1786806900,https://polymarket.com/zh/event/btc-updown-5m-1786806900,23:15-23:20,,0.10,99.90,,,235.19,235.19,,,,,,8741.38,,,9241.37,105,0,0,103,62965.00,62997.02,,
2026-08-15T23:19:25+08:00,btc-updown-5m-1786806900,https://polymarket.com/zh/event/btc-updown-5m-1786806900,23:15-23:20,,0.10,99.90,,,290.19,245.19,,,,,,8746.38,,,9231.37,105,0,0,108,62965.00,63000.00,,
2026-08-15T23:19:27+08:00,btc-updown-5m-1786806900,https://polymarket.com/zh/event/btc-updown-5m-1786806900,23:15-23:20,,0.10,99.90,,,290.10,290.10,,,,,,9241.37,,,8731.37,108,0,0,108,62965.00,63005.71,,
2026-08-15T23:19:30+08:00,btc-updown-5m-1786806900,https://polymarket.com/zh/event/btc-updown-5m-1786806900,23:15-23:20,,0.10,99.90,,,290.10,290.10,,,,,,8731.37,,,4615.68,107,0,0,105,62965.00,63005.71,,
2026-08-15T23:19:32+08:00,btc-updown-5m-1786806900,https://polymarket.com/zh/event/btc-updown-5m-1786806900,23:15-23:20,,0.10,99.90,,,330.10,330.10,,,,,,4620.68,,,4110.68,107,0,0,108,62965.00,63007.12,,
2026-08-15T23:19:34+08:00,btc-updown-5m-1786806900,https://polymarket.com/zh/event/btc-updown-5m-1786806900,23:15-23:20,,0.10,99.90,,,340.10,340.10,,,,,,4130.68,,,4010.68,107,0,0,107,62965.00,63007.12,,
2026-08-15T23:19:37+08:00,btc-updown-5m-1786806900,https://polymarket.com/zh/event/btc-updown-5m-1786806900,23:15-23:20,,0.10,99.90,,,374.01,374.01,,,,,,4500.68,,,4510.68,107,0,0,107,62965.00,63007.12,,
2026-08-15T23:19:39+08:00,btc-updown-5m-1786806900,https://polymarket.com/zh/event/btc-updown-5m-1786806900,23:15-23:20,,0.10,99.90,,,2172.84,2172.84,,,,,,4120.68,,,4000.68,107,0,0,107,62965.00,63007.13,,
2026-08-15T23:19:42+08:00,btc-updown-5m-1786806900,https://polymarket.com/zh/event/btc-updown-5m-1786806900,23:15-23:20,,0.10,99.90,,,2207.84,2207.84,,,,,,3995.67,,,4000.67,107,0,0,107,62965.00,63009.48,,
2026-08-15T23:19:44+08:00,btc-updown-5m-1786806900,https://polymarket.com/zh/event/btc-updown-5m-1786806900,23:15-23:20,,0.10,99.90,,,2200.86,2200.86,,,,,,4012.67,,,4522.67,107,0,0,107,62965.00,63009.71,,
2026-08-15T23:19:46+08:00,btc-updown-5m-1786806900,https://polymarket.com/zh/event/btc-updown-5m-1786806900,23:15-23:20,,0.10,99.90,,,2200.86,2200.86,,,,,,4492.67,,,4502.67,107,0,0,107,62965.00,63009.71,,
2026-08-15T23:19:49+08:00,btc-updown-5m-1786806900,https://polymarket.com/zh/event/btc-updown-5m-1786806900,23:15-23:20,,0.10,99.90,,,2200.86,2200.86,,,,,,3992.67,,,4002.67,107,0,0,107,62965.00,63009.70,,
2026-08-15T23:19:51+08:00,btc-updown-5m-1786806900,https://polymarket.com/zh/event/btc-updown-5m-1786806900,23:15-23:20,,0.10,99.90,,,2230.86,2230.86,,,,,,3982.67,,,3992.67,107,0,0,107,62965.00,63009.70,,
2026-08-15T23:19:53+08:00,btc-updown-5m-1786806900,https://polymarket.com/zh/event/btc-updown-5m-1786806900,23:15-23:20,,0.10,99.90,,,2235.86,2235.86,,,,,,3987.67,,,4067.60,107,0,0,107,62965.00,63009.70,,
2026-08-15T23:19:56+08:00,btc-updown-5m-1786806900,https://polymarket.com/zh/event/btc-updown-5m-1786806900,23:15-23:20,,0.10,99.90,,,2235.86,2235.86,,,,,,4062.60,,,2807.60,107,0,0,107,62965.00,63009.70,,
2026-08-15T23:19:58+08:00,btc-updown-5m-1786806900,https://polymarket.com/zh/event/btc-updown-5m-1786806900,23:15-23:20,,0.10,99.90,,,2255.76,2255.76,,,,,,3427.60,,,3417.60,107,0,0,107,62965.00,63010.50,,
2026-08-15T23:20:01+08:00,btc-updown-5m-1786807200,https://polymarket.com/zh/event/btc-updown-5m-1786807200,23:20-23:25,61.00,40.00,60.00,39.00,39.78,199.42,4.80,92.29,60.50,39.50,1.00,1.00,9028.97,8778.96,9153.96,9773.97,56,38,35,48,63010.92,63010.93,,
2026-08-15T23:20:03+08:00,btc-updown-5m-1786807200,https://polymarket.com/zh/event/btc-updown-5m-1786807200,23:20-23:25,58.00,43.00,57.00,42.00,126.09,93.37,113.97,126.09,57.50,42.50,1.00,1.00,11045.97,9125.96,9240.30,10930.97,57,42,42,57,63010.92,63009.47,,
2026-08-15T23:20:06+08:00,btc-updown-5m-1786807200,https://polymarket.com/zh/event/btc-updown-5m-1786807200,23:20-23:25,54.00,49.00,53.00,48.00,10.00,18.86,20.00,346.99,53.50,48.50,1.00,1.00,11452.28,9672.30,10242.30,10962.28,53,46,47,51,63010.92,63009.47,,
2026-08-15T23:20:08+08:00,btc-updown-5m-1786807200,https://polymarket.com/zh/event/btc-updown-5m-1786807200,23:20-23:25,49.00,52.00,48.00,51.00,315.55,20.00,31.72,389.64,48.50,51.50,1.00,1.00,11307.28,8837.30,8852.31,11312.28,48,51,51,48,63010.92,63004.88,,
2026-08-15T23:20:11+08:00,btc-updown-5m-1786807200,https://polymarket.com/zh/event/btc-updown-5m-1786807200,23:20-23:25,32.00,69.00,31.00,68.00,28.75,503.68,497.61,18.00,31.50,68.50,1.00,1.00,8998.28,8775.00,8800.06,8998.28,30,68,68,30,63010.92,62998.34,,
2026-08-15T23:20:13+08:00,btc-updown-5m-1786807200,https://polymarket.com/zh/event/btc-updown-5m-1786807200,23:20-23:25,40.00,61.00,39.00,60.00,20.00,278.00,283.11,20.00,39.50,60.50,1.00,1.00,8978.28,9390.00,9490.00,8978.28,39,60,60,39,63010.92,62998.34,,
2026-08-15T23:20:15+08:00,btc-updown-5m-1786807200,https://polymarket.com/zh/event/btc-updown-5m-1786807200,23:20-23:25,42.00,59.00,41.00,58.00,248.26,144.97,36.50,243.15,41.50,58.50,1.00,1.00,10508.28,9385.00,9505.01,10508.28,41,58,58,41,63010.92,62998.34,,
2026-08-15T23:20:18+08:00,btc-updown-5m-1786807200,https://polymarket.com/zh/event/btc-updown-5m-1786807200,23:20-23:25,42.00,59.00,41.00,58.00,53.00,262.11,262.11,53.00,41.50,58.50,1.00,1.00,10508.28,9385.00,9250.00,10263.28,41,58,58,41,63010.92,62998.34,,
2026-08-15T23:20:20+08:00,btc-updown-5m-1786807200,https://polymarket.com/zh/event/btc-updown-5m-1786807200,23:20-23:25,42.00,59.00,41.00,58.00,177.85,171.89,8.00,165.57,41.50,58.50,1.00,1.00,9323.28,8200.00,8055.00,9068.28,41,58,58,41,63010.92,62998.34,,
2026-08-15T23:20:23+08:00,btc-updown-5m-1786807200,https://polymarket.com/zh/event/btc-updown-5m-1786807200,23:20-23:25,42.00,59.00,41.00,58.00,70.85,152.72,227.49,58.96,41.50,58.50,1.00,1.00,8333.28,7220.00,7210.01,8323.28,41,58,58,41,63010.92,62998.34,,
2026-08-15T23:20:25+08:00,btc-updown-5m-1786807200,https://polymarket.com/zh/event/btc-updown-5m-1786807200,23:20-23:25,47.00,54.00,46.00,53.00,60.94,318.50,318.50,60.94,46.50,53.50,1.00,1.00,8293.28,7085.01,6730.01,8043.28,46,53,53,46,63010.92,62998.34,,
2026-08-15T23:20:27+08:00,btc-updown-5m-1786807200,https://polymarket.com/zh/event/btc-updown-5m-1786807200,23:20-23:25,47.00,54.00,46.00,53.00,319.44,8.00,52.18,319.44,46.50,53.50,1.00,1.00,7783.28,6470.01,6585.01,7793.28,46,53,53,46,63010.92,62998.34,,
2026-08-15T23:20:30+08:00,btc-updown-5m-1786807200,https://polymarket.com/zh/event/btc-updown-5m-1786807200,23:20-23:25,39.00,62.00,38.00,61.00,30.00,285.52,315.88,24.87,38.50,61.50,1.00,1.00,7338.28,6320.00,6320.00,7738.28,38,61,61,38,63010.92,62994.72,,
2026-08-15T23:20:32+08:00,btc-updown-5m-1786807200,https://polymarket.com/zh/event/btc-updown-5m-1786807200,23:20-23:25,42.00,59.00,41.00,58.00,69.93,175.86,175.86,69.93,41.50,58.50,1.00,1.00,7263.28,5672.00,5657.00,7258.28,41,58,58,41,63010.92,62994.72,,
2026-08-15T23:20:35+08:00,btc-updown-5m-1786807200,https://polymarket.com/zh/event/btc-updown-5m-1786807200,23:20-23:25,42.00,60.00,41.00,59.00,114.69,42.28,5.00,259.19,41.50,59.50,1.00,1.00,5483.28,5412.01,5522.01,5493.28,41,58,59,40,63010.92,62994.72,,
2026-08-15T23:20:37+08:00,btc-updown-5m-1786807200,https://polymarket.com/zh/event/btc-updown-5m-1786807200,23:20-23:25,39.00,62.00,38.00,61.00,322.29,70.85,60.85,312.29,38.50,61.50,1.00,1.00,5468.28,7516.99,7621.99,5473.28,38,61,61,38,63010.92,62994.72,,
2026-08-15T23:20:39+08:00,btc-updown-5m-1786807200,https://polymarket.com/zh/event/btc-updown-5m-1786807200,23:20-23:25,39.00,62.00,38.00,61.00,50.00,233.32,223.32,50.00,38.50,61.50,1.00,1.00,5468.28,5492.00,5407.01,5468.28,38,61,61,38,63010.92,62994.72,,
2026-08-15T23:20:42+08:00,btc-updown-5m-1786807200,https://polymarket.com/zh/event/btc-updown-5m-1786807200,23:20-23:25,39.00,62.00,38.00,61.00,55.00,191.78,191.78,55.00,38.50,61.50,1.00,1.00,5405.28,5512.05,5492.00,5390.28,38,61,61,38,63010.92,62994.72,,
2026-08-15T23:20:44+08:00,btc-updown-5m-1786807200,https://polymarket.com/zh/event/btc-updown-5m-1786807200,23:20-23:25,40.00,61.00,39.00,60.00,55.00,284.32,289.32,55.00,39.50,60.50,1.00,1.00,5395.28,5407.01,5397.01,5390.28,39,60,60,39,63010.92,62994.71,,
2026-08-15T23:20:46+08:00,btc-updown-5m-1786807200,https://polymarket.com/zh/event/btc-updown-5m-1786807200,23:20-23:25,39.00,62.00,38.00,61.00,136.99,98.77,98.77,136.99,38.50,61.50,1.00,1.00,5400.28,5407.00,5497.00,5390.28,38,61,61,38,63010.92,62994.72,,
2026-08-15T23:20:49+08:00,btc-updown-5m-1786807200,https://polymarket.com/zh/event/btc-updown-5m-1786807200,23:20-23:25,45.00,56.00,44.00,55.00,9.07,372.54,362.54,5.00,44.50,55.50,1.00,1.00,5406.81,5497.00,5397.00,5406.81,44,55,55,44,63010.92,62998.29,,
2026-08-15T23:20:51+08:00,btc-updown-5m-1786807200,https://polymarket.com/zh/event/btc-updown-5m-1786807200,23:20-23:25,45.00,59.00,44.00,58.00,255.48,30.00,5.00,33.33,44.50,58.50,1.00,1.00,5400.81,5491.00,5496.00,5400.81,44,55,58,41,63010.92,62998.29,,
2026-08-15T23:20:54+08:00,btc-updown-5m-1786807200,https://polymarket.com/zh/event/btc-updown-5m-1786807200,23:20-23:25,48.00,52.00,47.00,51.00,351.95,326.74,36.00,104.00,47.50,51.50,1.00,1.00,5360.81,5151.00,5251.00,5365.81,46,52,51,48,63010.92,62998.29,,
2026-08-15T23:20:56+08:00,btc-updown-5m-1786807200,https://polymarket.com/zh/event/btc-updown-5m-1786807200,23:20-23:25,49.00,52.00,48.00,51.00,89.00,27.64,255.86,233.63,48.50,51.50,1.00,1.00,5433.52,5161.00,5151.00,5418.52,47,51,51,48,63010.92,62998.28,,
2026-08-15T23:20:58+08:00,btc-updown-5m-1786807200,https://polymarket.com/zh/event/btc-updown-5m-1786807200,23:20-23:25,44.00,57.00,43.00,56.00,28.42,62.02,108.02,28.42,43.50,56.50,1.00,1.00,4920.81,4981.00,4906.00,4925.81,43,56,56,43,63010.92,62998.29,,
2026-08-15T23:21:01+08:00,btc-updown-5m-1786807200,https://polymarket.com/zh/event/btc-updown-5m-1786807200,23:20-23:25,34.00,67.00,33.00,66.00,136.99,498.69,106.79,24.50,33.50,66.50,1.00,1.00,10057.47,8726.00,8726.00,10795.80,33,65,66,33,63010.92,62998.29,,
2026-08-15T23:21:03+08:00,btc-updown-5m-1786807200,https://polymarket.com/zh/event/btc-updown-5m-1786807200,23:20-23:25,45.00,56.00,44.00,55.00,199.43,38.21,50.00,199.43,44.50,55.50,1.00,1.00,10535.80,8502.00,8386.00,10525.80,43,55,55,43,63010.92,62998.29,,
2026-08-15T23:21:06+08:00,btc-updown-5m-1786807200,https://polymarket.com/zh/event/btc-updown-5m-1786807200,23:20-23:25,44.00,57.00,43.00,56.00,374.21,61.13,66.40,374.21,43.50,56.50,1.00,1.00,10285.80,8256.01,7993.01,10132.80,42,56,56,42,63010.92,62997.88,,
2026-08-15T23:21:08+08:00,btc-updown-5m-1786807200,https://polymarket.com/zh/event/btc-updown-5m-1786807200,23:20-23:25,40.00,60.00,39.00,59.00,3.24,41.66,260.90,272.93,39.50,59.50,1.00,1.00,10077.80,7938.00,8028.00,10067.80,39,60,59,40,63010.92,62997.88,,
2026-08-15T23:21:11+08:00,btc-updown-5m-1786807200,https://polymarket.com/zh/event/btc-updown-5m-1786807200,23:20-23:25,29.00,72.00,28.00,71.00,20.00,288.46,298.03,20.00,28.50,71.50,1.00,1.00,9824.80,7833.01,7848.01,9824.80,28,71,71,28,63010.92,62997.81,,
2026-08-15T23:21:13+08:00,btc-updown-5m-1786807200,https://polymarket.com/zh/event/btc-updown-5m-1786807200,23:20-23:25,31.00,70.00,30.00,69.00,5.00,53.29,54.22,5.00,30.50,69.50,1.00,1.00,9862.80,7642.00,7646.00,9867.80,30,69,69,30,63010.92,62994.72,,
2026-08-15T23:21:15+08:00,btc-updown-5m-1786807200,https://polymarket.com/zh/event/btc-updown-5m-1786807200,23:20-23:25,29.00,69.00,28.00,68.00,20.88,81.00,29.05,25.00,28.50,68.50,1.00,1.00,9727.80,7631.00,7736.00,9627.80,28,71,68,31,63010.92,62994.72,,
2026-08-15T23:21:18+08:00,btc-updown-5m-1786807200,https://polymarket.com/zh/event/btc-updown-5m-1786807200,23:20-23:25,29.00,72.00,28.00,71.00,46.55,186.69,186.69,46.55,28.50,71.50,1.00,1.00,9654.80,7568.06,7663.01,9654.80,28,71,71,28,63010.92,62994.72,,
2026-08-15T23:21:20+08:00,btc-updown-5m-1786807200,https://polymarket.com/zh/event/btc-updown-5m-1786807200,23:20-23:25,34.00,67.00,33.00,66.00,371.41,10.00,10.00,371.41,33.50,66.50,1.00,1.00,9754.80,7578.01,7563.01,9754.80,33,66,66,33,63010.92,62994.72,,
2026-08-15T23:21:22+08:00,btc-updown-5m-1786807200,https://polymarket.com/zh/event/btc-updown-5m-1786807200,23:20-23:25,33.00,68.00,32.00,67.00,354.97,65.29,66.77,354.97,32.50,67.50,1.00,1.00,9769.80,7573.00,7658.00,9754.80,32,67,67,32,63010.92,62994.72,,
2026-08-15T23:21:25+08:00,btc-updown-5m-1786807200,https://polymarket.com/zh/event/btc-updown-5m-1786807200,23:20-23:25,33.00,69.00,32.00,68.00,342.88,70.00,41.14,315.99,32.50,68.50,1.00,1.00,9754.80,7774.00,7673.00,9759.80,32,67,68,31,63010.92,62994.72,,
2026-08-15T23:21:27+08:00,btc-updown-5m-1786807200,https://polymarket.com/zh/event/btc-updown-5m-1786807200,23:20-23:25,32.00,69.00,31.00,68.00,363.75,124.69,139.19,51.25,31.50,68.50,1.00,1.00,9754.80,7568.00,7673.00,9764.80,31,68,68,31,63010.92,62994.70,,
2026-08-15T23:21:30+08:00,btc-updown-5m-1786807200,https://polymarket.com/zh/event/btc-updown-5m-1786807200,23:20-23:25,31.00,70.00,30.00,69.00,206.99,145.08,58.33,213.99,30.50,69.50,1.00,1.00,9936.55,7573.00,7564.00,9926.55,30,69,69,30,63010.92,62994.70,,
2026-08-15T23:21:32+08:00,btc-updown-5m-1786807200,https://polymarket.com/zh/event/btc-updown-5m-1786807200,23:20-23:25,33.00,68.00,32.00,67.00,68.47,253.28,193.28,68.47,32.50,67.50,1.00,1.00,9941.55,7573.01,7668.01,9926.55,32,67,67,32,63010.92,62994.70,,
2026-08-15T23:21:34+08:00,btc-updown-5m-1786807200,https://polymarket.com/zh/event/btc-updown-5m-1786807200,23:20-23:25,33.00,68.00,32.00,67.00,11.75,338.29,339.77,8.71,32.50,67.50,1.00,1.00,9941.55,7118.00,7213.01,9926.55,32,67,67,32,63010.92,62994.70,,
2026-08-15T23:21:37+08:00,btc-updown-5m-1786807200,https://polymarket.com/zh/event/btc-updown-5m-1786807200,23:20-23:25,34.00,67.00,33.00,66.00,31.09,420.01,420.01,31.09,33.50,66.50,1.00,1.00,9931.55,7669.00,7679.00,9936.55,33,66,66,33,63010.92,62994.70,,
2026-08-15T23:21:39+08:00,btc-updown-5m-1786807200,https://polymarket.com/zh/event/btc-updown-5m-1786807200,23:20-23:25,34.00,67.00,33.00,66.00,41.00,374.02,377.01,41.00,33.50,66.50,1.00,1.00,9921.55,7563.01,7673.01,9926.55,33,66,66,33,63010.92,62994.70,,
2026-08-15T23:21:42+08:00,btc-updown-5m-1786807200,https://polymarket.com/zh/event/btc-updown-5m-1786807200,23:20-23:25,34.00,67.00,33.00,66.00,62.47,150.84,150.84,59.52,33.50,66.50,1.00,1.00,9581.55,7548.00,7558.00,9571.55,33,66,66,33,63010.92,62994.69,,
2026-08-15T23:21:44+08:00,btc-updown-5m-1786807200,https://polymarket.com/zh/event/btc-updown-5m-1786807200,23:20-23:25,34.00,67.00,33.00,66.00,76.52,145.91,145.91,76.52,33.50,66.50,1.00,1.00,9186.55,7128.01,7218.01,9171.55,33,66,66,33,63010.92,62994.70,,
2026-08-15T23:21:46+08:00,btc-updown-5m-1786807200,https://polymarket.com/zh/event/btc-updown-5m-1786807200,23:20-23:25,29.00,72.00,28.00,71.00,319.55,101.00,96.00,324.20,28.50,71.50,1.00,1.00,9495.55,7679.00,7574.00,9495.55,28,71,71,28,63010.92,62994.70,,
2026-08-15T23:21:49+08:00,btc-updown-5m-1786807200,https://polymarket.com/zh/event/btc-updown-5m-1786807200,23:20-23:25,29.00,72.00,28.00,71.00,264.41,28.53,33.53,264.41,28.50,71.50,1.00,1.00,9495.55,7563.01,7663.00,9495.55,28,71,71,28,63010.92,62994.70,,
2026-08-15T23:21:51+08:00,btc-updown-5m-1786807200,https://polymarket.com/zh/event/btc-updown-5m-1786807200,23:20-23:25,29.00,73.00,28.00,72.00,182.98,206.06,25.00,168.00,28.50,72.50,1.00,1.00,9495.55,7218.00,7128.01,9495.55,28,71,72,27,63010.92,62994.70,,
2026-08-15T23:21:54+08:00,btc-updown-5m-1786807200,https://polymarket.com/zh/event/btc-updown-5m-1786807200,23:20-23:25,12.00,92.00,11.00,90.00,100.00,23.63,41.44,125.06,11.50,91.00,1.00,2.00,7780.57,8158.01,8173.01,7089.57,10,86,90,8,63010.92,62994.70,,
2026-08-15T23:21:56+08:00,btc-updown-5m-1786807200,https://polymarket.com/zh/event/btc-updown-5m-1786807200,23:20-23:25,6.00,95.00,5.00,94.00,311.93,152.68,138.43,306.82,5.50,94.50,1.00,1.00,5830.67,8174.00,9585.66,5874.72,5,94,94,5,63010.92,62983.64,,
2026-08-15T23:21:58+08:00,btc-updown-5m-1786807200,https://polymarket.com/zh/event/btc-updown-5m-1786807200,23:20-23:25,7.00,94.00,6.00,93.00,5.00,188.82,189.92,5.00,6.50,93.50,1.00,1.00,6725.37,10257.40,10162.40,6693.73,6,93,93,6,63010.92,62981.84,,
2026-08-15T23:22:01+08:00,btc-updown-5m-1786807200,https://polymarket.com/zh/event/btc-updown-5m-1786807200,23:20-23:25,7.00,94.00,6.00,93.00,15.00,37.19,35.16,15.00,6.50,93.50,1.00,1.00,7107.50,10324.52,10229.51,7023.13,6,93,93,6,63010.92,62980.44,,
2026-08-15T23:22:03+08:00,btc-updown-5m-1786807200,https://polymarket.com/zh/event/btc-updown-5m-1786807200,23:20-23:25,12.00,89.00,11.00,88.00,313.74,17.78,26.34,313.74,11.50,88.50,1.00,1.00,6327.77,10126.51,10136.52,6327.77,11,88,88,11,63010.92,62984.75,,
2026-08-15T23:22:06+08:00,btc-updown-5m-1786807200,https://polymarket.com/zh/event/btc-updown-5m-1786807200,23:20-23:25,12.00,89.00,11.00,88.00,325.21,51.13,35.38,305.63,11.50,88.50,1.00,1.00,6283.78,10127.51,10042.56,6273.78,11,88,88,11,63010.92,62982.70,,
2026-08-15T23:22:08+08:00,btc-updown-5m-1786807200,https://polymarket.com/zh/event/btc-updown-5m-1786807200,23:20-23:25,19.00,82.00,18.00,81.00,365.64,70.89,69.89,282.62,18.50,81.50,1.00,1.00,5752.32,9971.52,9881.52,5739.32,18,81,81,18,63010.92,62982.71,,
2026-08-15T23:22:10+08:00,btc-updown-5m-1786807200,https://polymarket.com/zh/event/btc-updown-5m-1786807200,23:20-23:25,19.00,80.00,18.00,79.00,14.17,151.11,419.12,53.00,18.50,79.50,1.00,1.00,5768.50,10024.51,9934.51,5758.50,18,81,79,20,63010.92,62986.73,,
2026-08-15T23:22:13+08:00,btc-updown-5m-1786807200,https://polymarket.com/zh/event/btc-updown-5m-1786807200,23:20-23:25,20.00,81.00,19.00,80.00,123.61,153.96,158.96,57.61,19.50,80.50,1.00,1.00,5761.14,9904.51,10020.51,6211.46,19,80,80,19,63010.92,62986.74,,
2026-08-15T23:22:15+08:00,btc-updown-5m-1786807200,https://polymarket.com/zh/event/btc-updown-5m-1786807200,23:20-23:25,36.00,65.00,35.00,64.00,118.68,38.37,24.92,120.60,35.50,64.50,1.00,1.00,8124.60,7885.52,7805.52,8124.60,35,63,63,35,63010.92,62991.79,,
2026-08-15T23:22:17+08:00,btc-updown-5m-1786807200,https://polymarket.com/zh/event/btc-updown-5m-1786807200,23:20-23:25,28.00,75.00,27.00,74.00,324.90,2.68,3.68,172.58,27.50,74.50,1.00,1.00,7457.60,8229.52,8339.52,7447.60,27,72,74,25,63010.92,62982.33,,
2026-08-15T23:22:30+08:00,btc-updown-5m-1786807200,https://polymarket.com/zh/event/btc-updown-5m-1786807200,23:20-23:25,17.00,84.00,16.00,83.00,70.28,182.88,177.38,80.28,16.50,83.50,1.00,1.00,6804.50,8341.52,8251.52,6784.50,16,83,83,16,63010.92,62988.12,,
2026-08-15T23:22:32+08:00,btc-updown-5m-1786807200,https://polymarket.com/zh/event/btc-updown-5m-1786807200,23:20-23:25,17.00,84.00,16.00,83.00,255.99,62.32,77.32,261.89,16.50,83.50,1.00,1.00,6515.50,8346.52,8235.52,6520.50,16,83,83,16,63010.92,62988.12,,
2026-08-15T23:22:35+08:00,btc-updown-5m-1786807200,https://polymarket.com/zh/event/btc-updown-5m-1786807200,23:20-23:25,16.00,85.00,15.00,84.00,220.99,162.46,107.46,217.27,15.50,84.50,1.00,1.00,6711.16,8240.52,8345.52,6706.16,15,84,84,15,63010.92,62988.12,,
2026-08-15T23:22:37+08:00,btc-updown-5m-1786807200,https://polymarket.com/zh/event/btc-updown-5m-1786807200,23:20-23:25,16.00,85.00,15.00,84.00,101.46,43.03,38.02,116.40,15.50,84.50,1.00,1.00,6709.16,8151.52,8241.57,6709.16,15,84,84,15,63010.92,62988.12,,
2026-08-15T23:22:39+08:00,btc-updown-5m-1786807200,https://polymarket.com/zh/event/btc-updown-5m-1786807200,23:20-23:25,15.00,86.00,14.00,85.00,163.72,28.06,30.39,163.72,14.50,85.50,1.00,1.00,6709.16,8250.52,8340.53,6720.16,14,85,85,14,63010.92,62988.11,,
2026-08-15T23:22:42+08:00,btc-updown-5m-1786807200,https://polymarket.com/zh/event/btc-updown-5m-1786807200,23:20-23:25,15.00,86.00,14.00,85.00,5.00,96.68,15.00,3.33,14.50,85.50,1.00,1.00,6710.99,8285.52,8185.52,6696.99,14,82,83,14,63010.92,62988.12,,
2026-08-15T23:22:44+08:00,btc-updown-5m-1786807200,https://polymarket.com/zh/event/btc-updown-5m-1786807200,23:20-23:25,15.00,86.00,14.00,85.00,254.52,16.83,16.83,254.52,14.50,85.50,1.00,1.00,6691.99,8360.52,8365.52,6701.99,14,85,85,14,63010.92,62988.11,,
2026-08-15T23:22:47+08:00,btc-updown-5m-1786807200,https://polymarket.com/zh/event/btc-updown-5m-1786807200,23:20-23:25,14.00,87.00,13.00,86.00,295.08,63.00,72.99,287.93,13.50,86.50,1.00,1.00,6825.99,9069.85,8969.85,6840.99,13,86,86,13,63010.92,62988.11,,
2026-08-15T23:22:49+08:00,btc-updown-5m-1786807200,https://polymarket.com/zh/event/btc-updown-5m-1786807200,23:20-23:25,13.00,88.00,12.00,87.00,391.94,71.85,72.99,391.94,12.50,87.50,1.00,1.00,6901.74,10375.51,10485.52,6901.74,12,87,87,12,63010.92,62988.12,,
2026-08-15T23:22:51+08:00,btc-updown-5m-1786807200,https://polymarket.com/zh/event/btc-updown-5m-1786807200,23:20-23:25,12.00,89.00,11.00,88.00,150.35,65.00,65.00,141.32,11.50,88.50,1.00,1.00,6873.74,10491.51,10491.51,6833.74,11,88,88,11,63010.92,62988.12,,
2026-08-15T23:22:54+08:00,btc-updown-5m-1786807200,https://polymarket.com/zh/event/btc-updown-5m-1786807200,23:20-23:25,11.00,90.00,10.00,89.00,236.55,462.71,477.19,236.55,10.50,89.50,1.00,1.00,6848.74,10481.51,10481.51,6823.74,10,89,89,10,63010.92,62988.12,,
2026-08-15T23:22:56+08:00,btc-updown-5m-1786807200,https://polymarket.com/zh/event/btc-updown-5m-1786807200,23:20-23:25,5.00,96.00,4.00,95.00,165.21,60.87,14.96,195.21,4.50,95.50,1.00,1.00,6441.70,10485.51,10370.51,6487.61,4,95,95,4,63010.92,62985.31,,
2026-08-15T23:22:58+08:00,btc-updown-5m-1786807200,https://polymarket.com/zh/event/btc-updown-5m-1786807200,23:20-23:25,7.00,94.00,6.00,93.00,87.74,136.20,233.66,90.42,6.50,93.50,1.00,1.00,7089.74,10462.51,10352.51,7019.74,6,93,93,6,63010.92,62986.97,,
2026-08-15T23:23:01+08:00,btc-updown-5m-1786807200,https://polymarket.com/zh/event/btc-updown-5m-1786807200,23:20-23:25,6.00,95.00,5.00,94.00,126.94,105.34,165.87,116.33,5.50,94.50,1.00,1.00,7512.73,10560.72,10455.72,7496.20,5,94,94,5,63010.92,62987.74,,
2026-08-15T23:23:03+08:00,btc-updown-5m-1786807200,https://polymarket.com/zh/event/btc-updown-5m-1786807200,23:20-23:25,3.00,98.00,2.00,97.00,109.02,774.59,779.80,109.02,2.50,97.50,1.00,1.00,6248.96,10461.72,10566.72,6243.75,2,97,97,2,63010.92,62987.73,,
2026-08-15T23:23:06+08:00,btc-updown-5m-1786807200,https://polymarket.com/zh/event/btc-updown-5m-1786807200,23:20-23:25,3.00,98.00,2.00,97.00,45.59,537.71,527.71,17.25,2.50,97.50,1.00,1.00,6196.87,10380.72,10305.72,6206.87,2,97,97,2,63010.92,62985.27,,
2026-08-15T23:23:08+08:00,btc-updown-5m-1786807200,https://polymarket.com/zh/event/btc-updown-5m-1786807200,23:20-23:25,5.00,96.00,4.00,95.00,140.28,97.74,97.74,100.28,4.50,95.50,1.00,1.00,6238.21,10345.72,10360.77,6238.21,4,95,95,4,63010.92,62985.27,,
2026-08-15T23:23:11+08:00,btc-updown-5m-1786807200,https://polymarket.com/zh/event/btc-updown-5m-1786807200,23:20-23:25,5.00,96.00,4.00,95.00,38.00,135.08,155.08,38.00,4.50,95.50,1.00,1.00,6490.55,10271.72,10346.72,6470.55,4,95,95,4,63010.92,62985.27,,
2026-08-15T23:23:13+08:00,btc-updown-5m-1786807200,https://polymarket.com/zh/event/btc-updown-5m-1786807200,23:20-23:25,6.00,95.00,5.00,94.00,125.62,5.05,5.05,108.95,5.50,94.50,1.00,1.00,6510.37,10250.72,10340.72,6426.37,5,94,94,5,63010.92,62985.27,,
2026-08-15T23:23:15+08:00,btc-updown-5m-1786807200,https://polymarket.com/zh/event/btc-updown-5m-1786807200,23:20-23:25,4.00,97.00,3.00,96.00,18.00,489.99,489.99,18.00,3.50,96.50,1.00,1.00,6165.08,10250.72,10340.72,6160.08,3,96,96,3,63010.92,62980.58,,
2026-08-15T23:23:18+08:00,btc-updown-5m-1786807200,https://polymarket.com/zh/event/btc-updown-5m-1786807200,23:20-23:25,5.00,95.00,4.00,94.00,104.90,122.66,326.66,75.41,4.50,94.50,1.00,1.00,6116.51,10355.72,10355.72,6432.13,4,95,94,5,63010.92,62984.91,,
2026-08-15T23:23:20+08:00,btc-updown-5m-1786807200,https://polymarket.com/zh/event/btc-updown-5m-1786807200,23:20-23:25,6.00,95.00,5.00,94.00,115.34,75.66,86.73,115.34,5.50,94.50,1.00,1.00,6016.58,10349.72,10340.72,6010.51,5,94,94,5,63010.92,62984.91,,
2026-08-15T23:23:22+08:00,btc-updown-5m-1786807200,https://polymarket.com/zh/event/btc-updown-5m-1786807200,23:20-23:25,6.00,96.00,5.00,95.00,122.61,20.00,49.28,101.63,5.50,95.50,1.00,1.00,6165.91,10085.72,10180.72,5931.24,5,94,95,4,63010.92,62984.90,,
2026-08-15T23:23:25+08:00,btc-updown-5m-1786807200,https://polymarket.com/zh/event/btc-updown-5m-1786807200,23:20-23:25,7.00,95.00,6.00,94.00,221.59,27.61,49.67,278.59,6.50,94.50,1.00,1.00,6153.24,9860.32,9795.31,6176.85,6,93,94,5,63010.92,62984.90,,
2026-08-15T23:23:27+08:00,btc-updown-5m-1786807200,https://polymarket.com/zh/event/btc-updown-5m-1786807200,23:20-23:25,4.00,97.00,3.00,96.00,10.00,180.10,202.72,10.00,3.50,96.50,1.00,1.00,5913.52,10231.31,10321.31,5890.90,3,96,96,3,63010.92,62984.91,,
2026-08-15T23:23:30+08:00,btc-updown-5m-1786807200,https://polymarket.com/zh/event/btc-updown-5m-1786807200,23:20-23:25,4.00,97.00,3.00,96.00,124.01,3.90,107.00,129.01,3.50,96.50,1.00,1.00,5781.14,10221.31,10321.31,5688.04,3,96,96,3,63010.92,62984.91,,
2026-08-15T23:23:32+08:00,btc-updown-5m-1786807200,https://polymarket.com/zh/event/btc-updown-5m-1786807200,23:20-23:25,2.00,99.00,1.00,98.00,348.00,5361.38,5361.38,346.84,1.50,98.50,1.00,1.00,5361.38,10310.31,10316.31,5361.38,1,98,98,1,63010.92,62984.90,,
2026-08-15T23:23:34+08:00,btc-updown-5m-1786807200,https://polymarket.com/zh/event/btc-updown-5m-1786807200,23:20-23:25,2.00,99.00,1.00,98.00,25.61,5199.11,5202.16,25.61,1.50,98.50,1.00,1.00,5202.16,10320.36,10200.31,5199.11,1,98,98,1,63010.92,62984.91,,
2026-08-15T23:23:37+08:00,btc-updown-5m-1786807200,https://polymarket.com/zh/event/btc-updown-5m-1786807200,23:20-23:25,2.00,99.00,1.00,98.00,25.61,5496.88,5519.88,38.61,1.50,98.50,1.00,1.00,5519.88,9765.31,9861.31,5496.88,1,98,98,1,63010.92,62985.22,,
2026-08-15T23:23:39+08:00,btc-updown-5m-1786807200,https://polymarket.com/zh/event/btc-updown-5m-1786807200,23:20-23:25,3.00,99.00,2.00,98.00,432.99,5216.29,64.84,32.00,2.50,98.50,1.00,1.00,5227.25,9895.31,8175.32,5216.29,2,97,98,1,63010.92,62985.23,,
2026-08-15T23:23:41+08:00,btc-updown-5m-1786807200,https://polymarket.com/zh/event/btc-updown-5m-1786807200,23:20-23:25,2.00,99.00,1.00,98.00,37.00,5179.49,5173.92,37.00,1.50,98.50,1.00,1.00,5173.92,8165.32,8085.32,5179.49,1,98,98,1,63010.92,62985.23,,
2026-08-15T23:23:44+08:00,btc-updown-5m-1786807200,https://polymarket.com/zh/event/btc-updown-5m-1786807200,23:20-23:25,3.00,98.00,2.00,97.00,372.14,55.00,54.87,377.14,2.50,97.50,1.00,1.00,5183.80,7759.32,7433.32,4958.93,2,97,97,2,63010.92,62985.22,,
2026-08-15T23:23:46+08:00,btc-updown-5m-1786807200,https://polymarket.com/zh/event/btc-updown-5m-1786807200,23:20-23:25,2.00,99.00,1.00,98.00,20.00,5168.71,5168.55,25.00,1.50,98.50,1.00,1.00,5168.55,7734.32,7639.32,5168.71,1,98,98,1,63010.92,62985.23,,
2026-08-15T23:23:49+08:00,btc-updown-5m-1786807200,https://polymarket.com/zh/event/btc-updown-5m-1786807200,23:20-23:25,2.00,99.00,1.00,98.00,25.00,5167.51,5164.54,25.00,1.50,98.50,1.00,1.00,5164.54,7738.32,7648.32,5167.51,1,98,98,1,63010.92,62985.23,,
2026-08-15T23:23:51+08:00,btc-updown-5m-1786807200,https://polymarket.com/zh/event/btc-updown-5m-1786807200,23:20-23:25,2.00,99.00,1.00,98.00,295.97,974.35,986.35,295.97,1.50,98.50,1.00,1.00,986.35,8073.32,8088.32,974.35,1,98,98,1,63010.92,62985.23,,
2026-08-15T23:23:53+08:00,btc-updown-5m-1786807200,https://polymarket.com/zh/event/btc-updown-5m-1786807200,23:20-23:25,2.00,99.00,1.00,98.00,790.03,754.67,769.67,840.03,1.50,98.50,1.00,1.00,769.67,8073.32,7994.32,754.67,1,98,98,1,63010.92,62985.23,,
2026-08-15T23:23:56+08:00,btc-updown-5m-1786807200,https://polymarket.com/zh/event/btc-updown-5m-1786807200,23:20-23:25,2.00,99.00,1.00,98.00,692.29,719.46,730.53,692.29,1.50,98.50,1.00,1.00,730.53,8085.37,7990.32,719.46,1,98,98,1,63010.92,62985.45,,
2026-08-15T23:23:58+08:00,btc-updown-5m-1786807200,https://polymarket.com/zh/event/btc-updown-5m-1786807200,23:20-23:25,1.00,,,99.00,456.03,,,425.77,,,,,,7863.32,7874.32,,0,99,99,0,63010.92,62985.45,,
2026-08-15T23:24:01+08:00,btc-updown-5m-1786807200,https://polymarket.com/zh/event/btc-updown-5m-1786807200,23:20-23:25,1.00,,,99.00,1181.13,,,1081.13,,,,,,7853.32,7863.32,,0,99,99,0,63010.92,62985.45,,
2026-08-15T23:24:03+08:00,btc-updown-5m-1786807200,https://polymarket.com/zh/event/btc-updown-5m-1786807200,23:20-23:25,1.00,,,99.00,764.76,,,762.72,,,,,,7853.32,7848.32,,0,99,99,0,63010.92,62988.01,,
2026-08-15T23:24:06+08:00,btc-updown-5m-1786807200,https://polymarket.com/zh/event/btc-updown-5m-1786807200,23:20-23:25,1.00,,,99.00,764.72,,,764.72,,,,,,7864.32,7854.32,,0,99,99,0,63010.92,62988.01,,
2026-08-15T23:24:08+08:00,btc-updown-5m-1786807200,https://polymarket.com/zh/event/btc-updown-5m-1786807200,23:20-23:25,1.00,,,99.00,764.72,,,814.72,,,,,,7404.32,7414.32,,0,99,99,0,63010.92,62988.01,,
2026-08-15T23:24:10+08:00,btc-updown-5m-1786807200,https://polymarket.com/zh/event/btc-updown-5m-1786807200,23:20-23:25,1.00,,,99.00,1479.22,,,1479.22,,,,,,7414.32,7398.32,,0,99,99,0,63010.92,62988.02,,
2026-08-15T23:24:13+08:00,btc-updown-5m-1786807200,https://polymarket.com/zh/event/btc-updown-5m-1786807200,23:20-23:25,1.00,,,99.00,864.62,,,864.62,,,,,,7409.32,7398.32,,0,99,99,0,63010.92,62988.02,,
2026-08-15T23:24:15+08:00,btc-updown-5m-1786807200,https://polymarket.com/zh/event/btc-updown-5m-1786807200,23:20-23:25,1.00,,,99.00,1013.10,,,1084.50,,,,,,7418.32,7404.32,,0,99,99,0,63010.92,62988.02,,
2026-08-15T23:24:18+08:00,btc-updown-5m-1786807200,https://polymarket.com/zh/event/btc-updown-5m-1786807200,23:20-23:25,1.00,,,99.00,1822.17,,,1822.17,,,,,,7727.32,7682.32,,0,99,99,0,63010.92,62987.67,,
2026-08-15T23:24:20+08:00,btc-updown-5m-1786807200,https://polymarket.com/zh/event/btc-updown-5m-1786807200,23:20-23:25,1.00,,,99.00,2451.91,,,2467.16,,,,,,7697.32,7676.32,,0,99,99,0,63010.92,62987.67,,
2026-08-15T23:24:23+08:00,btc-updown-5m-1786807200,https://polymarket.com/zh/event/btc-updown-5m-1786807200,23:20-23:25,1.00,,,99.00,2187.16,,,2187.16,,,,,,7466.32,7451.32,,0,99,99,0,63010.92,62990.25,,
2026-08-15T23:24:25+08:00,btc-updown-5m-1786807200,https://polymarket.com/zh/event/btc-updown-5m-1786807200,23:20-23:25,1.00,,,99.00,2573.82,,,2608.82,,,,,,7451.32,7441.32,,0,99,99,0,63010.92,62990.26,,
2026-08-15T23:24:27+08:00,btc-updown-5m-1786807200,https://polymarket.com/zh/event/btc-updown-5m-1786807200,23:20-23:25,1.00,,,99.00,2709.83,,,4709.84,,,,,,7452.32,7442.32,,0,99,99,0,63010.92,62992.35,,
2026-08-15T23:24:30+08:00,btc-updown-5m-1786807200,https://polymarket.com/zh/event/btc-updown-5m-1786807200,23:20-23:25,1.00,,,99.00,4797.53,,,5955.53,,,,,,7467.32,3238.82,,0,99,99,0,63010.92,62992.36,,
2026-08-15T23:24:32+08:00,btc-updown-5m-1786807200,https://polymarket.com/zh/event/btc-updown-5m-1786807200,23:20-23:25,1.00,,,99.00,6084.53,,,6084.53,,,,,,2689.82,2678.82,,0,99,99,0,63010.92,62992.36,,
2026-08-15T23:24:35+08:00,btc-updown-5m-1786807200,https://polymarket.com/zh/event/btc-updown-5m-1786807200,23:20-23:25,1.00,,,99.00,6172.31,,,6172.31,,,,,,2909.82,2898.82,,0,99,99,0,63010.92,62992.36,,
2026-08-15T23:24:37+08:00,btc-updown-5m-1786807200,https://polymarket.com/zh/event/btc-updown-5m-1786807200,23:20-23:25,1.00,,,99.00,6310.31,,,6310.31,,,,,,2674.82,2678.82,,0,99,99,0,63010.92,62992.36,,
2026-08-15T23:24:39+08:00,btc-updown-5m-1786807200,https://polymarket.com/zh/event/btc-updown-5m-1786807200,23:20-23:25,1.00,,,99.00,6127.72,,,5400.72,,,,,,2673.82,2678.82,,0,99,99,0,63010.92,62992.35,,
2026-08-15T23:24:42+08:00,btc-updown-5m-1786807200,https://polymarket.com/zh/event/btc-updown-5m-1786807200,23:20-23:25,1.00,,,99.00,6387.82,,,6397.82,,,,,,2683.82,2699.82,,0,99,99,0,63010.92,62990.26,,
2026-08-15T23:24:44+08:00,btc-updown-5m-1786807200,https://polymarket.com/zh/event/btc-updown-5m-1786807200,23:20-23:25,1.00,,,99.00,12664.06,,,12664.06,,,,,,2679.82,2699.82,,0,99,99,0,63010.92,62990.26,,
2026-08-15T23:24:47+08:00,btc-updown-5m-1786807200,https://polymarket.com/zh/event/btc-updown-5m-1786807200,23:20-23:25,1.00,,,99.00,12731.48,,,12731.48,,,,,,2639.71,2629.71,,0,99,99,0,63010.92,62990.26,,
2026-08-15T23:24:49+08:00,btc-updown-5m-1786807200,https://polymarket.com/zh/event/btc-updown-5m-1786807200,23:20-23:25,1.00,,,99.00,12231.48,,,12201.48,,,,,,2654.71,2644.71,,0,99,99,0,63010.92,62990.26,,
2026-08-15T23:24:51+08:00,btc-updown-5m-1786807200,https://polymarket.com/zh/event/btc-updown-5m-1786807200,23:20-23:25,1.00,,,99.00,12528.37,,,12533.37,,,,,,2644.71,2634.71,,0,99,99,0,63010.92,62990.26,,
2026-08-15T23:24:54+08:00,btc-updown-5m-1786807200,https://polymarket.com/zh/event/btc-updown-5m-1786807200,23:20-23:25,1.00,,,99.00,18553.37,,,18553.37,,,,,,2649.71,2644.71,,0,99,99,0,63010.92,62990.26,,
2026-08-15T23:24:56+08:00,btc-updown-5m-1786807200,https://polymarket.com/zh/event/btc-updown-5m-1786807200,23:20-23:25,1.00,,,99.00,20459.47,,,20459.47,,,,,,1319.71,1309.71,,0,99,99,0,63010.92,62989.16,,
2026-08-15T23:24:59+08:00,btc-updown-5m-1786807200,https://polymarket.com/zh/event/btc-updown-5m-1786807200,23:20-23:25,1.00,,,99.00,20473.06,,,19746.06,,,,,,2235.71,2230.71,,0,99,99,0,63010.92,62987.82,,
2026-08-15T23:25:01+08:00,btc-updown-5m-1786807500,https://polymarket.com/zh/event/btc-updown-5m-1786807500,23:25-23:30,46.00,55.00,45.00,54.00,10.00,237.62,237.62,10.00,45.50,54.50,1.00,1.00,9835.59,9178.84,9068.84,9855.59,44,50,50,44,62987.82,62987.81,,
2026-08-15T23:25:04+08:00,btc-updown-5m-1786807500,https://polymarket.com/zh/event/btc-updown-5m-1786807500,23:25-23:30,48.00,53.00,47.00,52.00,203.29,306.38,334.71,303.29,47.50,52.50,1.00,1.00,11250.23,9997.87,9992.87,11292.23,47,52,52,47,62987.82,62987.82,,
2026-08-15T23:25:06+08:00,btc-updown-5m-1786807500,https://polymarket.com/zh/event/btc-updown-5m-1786807500,23:25-23:30,49.00,52.00,48.00,51.00,20.00,347.19,349.12,37.00,48.50,51.50,1.00,1.00,11282.23,10144.92,10029.87,11297.23,48,50,51,48,62987.82,62987.82,,
2026-08-15T23:25:08+08:00,btc-updown-5m-1786807500,https://polymarket.com/zh/event/btc-updown-5m-1786807500,23:25-23:30,50.00,51.00,49.00,50.00,13.00,436.17,441.17,21.00,49.50,50.50,1.00,1.00,10019.23,9836.87,9736.87,10054.23,49,50,50,49,62987.82,62988.18,,
2026-08-15T23:25:11+08:00,btc-updown-5m-1786807500,https://polymarket.com/zh/event/btc-updown-5m-1786807500,23:25-23:30,52.00,49.00,51.00,48.00,61.75,162.55,157.55,66.75,51.50,48.50,1.00,1.00,9583.23,9180.87,9170.87,10193.23,51,48,48,51,62987.82,62988.18,,
2026-08-15T23:25:13+08:00,btc-updown-5m-1786807500,https://polymarket.com/zh/event/btc-updown-5m-1786807500,23:25-23:30,52.00,49.00,51.00,48.00,87.98,73.44,73.44,81.05,51.50,48.50,1.00,1.00,9788.23,9269.62,9254.62,9683.23,51,48,48,51,62987.82,62988.17,,
2026-08-15T23:25:16+08:00,btc-updown-5m-1786807500,https://polymarket.com/zh/event/btc-updown-5m-1786807500,23:25-23:30,52.00,49.00,51.00,48.00,20.76,102.25,102.25,20.76,51.50,48.50,1.00,1.00,9672.62,8824.62,8809.62,9782.63,51,48,48,51,62987.82,62988.18,,
2026-08-15T23:25:18+08:00,btc-updown-5m-1786807500,https://polymarket.com/zh/event/btc-updown-5m-1786807500,23:25-23:30,53.00,48.00,52.00,47.00,50.11,338.42,343.42,60.11,52.50,47.50,1.00,1.00,10209.91,9436.61,9431.61,10244.91,52,47,47,52,62987.82,62987.23,,
2026-08-15T23:25:20+08:00,btc-updown-5m-1786807500,https://polymarket.com/zh/event/btc-updown-5m-1786807500,23:25-23:30,53.00,48.00,52.00,47.00,540.37,17.50,59.89,563.52,52.50,47.50,1.00,1.00,8384.61,7716.61,8126.61,8650.22,52,47,47,52,62987.82,62988.17,,
2026-08-15T23:25:23+08:00,btc-updown-5m-1786807500,https://polymarket.com/zh/event/btc-updown-5m-1786807500,23:25-23:30,52.00,49.00,51.00,48.00,43.00,312.76,305.67,33.00,51.50,48.50,1.00,1.00,7700.03,7671.61,7671.61,7715.63,51,48,48,51,62987.82,62988.17,,
2026-08-15T23:25:25+08:00,btc-updown-5m-1786807500,https://polymarket.com/zh/event/btc-updown-5m-1786807500,23:25-23:30,52.00,49.00,51.00,48.00,95.00,180.49,258.23,124.95,51.50,48.50,1.00,1.00,7725.63,7436.61,7181.61,7385.63,51,48,48,51,62987.82,62988.17,,
2026-08-15T23:25:28+08:00,btc-updown-5m-1786807500,https://polymarket.com/zh/event/btc-updown-5m-1786807500,23:25-23:30,51.00,50.00,50.00,49.00,430.41,110.89,110.89,430.41,50.50,49.50,1.00,1.00,6910.64,7181.61,6931.61,6795.64,50,49,49,50,62987.82,62988.17,,
2026-08-15T23:25:30+08:00,btc-updown-5m-1786807500,https://polymarket.com/zh/event/btc-updown-5m-1786807500,23:25-23:30,51.00,50.00,50.00,49.00,429.51,82.81,84.89,442.89,50.50,49.50,1.00,1.00,6820.63,6681.61,6666.61,6945.64,50,49,49,50,62987.82,62988.17,,
2026-08-15T23:25:32+08:00,btc-updown-5m-1786807500,https://polymarket.com/zh/event/btc-updown-5m-1786807500,23:25-23:30,51.00,50.00,50.00,49.00,397.41,84.61,89.81,397.41,50.50,49.50,1.00,1.00,6364.00,6111.61,6106.66,6479.00,50,49,49,50,62987.82,62988.23,,
2026-08-15T23:25:35+08:00,btc-updown-5m-1786807500,https://polymarket.com/zh/event/btc-updown-5m-1786807500,23:25-23:30,51.00,50.00,50.00,49.00,418.13,25.40,25.40,494.00,50.50,49.50,1.00,1.00,6186.99,5476.61,5906.61,6081.99,50,49,49,50,62987.82,62988.22,,
2026-08-15T23:25:37+08:00,btc-updown-5m-1786807500,https://polymarket.com/zh/event/btc-updown-5m-1786807500,23:25-23:30,50.00,51.00,49.00,50.00,468.03,40.40,40.40,446.03,49.50,50.50,1.00,1.00,6246.99,5801.61,5676.61,6246.99,49,50,50,49,62987.82,62988.22,,
2026-08-15T23:25:39+08:00,btc-updown-5m-1786807500,https://polymarket.com/zh/event/btc-updown-5m-1786807500,23:25-23:30,50.00,51.00,49.00,50.00,365.14,37.65,37.65,365.14,49.50,50.50,1.00,1.00,6701.99,5351.61,5226.61,6696.99,49,50,50,49,62987.82,62988.17,,
2026-08-15T23:25:42+08:00,btc-updown-5m-1786807500,https://polymarket.com/zh/event/btc-updown-5m-1786807500,23:25-23:30,51.00,50.00,50.00,49.00,52.20,335.50,332.10,59.20,50.50,49.50,1.00,1.00,5978.99,5436.61,5436.61,5964.00,50,49,49,50,62987.82,62988.17,,
2026-08-15T23:25:44+08:00,btc-updown-5m-1786807500,https://polymarket.com/zh/event/btc-updown-5m-1786807500,23:25-23:30,50.00,51.00,49.00,50.00,99.93,91.95,91.95,99.93,49.50,50.50,1.00,1.00,6163.38,5226.61,5246.61,6163.38,49,50,50,49,62987.82,62988.22,,
2026-08-15T23:25:47+08:00,btc-updown-5m-1786807500,https://polymarket.com/zh/event/btc-updown-5m-1786807500,23:25-23:30,50.00,51.00,49.00,50.00,114.49,20.40,20.40,121.49,49.50,50.50,1.00,1.00,6173.99,5336.62,5251.62,6173.99,49,50,50,49,62987.82,62988.21,,
2026-08-15T23:25:49+08:00,btc-updown-5m-1786807500,https://polymarket.com/zh/event/btc-updown-5m-1786807500,23:25-23:30,50.00,51.00,49.00,50.00,30.42,116.72,123.17,45.42,49.50,50.50,1.00,1.00,6173.99,5236.61,5356.61,6168.99,49,50,50,49,62987.82,62988.21,,
2026-08-15T23:25:51+08:00,btc-updown-5m-1786807500,https://polymarket.com/zh/event/btc-updown-5m-1786807500,23:25-23:30,51.00,50.00,50.00,49.00,72.23,309.27,280.99,92.23,50.50,49.50,1.00,1.00,6057.99,5425.61,5430.61,5957.99,50,49,49,50,62987.82,62988.22,,
2026-08-15T23:25:54+08:00,btc-updown-5m-1786807500,https://polymarket.com/zh/event/btc-updown-5m-1786807500,23:25-23:30,52.00,49.00,51.00,48.00,25.00,351.66,351.66,25.00,51.50,48.50,1.00,1.00,6167.99,5180.61,5190.61,6767.99,51,48,48,51,62987.82,62988.22,,
2026-08-15T23:25:56+08:00,btc-updown-5m-1786807500,https://polymarket.com/zh/event/btc-updown-5m-1786807500,23:25-23:30,52.00,49.00,51.00,48.00,117.84,150.33,157.33,117.84,51.50,48.50,1.00,1.00,6282.99,5200.61,5185.61,6172.99,51,48,48,51,62987.82,62988.22,,
2026-08-15T23:25:58+08:00,btc-updown-5m-1786807500,https://polymarket.com/zh/event/btc-updown-5m-1786807500,23:25-23:30,52.00,49.00,51.00,48.00,289.85,58.90,58.90,222.85,51.50,48.50,1.00,1.00,5587.38,5415.61,5400.61,5477.38,51,48,48,51,62987.82,62988.23,,
2026-08-15T23:26:01+08:00,btc-updown-5m-1786807500,https://polymarket.com/zh/event/btc-updown-5m-1786807500,23:25-23:30,52.00,49.00,51.00,48.00,54.60,246.77,103.25,158.29,51.50,48.50,1.00,1.00,9297.38,9130.61,9125.61,9197.38,51,48,48,51,62987.82,62988.23,,
2026-08-15T23:26:03+08:00,btc-updown-5m-1786807500,https://polymarket.com/zh/event/btc-updown-5m-1786807500,23:25-23:30,52.00,49.00,51.00,48.00,25.38,312.52,343.14,25.38,51.50,48.50,1.00,1.00,9042.38,8435.61,8430.61,9107.38,51,48,48,51,62987.82,62988.23,,
2026-08-15T23:26:06+08:00,btc-updown-5m-1786807500,https://polymarket.com/zh/event/btc-updown-5m-1786807500,23:25-23:30,52.00,49.00,51.00,48.00,33.44,340.86,315.86,13.44,51.50,48.50,1.00,1.00,8827.99,8190.61,8200.61,8828.00,51,48,48,51,62987.82,62988.23,,
2026-08-15T23:26:08+08:00,btc-updown-5m-1786807500,https://polymarket.com/zh/event/btc-updown-5m-1786807500,23:25-23:30,59.00,42.00,58.00,41.00,129.70,69.89,64.89,132.70,58.50,41.50,1.00,1.00,9579.99,8227.61,8222.61,9454.99,58,41,41,58,62987.82,62988.23,,
2026-08-15T23:26:10+08:00,btc-updown-5m-1786807500,https://polymarket.com/zh/event/btc-updown-5m-1786807500,23:25-23:30,59.00,42.00,58.00,41.00,35.38,878.51,878.51,35.38,58.50,41.50,1.00,1.00,8924.99,7527.61,7537.61,8819.99,58,41,41,58,62987.82,62992.56,,
2026-08-15T23:26:13+08:00,btc-updown-5m-1786807500,https://polymarket.com/zh/event/btc-updown-5m-1786807500,23:25-23:30,79.00,22.00,78.00,21.00,314.98,68.48,123.48,325.48,78.50,21.50,1.00,1.00,8704.99,9703.60,9708.60,8594.99,78,21,21,78,62987.82,62996.38,,
2026-08-15T23:26:15+08:00,btc-updown-5m-1786807500,https://polymarket.com/zh/event/btc-updown-5m-1786807500,23:25-23:30,77.00,24.00,76.00,23.00,79.87,262.37,267.37,79.87,76.50,23.50,1.00,1.00,9094.99,9838.60,9838.60,8899.99,76,23,23,76,62987.82,62996.38,,
2026-08-15T23:26:18+08:00,btc-updown-5m-1786807500,https://polymarket.com/zh/event/btc-updown-5m-1786807500,23:25-23:30,79.00,22.00,78.00,21.00,86.60,95.00,89.88,98.60,78.50,21.50,1.00,1.00,9469.99,10035.60,10035.60,8984.99,78,21,21,78,62987.82,62996.37,,
2026-08-15T23:26:20+08:00,btc-updown-5m-1786807500,https://polymarket.com/zh/event/btc-updown-5m-1786807500,23:25-23:30,77.00,24.00,76.00,23.00,574.24,24.62,59.62,579.24,76.50,23.50,1.00,1.00,8990.00,10195.60,10190.60,8890.00,76,23,23,76,62987.82,62996.38,,
2026-08-15T23:26:22+08:00,btc-updown-5m-1786807500,https://polymarket.com/zh/event/btc-updown-5m-1786807500,23:25-23:30,77.00,24.00,76.00,23.00,389.43,44.71,44.71,389.43,76.50,23.50,1.00,1.00,8879.99,10215.60,10225.60,8895.00,76,23,23,76,62987.82,62996.37,,
2026-08-15T23:26:25+08:00,btc-updown-5m-1786807500,https://polymarket.com/zh/event/btc-updown-5m-1786807500,23:25-23:30,77.00,24.00,76.00,23.00,42.41,259.15,254.15,39.81,76.50,23.50,1.00,1.00,8879.99,10408.10,10383.10,9484.99,76,23,23,76,62987.82,62996.37,,
2026-08-15T23:26:27+08:00,btc-updown-5m-1786807500,https://polymarket.com/zh/event/btc-updown-5m-1786807500,23:25-23:30,79.00,21.00,78.00,20.00,50.00,181.66,261.13,250.89,78.50,20.50,1.00,1.00,9221.99,10231.10,10236.10,9736.99,78,21,20,79,62987.82,62996.37,,
2026-08-15T23:26:29+08:00,btc-updown-5m-1786807500,https://polymarket.com/zh/event/btc-updown-5m-1786807500,23:25-23:30,80.00,21.00,79.00,20.00,344.45,22.38,75.00,344.45,79.50,20.50,1.00,1.00,9621.99,10186.10,10176.10,9721.99,79,20,20,79,62987.82,62996.60,,
2026-08-15T23:26:32+08:00,btc-updown-5m-1786807500,https://polymarket.com/zh/event/btc-updown-5m-1786807500,23:25-23:30,78.00,23.00,77.00,22.00,140.05,302.03,266.99,140.05,77.50,22.50,1.00,1.00,9226.99,10156.10,10161.10,9721.99,77,22,22,77,62987.82,62996.60,,
2026-08-15T23:26:34+08:00,btc-updown-5m-1786807500,https://polymarket.com/zh/event/btc-updown-5m-1786807500,23:25-23:30,78.00,23.00,77.00,22.00,178.91,30.00,35.00,178.91,77.50,22.50,1.00,1.00,9221.99,10156.10,10166.10,9111.99,77,22,22,77,62987.82,62996.60,,
2026-08-15T23:26:37+08:00,btc-updown-5m-1786807500,https://polymarket.com/zh/event/btc-updown-5m-1786807500,23:25-23:30,84.00,19.00,83.00,18.00,359.27,83.59,19.11,168.07,83.50,18.50,1.00,1.00,9131.99,11639.10,11599.10,9227.00,83,16,18,81,62987.82,63000.00,,
2026-08-15T23:26:39+08:00,btc-updown-5m-1786807500,https://polymarket.com/zh/event/btc-updown-5m-1786807500,23:25-23:30,82.00,19.00,81.00,18.00,105.81,266.17,266.74,105.81,81.50,18.50,1.00,1.00,9221.99,11599.10,11659.10,9211.99,81,18,18,81,62987.82,63000.00,,
2026-08-15T23:26:41+08:00,btc-updown-5m-1786807500,https://polymarket.com/zh/event/btc-updown-5m-1786807500,23:25-23:30,87.00,14.00,86.00,13.00,37.00,556.10,385.36,26.88,86.50,13.50,1.00,1.00,9117.00,11733.10,11743.10,9207.00,86,13,13,86,62987.82,63000.00,,
2026-08-15T23:26:44+08:00,btc-updown-5m-1786807500,https://polymarket.com/zh/event/btc-updown-5m-1786807500,23:25-23:30,89.00,12.00,88.00,11.00,402.01,78.15,90.00,369.70,88.50,11.50,1.00,1.00,9117.00,9608.11,9585.47,9207.00,88,11,11,88,62987.82,63000.00,,
2026-08-15T23:26:46+08:00,btc-updown-5m-1786807500,https://polymarket.com/zh/event/btc-updown-5m-1786807500,23:25-23:30,90.00,11.00,89.00,10.00,109.01,276.69,291.69,109.01,89.50,10.50,1.00,1.00,9617.00,9090.96,9080.96,9706.99,89,10,10,89,62987.82,63000.00,,
2026-08-15T23:26:49+08:00,btc-updown-5m-1786807500,https://polymarket.com/zh/event/btc-updown-5m-1786807500,23:25-23:30,88.00,13.00,87.00,12.00,310.78,40.00,35.00,325.59,87.50,12.50,1.00,1.00,9721.99,9075.47,9011.72,9611.99,87,12,12,87,62987.82,63000.00,,
2026-08-15T23:26:51+08:00,btc-updown-5m-1786807500,https://polymarket.com/zh/event/btc-updown-5m-1786807500,23:25-23:30,89.00,12.00,88.00,11.00,209.50,282.66,282.66,202.34,88.50,11.50,1.00,1.00,9606.99,8610.22,8572.86,9721.99,88,11,11,88,62987.82,62999.99,,
2026-08-15T23:26:53+08:00,btc-updown-5m-1786807500,https://polymarket.com/zh/event/btc-updown-5m-1786807500,23:25-23:30,90.00,11.00,89.00,10.00,319.66,188.56,170.90,345.66,89.50,10.50,1.00,1.00,9131.99,11566.70,11566.70,9211.99,89,10,10,89,62987.82,62999.99,,
2026-08-15T23:26:56+08:00,btc-updown-5m-1786807500,https://polymarket.com/zh/event/btc-updown-5m-1786807500,23:25-23:30,88.00,13.00,87.00,12.00,135.00,269.18,269.18,135.00,87.50,12.50,1.00,1.00,9611.99,11592.85,11592.85,9140.00,87,12,12,87,62987.82,63000.00,,
2026-08-15T23:26:58+08:00,btc-updown-5m-1786807500,https://polymarket.com/zh/event/btc-updown-5m-1786807500,23:25-23:30,86.00,15.00,85.00,14.00,136.00,457.62,452.62,58.00,85.50,14.50,1.00,1.00,9587.99,11463.85,11584.85,9107.99,85,14,14,85,62987.82,63000.00,,
2026-08-15T23:27:00+08:00,btc-updown-5m-1786807500,https://polymarket.com/zh/event/btc-updown-5m-1786807500,23:25-23:30,86.00,15.00,85.00,14.00,93.43,457.62,507.62,93.43,85.50,14.50,1.00,1.00,9037.99,11480.85,11475.85,9022.99,85,14,14,85,62987.82,62999.99,,
2026-08-15T23:27:03+08:00,btc-updown-5m-1786807500,https://polymarket.com/zh/event/btc-updown-5m-1786807500,23:25-23:30,86.00,15.00,85.00,14.00,250.72,19.89,65.00,220.22,85.50,14.50,1.00,1.00,9152.99,11800.85,11790.85,9057.99,85,14,14,85,62987.82,63000.00,,
2026-08-15T23:27:05+08:00,btc-updown-5m-1786807500,https://polymarket.com/zh/event/btc-updown-5m-1786807500,23:25-23:30,85.00,16.00,84.00,15.00,270.82,81.00,149.00,450.52,84.50,15.50,1.00,1.00,9092.99,11808.85,11793.85,8992.99,84,15,15,84,62987.82,62999.99,,
2026-08-15T23:27:08+08:00,btc-updown-5m-1786807500,https://polymarket.com/zh/event/btc-updown-5m-1786807500,23:25-23:30,88.00,13.00,87.00,12.00,135.48,100.29,100.29,132.00,87.50,12.50,1.00,1.00,9107.99,11924.47,12322.41,9012.99,87,12,12,87,62987.82,63000.00,,
2026-08-15T23:27:10+08:00,btc-updown-5m-1786807500,https://polymarket.com/zh/event/btc-updown-5m-1786807500,23:25-23:30,89.00,12.00,88.00,11.00,204.71,141.82,141.82,188.96,88.50,11.50,1.00,1.00,9007.99,12306.41,12301.41,9117.99,88,11,11,88,62987.82,63000.00,,
2026-08-15T23:27:13+08:00,btc-updown-5m-1786807500,https://polymarket.com/zh/event/btc-updown-5m-1786807500,23:25-23:30,89.00,24.00,88.00,23.00,9742.36,35.00,58.31,8.84,88.50,23.50,1.00,1.00,9047.99,11768.02,11924.02,10352.99,85,11,18,74,62987.82,63000.00,,
2026-08-15T23:27:15+08:00,btc-updown-5m-1786807500,https://polymarket.com/zh/event/btc-updown-5m-1786807500,23:25-23:30,81.00,20.00,80.00,19.00,5.00,105.77,221.77,25.00,80.50,19.50,1.00,1.00,8922.99,11931.66,11921.66,9032.99,80,19,19,80,62987.82,63000.00,,
2026-08-15T23:27:17+08:00,btc-updown-5m-1786807500,https://polymarket.com/zh/event/btc-updown-5m-1786807500,23:25-23:30,83.00,18.00,82.00,17.00,87.97,123.64,108.29,75.79,82.50,17.50,1.00,1.00,9027.99,11970.66,12054.66,9432.99,82,17,17,82,62987.82,63000.00,,
2026-08-15T23:27:20+08:00,btc-updown-5m-1786807500,https://polymarket.com/zh/event/btc-updown-5m-1786807500,23:25-23:30,85.00,16.00,84.00,15.00,251.59,99.34,40.00,94.96,84.50,15.50,1.00,1.00,8927.99,12074.66,12079.66,9022.99,84,15,15,84,62987.82,63000.00,,
2026-08-15T23:27:22+08:00,btc-updown-5m-1786807500,https://polymarket.com/zh/event/btc-updown-5m-1786807500,23:25-23:30,86.00,13.00,85.00,12.00,5.00,169.66,337.91,174.15,85.50,12.50,1.00,1.00,9427.99,12022.66,12027.66,9527.99,85,14,12,87,62987.82,63000.00,,
2026-08-15T23:27:24+08:00,btc-updown-5m-1786807500,https://polymarket.com/zh/event/btc-updown-5m-1786807500,23:25-23:30,90.00,12.00,89.00,11.00,91.91,100.00,66.66,253.77,89.50,11.50,1.00,1.00,9427.99,11951.66,11951.66,9522.99,89,10,11,88,62987.82,63000.00,,
2026-08-15T23:27:27+08:00,btc-updown-5m-1786807500,https://polymarket.com/zh/event/btc-updown-5m-1786807500,23:25-23:30,89.00,12.00,88.00,11.00,130.45,235.29,235.29,130.45,88.50,11.50,1.00,1.00,9433.99,11736.66,11746.66,8928.99,88,11,11,88,62987.82,63000.00,,
2026-08-15T23:27:29+08:00,btc-updown-5m-1786807500,https://polymarket.com/zh/event/btc-updown-5m-1786807500,23:25-23:30,89.00,12.00,88.00,11.00,66.04,312.07,269.07,66.04,88.50,11.50,1.00,1.00,9033.99,11736.66,11741.66,8928.99,88,11,11,88,62987.82,63000.00,,
2026-08-15T23:27:31+08:00,btc-updown-5m-1786807500,https://polymarket.com/zh/event/btc-updown-5m-1786807500,23:25-23:30,90.00,11.00,89.00,10.00,35.00,311.47,306.39,40.00,89.50,10.50,1.00,1.00,9033.99,11733.66,11788.66,8928.99,89,10,10,89,62987.82,63000.00,,
2026-08-15T23:27:34+08:00,btc-updown-5m-1786807500,https://polymarket.com/zh/event/btc-updown-5m-1786807500,23:25-23:30,91.00,10.00,90.00,9.00,60.00,273.40,273.40,54.94,90.50,9.50,1.00,1.00,9433.99,11659.69,11692.69,9533.99,90,9,9,90,62987.82,63000.00,,
2026-08-15T23:27:36+08:00,btc-updown-5m-1786807500,https://polymarket.com/zh/event/btc-updown-5m-1786807500,23:25-23:30,91.00,10.00,90.00,9.00,41.45,95.24,100.24,49.94,90.50,9.50,1.00,1.00,9448.99,11657.52,11662.52,9538.99,90,9,9,90,62987.82,63000.00,,
2026-08-15T23:27:39+08:00,btc-updown-5m-1786807500,https://polymarket.com/zh/event/btc-updown-5m-1786807500,23:25-23:30,90.00,11.00,89.00,10.00,143.85,59.22,64.90,161.85,89.50,10.50,1.00,1.00,9033.99,9520.53,9530.53,8943.99,89,10,10,89,62987.82,63000.00,,
2026-08-15T23:27:41+08:00,btc-updown-5m-1786807500,https://polymarket.com/zh/event/btc-updown-5m-1786807500,23:25-23:30,91.00,10.00,90.00,9.00,73.42,281.32,281.32,73.42,90.50,9.50,1.00,1.00,9118.99,9293.70,9322.70,8933.99,90,9,9,90,62987.82,63000.00,,
2026-08-15T23:27:43+08:00,btc-updown-5m-1786807500,https://polymarket.com/zh/event/btc-updown-5m-1786807500,23:25-23:30,91.00,10.00,90.00,9.00,124.87,414.32,414.32,158.55,90.50,9.50,1.00,1.00,8943.99,9517.70,9517.70,9528.99,90,9,9,90,62987.82,63000.00,,
2026-08-15T23:27:46+08:00,btc-updown-5m-1786807500,https://polymarket.com/zh/event/btc-updown-5m-1786807500,23:25-23:30,91.00,10.00,90.00,9.00,93.00,487.63,492.63,93.00,90.50,9.50,1.00,1.00,9033.99,9667.70,9608.00,8948.99,90,9,9,90,62987.82,63000.00,,
2026-08-15T23:27:48+08:00,btc-updown-5m-1786807500,https://polymarket.com/zh/event/btc-updown-5m-1786807500,23:25-23:30,92.00,9.00,91.00,8.00,226.61,80.00,80.00,226.61,91.50,8.50,1.00,1.00,8576.99,9367.00,9372.00,8466.99,91,8,8,91,62987.82,62999.72,,
2026-08-15T23:27:51+08:00,btc-updown-5m-1786807500,https://polymarket.com/zh/event/btc-updown-5m-1786807500,23:25-23:30,92.00,9.00,91.00,8.00,115.76,66.87,78.41,123.76,91.50,8.50,1.00,1.00,9061.99,9344.00,9506.79,8456.99,91,8,8,91,62987.82,62999.72,,
2026-08-15T23:27:53+08:00,btc-updown-5m-1786807500,https://polymarket.com/zh/event/btc-updown-5m-1786807500,23:25-23:30,94.00,7.00,93.00,6.00,293.72,16.12,37.38,293.72,93.50,6.50,1.00,1.00,8571.99,9317.98,9322.98,8466.99,93,6,6,93,62987.82,62999.72,,
2026-08-15T23:27:55+08:00,btc-updown-5m-1786807500,https://polymarket.com/zh/event/btc-updown-5m-1786807500,23:25-23:30,95.00,6.00,94.00,5.00,440.33,120.40,115.00,440.33,94.50,5.50,1.00,1.00,8541.99,9647.71,9632.43,8936.99,94,5,5,94,62987.82,62999.53,,
2026-08-15T23:27:58+08:00,btc-updown-5m-1786807500,https://polymarket.com/zh/event/btc-updown-5m-1786807500,23:25-23:30,95.00,5.00,94.00,4.00,44.34,12.00,31.98,450.14,94.50,4.50,1.00,1.00,8827.99,8673.80,8574.11,9202.99,94,5,4,95,62987.82,62999.53,,
2026-08-15T23:28:00+08:00,btc-updown-5m-1786807500,https://polymarket.com/zh/event/btc-updown-5m-1786807500,23:25-23:30,93.00,7.00,92.00,6.00,5.00,44.00,235.42,31.99,92.50,6.50,1.00,1.00,9347.90,9033.37,9038.37,9442.90,92,7,6,93,62987.82,62999.53,,
2026-08-15T23:28:03+08:00,btc-updown-5m-1786807500,https://polymarket.com/zh/event/btc-updown-5m-1786807500,23:25-23:30,95.00,6.00,94.00,5.00,26.84,157.55,147.55,26.84,94.50,5.50,1.00,1.00,8952.90,9106.21,9121.21,8942.90,94,5,5,94,62987.82,62999.53,,
2026-08-15T23:28:05+08:00,btc-updown-5m-1786807500,https://polymarket.com/zh/event/btc-updown-5m-1786807500,23:25-23:30,95.00,6.00,94.00,5.00,309.31,10.00,60.00,327.02,94.50,5.50,1.00,1.00,8897.90,8701.63,8706.34,8992.90,94,5,5,94,62987.82,62999.53,,
2026-08-15T23:28:07+08:00,btc-updown-5m-1786807500,https://polymarket.com/zh/event/btc-updown-5m-1786807500,23:25-23:30,95.00,6.00,94.00,5.00,135.13,216.04,211.04,134.07,94.50,5.50,1.00,1.00,8582.90,8173.45,8172.39,8897.90,94,5,5,94,62987.82,62999.52,,
2026-08-15T23:28:10+08:00,btc-updown-5m-1786807500,https://polymarket.com/zh/event/btc-updown-5m-1786807500,23:25-23:30,95.00,6.00,94.00,5.00,38.73,207.15,192.30,17.67,94.50,5.50,1.00,1.00,9452.91,8315.40,8294.34,8842.90,94,5,5,94,62987.82,62999.53,,
2026-08-15T23:28:12+08:00,btc-updown-5m-1786807500,https://polymarket.com/zh/event/btc-updown-5m-1786807500,23:25-23:30,95.00,6.00,94.00,5.00,290.33,131.91,131.91,290.33,94.50,5.50,1.00,1.00,8942.90,8392.86,8392.86,8842.90,94,5,5,94,62987.82,62999.53,,
2026-08-15T23:28:15+08:00,btc-updown-5m-1786807500,https://polymarket.com/zh/event/btc-updown-5m-1786807500,23:25-23:30,96.00,5.00,95.00,4.00,149.58,218.06,168.06,149.58,95.50,4.50,1.00,1.00,9357.90,8100.16,8105.16,9342.90,95,4,4,95,62987.82,62999.53,,
2026-08-15T23:28:17+08:00,btc-updown-5m-1786807500,https://polymarket.com/zh/event/btc-updown-5m-1786807500,23:25-23:30,97.00,4.00,96.00,3.00,300.36,420.73,365.17,299.26,96.50,3.50,1.00,1.00,8847.90,7527.89,7519.79,9409.90,96,3,3,96,62987.82,62999.83,,
2026-08-15T23:28:20+08:00,btc-updown-5m-1786807500,https://polymarket.com/zh/event/btc-updown-5m-1786807500,23:25-23:30,97.00,4.00,96.00,3.00,237.40,395.73,395.73,211.62,96.50,3.50,1.00,1.00,9298.90,7617.93,7592.15,8893.90,96,3,3,96,62987.82,62999.74,,
2026-08-15T23:28:22+08:00,btc-updown-5m-1786807500,https://polymarket.com/zh/event/btc-updown-5m-1786807500,23:25-23:30,96.00,5.00,95.00,4.00,74.00,217.72,272.72,120.66,95.50,4.50,1.00,1.00,8873.90,7526.07,7699.04,8893.90,95,4,4,95,62987.82,62999.83,,
2026-08-15T23:28:24+08:00,btc-updown-5m-1786807500,https://polymarket.com/zh/event/btc-updown-5m-1786807500,23:25-23:30,97.00,4.00,96.00,3.00,42.00,193.26,193.26,42.00,96.50,3.50,1.00,1.00,9303.90,7005.22,6999.22,9403.90,96,3,3,96,62987.82,62999.54,,
2026-08-15T23:28:27+08:00,btc-updown-5m-1786807500,https://polymarket.com/zh/event/btc-updown-5m-1786807500,23:25-23:30,96.00,5.00,95.00,4.00,97.57,182.77,196.98,112.57,95.50,4.50,1.00,1.00,8448.90,7300.65,7205.65,8348.90,95,4,4,95,62987.82,62999.54,,
2026-08-15T23:28:29+08:00,btc-updown-5m-1786807500,https://polymarket.com/zh/event/btc-updown-5m-1786807500,23:25-23:30,97.00,4.00,96.00,3.00,12.29,284.65,284.65,12.29,96.50,3.50,1.00,1.00,8913.90,7051.16,6983.51,8808.90,96,3,3,96,62987.82,62999.54,,
2026-08-15T23:28:31+08:00,btc-updown-5m-1786807500,https://polymarket.com/zh/event/btc-updown-5m-1786807500,23:25-23:30,98.00,3.00,97.00,2.00,243.43,107.82,107.82,167.40,97.50,2.50,1.00,1.00,8768.91,6775.59,6685.56,8839.91,97,2,2,97,62987.82,62999.53,,
2026-08-15T23:28:34+08:00,btc-updown-5m-1786807500,https://polymarket.com/zh/event/btc-updown-5m-1786807500,23:25-23:30,98.00,3.00,97.00,2.00,230.56,10.00,10.00,225.45,97.50,2.50,1.00,1.00,8780.87,6686.84,6581.73,8675.87,97,2,2,97,62987.82,62999.54,,
2026-08-15T23:28:36+08:00,btc-updown-5m-1786807500,https://polymarket.com/zh/event/btc-updown-5m-1786807500,23:25-23:30,98.00,3.00,96.00,2.00,22.06,115.71,313.87,8.95,97.00,2.50,2.00,1.00,8695.88,5635.74,5622.63,9290.87,96,2,2,97,62987.82,62999.54,,
2026-08-15T23:28:39+08:00,btc-updown-5m-1786807500,https://polymarket.com/zh/event/btc-updown-5m-1786807500,23:25-23:30,98.00,3.00,97.00,2.00,229.81,103.88,103.88,228.78,97.50,2.50,1.00,1.00,9125.87,5743.49,5752.46,9230.87,97,2,2,97,62987.82,62999.54,,
2026-08-15T23:28:41+08:00,btc-updown-5m-1786807500,https://polymarket.com/zh/event/btc-updown-5m-1786807500,23:25-23:30,98.00,3.00,97.00,2.00,182.23,117.45,117.45,181.20,97.50,2.50,1.00,1.00,11265.86,5695.91,5694.88,11860.86,97,2,2,97,62987.82,62999.54,,
2026-08-15T23:28:43+08:00,btc-updown-5m-1786807500,https://polymarket.com/zh/event/btc-updown-5m-1786807500,23:25-23:30,98.00,3.00,97.00,2.00,167.91,128.86,128.86,278.13,97.50,2.50,1.00,1.00,10800.86,1781.59,1891.81,10400.86,97,2,2,97,62987.82,62999.53,,
2026-08-15T23:28:46+08:00,btc-updown-5m-1786807500,https://polymarket.com/zh/event/btc-updown-5m-1786807500,23:25-23:30,98.00,3.00,97.00,2.00,362.84,126.34,215.64,362.84,97.50,2.50,1.00,1.00,10287.50,1963.52,1963.52,10287.51,97,2,2,97,62987.82,62999.54,,
2026-08-15T23:28:48+08:00,btc-updown-5m-1786807500,https://polymarket.com/zh/event/btc-updown-5m-1786807500,23:25-23:30,98.00,3.00,97.00,2.00,222.30,212.67,212.67,222.30,97.50,2.50,1.00,1.00,10959.50,1922.98,1922.98,10554.50,97,2,2,97,62987.82,62999.54,,
2026-08-15T23:28:51+08:00,btc-updown-5m-1786807500,https://polymarket.com/zh/event/btc-updown-5m-1786807500,23:25-23:30,98.00,3.00,97.00,2.00,86.90,220.67,220.67,86.90,97.50,2.50,1.00,1.00,10449.50,1787.58,1787.58,10544.50,97,2,2,97,62987.82,62999.54,,
2026-08-15T23:28:53+08:00,btc-updown-5m-1786807500,https://polymarket.com/zh/event/btc-updown-5m-1786807500,23:25-23:30,98.00,3.00,97.00,2.00,83.84,380.67,275.67,53.84,97.50,2.50,1.00,1.00,8319.51,1784.52,1754.52,8344.51,97,2,2,97,62987.82,62999.54,,
2026-08-15T23:28:56+08:00,btc-updown-5m-1786807500,https://polymarket.com/zh/event/btc-updown-5m-1786807500,23:25-23:30,99.00,2.00,98.00,1.00,1876.31,152.00,152.00,1876.31,98.50,1.50,1.00,1.00,7885.53,1876.31,1876.31,7785.53,98,1,1,98,62987.82,62999.54,,
2026-08-15T23:28:58+08:00,btc-updown-5m-1786807500,https://polymarket.com/zh/event/btc-updown-5m-1786807500,23:25-23:30,99.00,1.00,98.00,,1787.31,126.93,38.91,,98.50,,1.00,,7902.52,1787.31,,7797.52,98,1,0,99,62987.82,62999.58,,
2026-08-15T23:29:00+08:00,btc-updown-5m-1786807500,https://polymarket.com/zh/event/btc-updown-5m-1786807500,23:25-23:30,,1.00,99.00,,,1155.14,1155.14,,,,,,7442.52,,,7442.52,99,0,0,99,62987.82,62999.60,,
2026-08-15T23:29:03+08:00,btc-updown-5m-1786807500,https://polymarket.com/zh/event/btc-updown-5m-1786807500,23:25-23:30,,1.00,99.00,,,1020.43,1020.43,,,,,,7435.52,,,7435.52,99,0,0,99,62987.82,62999.59,,
2026-08-15T23:29:05+08:00,btc-updown-5m-1786807500,https://polymarket.com/zh/event/btc-updown-5m-1786807500,23:25-23:30,,1.00,99.00,,,1087.38,1093.44,,,,,,7690.53,,,7675.52,99,0,0,99,62987.82,62999.60,,
2026-08-15T23:29:08+08:00,btc-updown-5m-1786807500,https://polymarket.com/zh/event/btc-updown-5m-1786807500,23:25-23:30,,1.00,99.00,,,826.12,826.12,,,,,,7685.52,,,8190.52,99,0,0,99,62987.82,62999.60,,
2026-08-15T23:29:10+08:00,btc-updown-5m-1786807500,https://polymarket.com/zh/event/btc-updown-5m-1786807500,23:25-23:30,,1.00,99.00,,,785.01,785.01,,,,,,7728.53,,,7723.52,99,0,0,99,62987.82,62999.60,,
2026-08-15T23:29:13+08:00,btc-updown-5m-1786807500,https://polymarket.com/zh/event/btc-updown-5m-1786807500,23:25-23:30,,1.00,99.00,,,765.02,760.02,,,,,,8238.53,,,7743.53,99,0,0,99,62987.82,62999.84,,
2026-08-15T23:29:15+08:00,btc-updown-5m-1786807500,https://polymarket.com/zh/event/btc-updown-5m-1786807500,23:25-23:30,,1.00,99.00,,,1098.01,1108.02,,,,,,7738.12,,,7788.12,99,0,0,99,62987.82,62999.60,,
2026-08-15T23:29:17+08:00,btc-updown-5m-1786807500,https://polymarket.com/zh/event/btc-updown-5m-1786807500,23:25-23:30,,1.00,99.00,,,1085.00,1085.00,,,,,,8788.12,,,7793.12,99,0,0,99,62987.82,62999.60,,
2026-08-15T23:29:20+08:00,btc-updown-5m-1786807500,https://polymarket.com/zh/event/btc-updown-5m-1786807500,23:25-23:30,,1.00,99.00,,,1226.10,1221.10,,,,,,8293.12,,,8293.12,99,0,0,99,62987.82,62999.60,,
2026-08-15T23:29:22+08:00,btc-updown-5m-1786807500,https://polymarket.com/zh/event/btc-updown-5m-1786807500,23:25-23:30,,1.00,99.00,,,1285.26,1285.26,,,,,,7783.12,,,8783.12,99,0,0,99,62987.82,62999.60,,
2026-08-15T23:29:25+08:00,btc-updown-5m-1786807500,https://polymarket.com/zh/event/btc-updown-5m-1786807500,23:25-23:30,,1.00,99.00,,,1355.26,1355.26,,,,,,7783.12,,,7783.12,99,0,0,99,62987.82,62999.60,,
2026-08-15T23:29:27+08:00,btc-updown-5m-1786807500,https://polymarket.com/zh/event/btc-updown-5m-1786807500,23:25-23:30,,1.00,99.00,,,3685.27,3685.27,,,,,,7798.12,,,7788.12,99,0,0,99,62987.82,62999.60,,
2026-08-15T23:29:30+08:00,btc-updown-5m-1786807500,https://polymarket.com/zh/event/btc-updown-5m-1786807500,23:25-23:30,,1.00,99.00,,,4061.19,4061.19,,,,,,8288.12,,,7788.12,99,0,0,99,62987.82,62999.59,,
2026-08-15T23:29:32+08:00,btc-updown-5m-1786807500,https://polymarket.com/zh/event/btc-updown-5m-1786807500,23:25-23:30,,1.00,99.00,,,5232.19,5222.19,,,,,,3472.51,,,2967.51,99,0,0,99,62987.82,62999.83,,
2026-08-15T23:29:34+08:00,btc-updown-5m-1786807500,https://polymarket.com/zh/event/btc-updown-5m-1786807500,23:25-23:30,,1.00,99.00,,,5288.10,5288.10,,,,,,3007.51,,,3007.51,99,0,0,99,62987.82,62999.60,,
2026-08-15T23:29:37+08:00,btc-updown-5m-1786807500,https://polymarket.com/zh/event/btc-updown-5m-1786807500,23:25-23:30,,1.00,99.00,,,5472.10,5317.10,,,,,,5142.50,,,5142.50,99,0,0,99,62987.82,62999.60,,
2026-08-15T23:29:39+08:00,btc-updown-5m-1786807500,https://polymarket.com/zh/event/btc-updown-5m-1786807500,23:25-23:30,,1.00,99.00,,,10791.84,10786.84,,,,,,2912.52,,,2912.52,99,0,0,99,62987.82,62999.99,,
2026-08-15T23:29:41+08:00,btc-updown-5m-1786807500,https://polymarket.com/zh/event/btc-updown-5m-1786807500,23:25-23:30,,1.00,99.00,,,10986.88,10986.88,,,,,,2907.51,,,2907.51,99,0,0,99,62987.82,62999.99,,
2026-08-15T23:29:44+08:00,btc-updown-5m-1786807500,https://polymarket.com/zh/event/btc-updown-5m-1786807500,23:25-23:30,,1.00,99.00,,,12881.88,12886.88,,,,,,3407.51,,,3412.51,99,0,0,99,62987.82,62999.99,,
2026-08-15T23:29:46+08:00,btc-updown-5m-1786807500,https://polymarket.com/zh/event/btc-updown-5m-1786807500,23:25-23:30,,1.00,99.00,,,13059.31,13059.31,,,,,,2907.51,,,2912.52,99,0,0,99,62987.82,62999.98,,
2026-08-15T23:29:49+08:00,btc-updown-5m-1786807500,https://polymarket.com/zh/event/btc-updown-5m-1786807500,23:25-23:30,,1.00,99.00,,,12670.30,12670.30,,,,,,3412.51,,,3407.51,99,0,0,99,62987.82,62999.98,,
2026-08-15T23:29:51+08:00,btc-updown-5m-1786807500,https://polymarket.com/zh/event/btc-updown-5m-1786807500,23:25-23:30,,1.00,99.00,,,13900.69,13907.69,,,,,,3527.51,,,3527.51,99,0,0,99,62987.82,62999.99,,
2026-08-15T23:29:53+08:00,btc-updown-5m-1786807500,https://polymarket.com/zh/event/btc-updown-5m-1786807500,23:25-23:30,,1.00,99.00,,,14137.69,14137.69,,,,,,3537.51,,,3537.51,99,0,0,99,62987.82,62999.99,,
2026-08-15T23:29:56+08:00,btc-updown-5m-1786807500,https://polymarket.com/zh/event/btc-updown-5m-1786807500,23:25-23:30,,1.00,99.00,,,15934.77,15934.77,,,,,,4022.51,,,4027.51,99,0,0,99,62987.82,62999.98,,
2026-08-15T23:29:58+08:00,btc-updown-5m-1786807500,https://polymarket.com/zh/event/btc-updown-5m-1786807500,23:25-23:30,,1.00,99.00,,,15494.36,15477.36,,,,,,3112.51,,,3107.51,99,0,0,99,62987.82,62999.99,,
2026-08-15T23:30:01+08:00,btc-updown-5m-1786807800,https://polymarket.com/zh/event/btc-updown-5m-1786807800,23:30-23:35,61.00,41.00,60.00,40.00,15.00,12.80,5.00,25.00,60.50,40.50,1.00,1.00,132583.12,132705.96,11705.96,11598.12,51,35,35,49,62999.99,62999.99,,
2026-08-15T23:30:03+08:00,btc-updown-5m-1786807800,https://polymarket.com/zh/event/btc-updown-5m-1786807800,23:30-23:35,57.00,44.00,56.00,43.00,92.71,236.58,246.58,72.71,56.50,43.50,1.00,1.00,12884.15,12549.99,12674.99,12974.15,56,43,43,56,62999.99,62999.99,,
2026-08-15T23:30:06+08:00,btc-updown-5m-1786807800,https://polymarket.com/zh/event/btc-updown-5m-1786807800,23:30-23:35,62.00,39.00,61.00,38.00,30.00,329.97,582.94,85.00,61.50,38.50,1.00,1.00,13581.15,12883.99,12858.99,13576.15,61,38,38,61,62999.99,63000.00,,
2026-08-15T23:30:08+08:00,btc-updown-5m-1786807800,https://polymarket.com/zh/event/btc-updown-5m-1786807800,23:30-23:35,66.00,35.00,65.00,34.00,125.84,262.99,262.99,125.84,65.50,34.50,1.00,1.00,13171.16,10493.99,10513.99,13321.16,65,34,34,65,62999.99,63000.00,,
2026-08-15T23:30:10+08:00,btc-updown-5m-1786807800,https://polymarket.com/zh/event/btc-updown-5m-1786807800,23:30-23:35,66.00,35.00,65.00,34.00,206.37,34.94,5.00,145.65,65.50,34.50,1.00,1.00,11442.16,11088.99,10834.99,11052.15,65,34,34,65,62999.99,63000.00,,
2026-08-15T23:30:13+08:00,btc-updown-5m-1786807800,https://polymarket.com/zh/event/btc-updown-5m-1786807800,23:30-23:35,60.00,41.00,59.00,40.00,389.83,51.00,51.00,405.61,59.50,40.50,1.00,1.00,11042.15,10769.99,10774.99,11022.15,58,40,40,58,62999.99,63000.00,,
2026-08-15T23:30:15+08:00,btc-updown-5m-1786807800,https://polymarket.com/zh/event/btc-updown-5m-1786807800,23:30-23:35,58.00,43.00,57.00,42.00,66.66,24.53,14.88,284.75,57.50,42.50,1.00,1.00,11027.15,10774.99,10729.99,11517.15,57,42,42,57,62999.99,62999.99,,
2026-08-15T23:30:18+08:00,btc-updown-5m-1786807800,https://polymarket.com/zh/event/btc-updown-5m-1786807800,23:30-23:35,52.00,49.00,51.00,48.00,304.90,84.59,105.00,296.00,51.50,48.50,1.00,1.00,11664.44,11466.98,11446.98,11739.14,51,48,48,51,62999.99,63000.00,,
2026-08-15T23:30:20+08:00,btc-updown-5m-1786807800,https://polymarket.com/zh/event/btc-updown-5m-1786807800,23:30-23:35,50.00,52.00,49.00,51.00,380.72,50.00,15.00,145.99,49.50,51.50,1.00,1.00,10904.14,10451.98,10196.99,10659.14,49,50,51,48,62999.99,63000.00,,
2026-08-15T23:30:22+08:00,btc-updown-5m-1786807800,https://polymarket.com/zh/event/btc-updown-5m-1786807800,23:30-23:35,49.00,51.00,48.00,50.00,12.49,278.99,218.76,37.24,48.50,50.50,1.00,1.00,9668.53,9290.73,9170.74,9663.53,48,51,50,49,62999.99,63000.00,,
2026-08-15T23:30:25+08:00,btc-updown-5m-1786807800,https://polymarket.com/zh/event/btc-updown-5m-1786807800,23:30-23:35,53.00,48.00,52.00,47.00,20.39,248.65,248.65,93.39,52.50,47.50,1.00,1.00,9349.14,9155.73,9130.73,9244.14,52,47,47,52,62999.99,63000.00,,
2026-08-15T23:30:27+08:00,btc-updown-5m-1786807800,https://polymarket.com/zh/event/btc-updown-5m-1786807800,23:30-23:35,54.00,47.00,53.00,46.00,298.97,36.71,45.08,298.97,53.50,46.50,1.00,1.00,8958.53,8780.73,8765.73,9058.53,53,46,46,53,62999.99,63000.00,,
2026-08-15T23:30:30+08:00,btc-updown-5m-1786807800,https://polymarket.com/zh/event/btc-updown-5m-1786807800,23:30-23:35,54.00,47.00,53.00,46.00,284.70,37.08,37.08,299.70,53.50,46.50,1.00,1.00,8699.14,8400.73,8400.73,8714.14,53,46,46,53,62999.99,63000.00,,
2026-08-15T23:30:32+08:00,btc-updown-5m-1786807800,https://polymarket.com/zh/event/btc-updown-5m-1786807800,23:30-23:35,54.00,47.00,53.00,46.00,77.29,292.40,278.25,71.29,53.50,46.50,1.00,1.00,8724.14,7332.73,7347.73,8674.14,53,46,46,53,62999.99,63000.00,,
2026-08-15T23:30:34+08:00,btc-updown-5m-1786807800,https://polymarket.com/zh/event/btc-updown-5m-1786807800,23:30-23:35,54.00,47.00,53.00,46.00,73.92,20.51,14.89,149.92,53.50,46.50,1.00,1.00,8399.14,7162.73,7147.73,8034.14,53,46,46,53,62999.99,63000.00,,
2026-08-15T23:30:37+08:00,btc-updown-5m-1786807800,https://polymarket.com/zh/event/btc-updown-5m-1786807800,23:30-23:35,52.00,49.00,51.00,48.00,139.04,246.14,98.90,93.17,51.50,48.50,1.00,1.00,7609.14,7122.73,7332.73,7914.14,51,48,48,51,62999.99,63000.00,,
2026-08-15T23:30:39+08:00,btc-updown-5m-1786807800,https://polymarket.com/zh/event/btc-updown-5m-1786807800,23:30-23:35,53.00,48.00,52.00,47.00,76.00,559.21,504.54,66.00,52.50,47.50,1.00,1.00,8464.14,7157.73,7617.73,8469.14,52,47,47,52,62999.99,63000.00,,
2026-08-15T23:30:42+08:00,btc-updown-5m-1786807800,https://polymarket.com/zh/event/btc-updown-5m-1786807800,23:30-23:35,53.00,48.00,52.00,47.00,46.00,447.37,593.21,46.00,52.50,47.50,1.00,1.00,7881.14,7122.73,7137.73,8391.14,52,47,47,52,62999.99,63000.00,,
2026-08-15T23:30:44+08:00,btc-updown-5m-1786807800,https://polymarket.com/zh/event/btc-updown-5m-1786807800,23:30-23:35,52.00,49.00,51.00,48.00,261.25,15.00,15.00,276.25,51.50,48.50,1.00,1.00,7931.14,7122.73,7122.73,7836.14,51,48,48,51,62999.99,63000.00,,
2026-08-15T23:30:46+08:00,btc-updown-5m-1786807800,https://polymarket.com/zh/event/btc-updown-5m-1786807800,23:30-23:35,52.00,49.00,51.00,48.00,133.37,120.65,127.65,129.52,51.50,48.50,1.00,1.00,8430.62,7122.73,7132.73,8320.62,51,48,48,51,62999.99,63000.00,,
2026-08-15T23:30:49+08:00,btc-updown-5m-1786807800,https://polymarket.com/zh/event/btc-updown-5m-1786807800,23:30-23:35,51.00,50.00,50.00,49.00,337.27,12.00,12.00,342.27,50.50,49.50,1.00,1.00,8325.62,7132.73,7132.73,8440.62,50,49,49,50,62999.99,62999.99,,
2026-08-15T23:30:51+08:00,btc-updown-5m-1786807800,https://polymarket.com/zh/event/btc-updown-5m-1786807800,23:30-23:35,50.00,51.00,49.00,50.00,324.76,15.40,36.93,314.54,49.50,50.50,1.00,1.00,8099.62,7476.73,7366.73,8064.62,49,50,50,49,62999.99,62999.99,,
2026-08-15T23:30:54+08:00,btc-updown-5m-1786807800,https://polymarket.com/zh/event/btc-updown-5m-1786807800,23:30-23:35,50.00,51.00,49.00,50.00,65.00,215.58,220.58,65.00,49.50,50.50,1.00,1.00,8289.62,6686.73,6676.73,8274.62,49,50,50,49,62999.99,62999.99,,
2026-08-15T23:30:56+08:00,btc-updown-5m-1786807800,https://polymarket.com/zh/event/btc-updown-5m-1786807800,23:30-23:35,50.00,51.00,49.00,50.00,65.00,223.61,220.58,65.00,49.50,50.50,1.00,1.00,8284.62,6791.73,6681.73,8274.62,49,50,50,49,62999.99,63000.00,,
2026-08-15T23:30:58+08:00,btc-updown-5m-1786807800,https://polymarket.com/zh/event/btc-updown-5m-1786807800,23:30-23:35,50.00,51.00,49.00,50.00,88.22,148.53,148.53,88.22,49.50,50.50,1.00,1.00,7579.01,6436.73,6551.73,7589.01,49,50,50,49,62999.99,63000.00,,
2026-08-15T23:31:01+08:00,btc-updown-5m-1786807800,https://polymarket.com/zh/event/btc-updown-5m-1786807800,23:30-23:35,50.00,50.00,49.00,49.00,58.22,125.00,149.74,90.42,49.50,49.50,1.00,1.00,11504.20,10156.73,10266.73,11304.20,49,50,49,50,62999.99,62999.99,,
2026-08-15T23:31:03+08:00,btc-updown-5m-1786807800,https://polymarket.com/zh/event/btc-updown-5m-1786807800,23:30-23:35,51.00,50.00,50.00,49.00,125.59,125.00,125.00,125.59,50.50,49.50,1.00,1.00,11146.20,10093.73,10108.73,11046.20,50,49,49,50,62999.99,63000.00,,
2026-08-15T23:31:06+08:00,btc-updown-5m-1786807800,https://polymarket.com/zh/event/btc-updown-5m-1786807800,23:30-23:35,51.00,50.00,50.00,49.00,224.25,40.00,90.00,315.25,50.50,49.50,1.00,1.00,10406.20,9858.73,9713.73,10861.20,50,49,49,50,62999.99,63000.00,,
2026-08-15T23:31:08+08:00,btc-updown-5m-1786807800,https://polymarket.com/zh/event/btc-updown-5m-1786807800,23:30-23:35,33.00,68.00,32.00,67.00,82.81,407.50,211.84,95.00,32.50,67.50,1.00,1.00,12861.19,10238.73,10248.73,12866.19,32,67,67,32,62999.99,62996.39,,
2026-08-15T23:31:10+08:00,btc-updown-5m-1786807800,https://polymarket.com/zh/event/btc-updown-5m-1786807800,23:30-23:35,35.00,66.00,34.00,65.00,140.00,311.24,251.24,98.00,34.50,65.50,1.00,1.00,12556.19,10103.73,10008.73,12561.19,34,65,65,34,62999.99,62996.39,,
2026-08-15T23:31:13+08:00,btc-updown-5m-1786807800,https://polymarket.com/zh/event/btc-updown-5m-1786807800,23:30-23:35,35.00,66.00,34.00,65.00,48.63,201.39,86.39,38.63,34.50,65.50,1.00,1.00,12504.19,10006.73,9911.73,12509.19,34,65,65,34,62999.99,62996.38,,
2026-08-15T23:31:15+08:00,btc-updown-5m-1786807800,https://polymarket.com/zh/event/btc-updown-5m-1786807800,23:30-23:35,39.00,62.00,38.00,61.00,251.50,93.00,93.00,259.77,38.50,61.50,1.00,1.00,12414.19,9911.73,10016.73,12429.19,38,61,61,38,62999.99,62996.39,,
2026-08-15T23:31:18+08:00,btc-updown-5m-1786807800,https://polymarket.com/zh/event/btc-updown-5m-1786807800,23:30-23:35,39.00,62.00,38.00,61.00,215.61,129.81,127.19,215.61,38.50,61.50,1.00,1.00,12313.19,9933.73,9848.73,12318.19,38,61,61,38,62999.99,62996.39,,
2026-08-15T23:31:20+08:00,btc-updown-5m-1786807800,https://polymarket.com/zh/event/btc-updown-5m-1786807800,23:30-23:35,37.00,64.00,36.00,63.00,301.50,57.39,58.96,296.50,36.50,63.50,1.00,1.00,12123.19,9833.73,9933.73,12523.19,36,63,63,36,62999.99,62996.39,,
2026-08-15T23:31:22+08:00,btc-updown-5m-1786807800,https://polymarket.com/zh/event/btc-updown-5m-1786807800,23:30-23:35,37.00,64.00,36.00,63.00,85.00,95.42,95.42,90.00,36.50,63.50,1.00,1.00,12098.19,9538.73,9543.73,12098.19,36,63,63,36,62999.99,62996.39,,
2026-08-15T23:31:25+08:00,btc-updown-5m-1786807800,https://polymarket.com/zh/event/btc-updown-5m-1786807800,23:30-23:35,37.00,64.00,36.00,63.00,66.06,209.57,131.23,10.00,36.50,63.50,1.00,1.00,12113.19,9548.73,9638.73,12513.19,36,63,63,36,62999.99,62996.39,,
2026-08-15T23:31:27+08:00,btc-updown-5m-1786807800,https://polymarket.com/zh/event/btc-updown-5m-1786807800,23:30-23:35,37.00,64.00,36.00,63.00,70.00,262.37,279.87,75.00,36.50,63.50,1.00,1.00,12558.19,9643.74,9648.74,12563.19,36,63,63,36,62999.99,62996.39,,
2026-08-15T23:31:30+08:00,btc-updown-5m-1786807800,https://polymarket.com/zh/event/btc-updown-5m-1786807800,23:30-23:35,42.00,54.00,40.00,53.00,15.00,66.66,106.66,5.00,41.00,53.50,2.00,1.00,12478.19,9793.73,9688.73,12473.19,40,58,53,46,62999.99,62997.34,,
2026-08-15T23:31:32+08:00,btc-updown-5m-1786807800,https://polymarket.com/zh/event/btc-updown-5m-1786807800,23:30-23:35,51.00,50.00,50.00,49.00,63.00,375.91,379.21,58.19,50.50,49.50,1.00,1.00,10972.20,9519.73,9529.73,11482.20,50,49,49,50,62999.99,62999.99,,
2026-08-15T23:31:34+08:00,btc-updown-5m-1786807800,https://polymarket.com/zh/event/btc-updown-5m-1786807800,23:30-23:35,51.00,50.00,50.00,49.00,33.00,424.03,424.03,33.00,50.50,49.50,1.00,1.00,10872.20,9494.73,9419.73,10982.20,50,49,49,50,62999.99,62999.99,,
2026-08-15T23:31:37+08:00,btc-updown-5m-1786807800,https://polymarket.com/zh/event/btc-updown-5m-1786807800,23:30-23:35,51.00,50.00,50.00,49.00,240.32,16.00,27.00,199.32,50.50,49.50,1.00,1.00,10977.20,9529.73,9544.73,10877.20,50,49,49,50,62999.99,62999.99,,
2026-08-15T23:31:39+08:00,btc-updown-5m-1786807800,https://polymarket.com/zh/event/btc-updown-5m-1786807800,23:30-23:35,49.00,52.00,48.00,51.00,488.20,105.28,105.28,496.20,48.50,51.50,1.00,1.00,10647.20,9050.73,9145.73,10637.20,48,51,51,48,62999.99,62999.99,,
2026-08-15T23:31:42+08:00,btc-updown-5m-1786807800,https://polymarket.com/zh/event/btc-updown-5m-1786807800,23:30-23:35,49.00,52.00,48.00,51.00,195.07,100.28,100.28,175.15,48.50,51.50,1.00,1.00,11077.20,10774.73,10685.73,11092.20,48,51,51,48,62999.99,62999.99,,
2026-08-15T23:31:44+08:00,btc-updown-5m-1786807800,https://polymarket.com/zh/event/btc-updown-5m-1786807800,23:30-23:35,49.00,52.00,48.00,51.00,72.04,124.86,144.33,65.91,48.50,51.50,1.00,1.00,11122.20,10664.73,10670.73,11117.20,48,51,51,48,62999.99,62999.99,,
2026-08-15T23:31:47+08:00,btc-updown-5m-1786807800,https://polymarket.com/zh/event/btc-updown-5m-1786807800,23:30-23:35,50.00,51.00,49.00,50.00,191.46,98.00,98.00,191.46,49.50,50.50,1.00,1.00,10667.20,10670.73,10770.73,10667.20,49,50,50,49,62999.99,62999.99,,
2026-08-15T23:31:49+08:00,btc-updown-5m-1786807800,https://polymarket.com/zh/event/btc-updown-5m-1786807800,23:30-23:35,50.00,51.00,49.00,50.00,5.00,254.97,254.97,5.00,49.50,50.50,1.00,1.00,10682.81,10369.73,10324.73,10692.81,49,50,50,49,62999.99,62999.98,,
2026-08-15T23:31:52+08:00,btc-updown-5m-1786807800,https://polymarket.com/zh/event/btc-updown-5m-1786807800,23:30-23:35,52.00,49.00,51.00,48.00,114.65,363.48,379.48,119.65,51.50,48.50,1.00,1.00,10632.82,10844.73,10859.73,10932.81,51,48,48,51,62999.99,62999.99,,
2026-08-15T23:31:54+08:00,btc-updown-5m-1786807800,https://polymarket.com/zh/event/btc-updown-5m-1786807800,23:30-23:35,52.00,49.00,51.00,48.00,119.65,265.52,279.78,119.65,51.50,48.50,1.00,1.00,11027.81,10869.73,10874.73,10937.81,51,48,48,51,62999.99,62999.99,,
2026-08-15T23:31:56+08:00,btc-updown-5m-1786807800,https://polymarket.com/zh/event/btc-updown-5m-1786807800,23:30-23:35,52.00,49.00,51.00,48.00,72.69,250.28,250.28,72.69,51.50,48.50,1.00,1.00,10838.81,10414.73,10424.73,11448.81,51,48,48,51,62999.99,62999.99,,
2026-08-15T23:31:59+08:00,btc-updown-5m-1786807800,https://polymarket.com/zh/event/btc-updown-5m-1786807800,23:30-23:35,52.00,49.00,51.00,48.00,65.91,127.22,167.08,80.91,51.50,48.50,1.00,1.00,10883.81,10414.73,10424.73,10488.81,51,48,48,51,62999.99,62999.99,,
2026-08-15T23:32:01+08:00,btc-updown-5m-1786807800,https://polymarket.com/zh/event/btc-updown-5m-1786807800,23:30-23:35,51.00,50.00,50.00,49.00,85.40,212.00,179.75,163.05,50.50,49.50,1.00,1.00,10483.81,10040.73,10035.73,10378.81,50,49,49,50,62999.99,62999.98,,
2026-08-15T23:32:04+08:00,btc-updown-5m-1786807800,https://polymarket.com/zh/event/btc-updown-5m-1786807800,23:30-23:35,49.00,52.00,48.00,51.00,372.04,53.00,85.00,448.97,48.50,51.50,1.00,1.00,10583.81,10400.73,10300.73,10593.81,48,51,51,48,62999.99,63000.00,,
2026-08-15T23:32:06+08:00,btc-updown-5m-1786807800,https://polymarket.com/zh/event/btc-updown-5m-1786807800,23:30-23:35,49.00,52.00,48.00,51.00,360.15,10.00,10.00,355.15,48.50,51.50,1.00,1.00,10588.81,10390.73,10285.73,10583.81,48,51,51,48,62999.99,63000.00,,
2026-08-15T23:32:09+08:00,btc-updown-5m-1786807800,https://polymarket.com/zh/event/btc-updown-5m-1786807800,23:30-23:35,49.00,52.00,48.00,51.00,78.56,205.77,205.77,78.56,48.50,51.50,1.00,1.00,11033.81,9946.73,9856.73,10643.81,48,51,51,48,62999.99,63000.00,,
2026-08-15T23:32:11+08:00,btc-updown-5m-1786807800,https://polymarket.com/zh/event/btc-updown-5m-1786807800,23:30-23:35,49.00,52.00,48.00,51.00,133.72,129.05,59.05,114.63,48.50,51.50,1.00,1.00,10578.81,9845.73,9840.73,10553.81,48,51,51,48,62999.99,63000.00,,
