ts_iso,slug,market_url,window_text,buy_up_cents,buy_down_cents,sell_up_cents,sell_down_cents,buy_up_size,buy_down_size,sell_up_size,sell_down_size,mid_up_cents,mid_down_cents,spread_up_cents,spread_down_cents,bid_depth_up_5,ask_depth_up_5,bid_depth_down_5,ask_depth_down_5,level_count_bid_up,level_count_ask_up,level_count_bid_down,level_count_ask_down,target_price,final_price,trade_count_1s,trade_volume_1s
2026-07-10T00:33:20+08:00,btc-updown-5m-1783614600,https://polymarket.com/zh/event/btc-updown-5m-1783614600,00:30-00:35,52.00,49.00,51.00,48.00,217.85,1385.99,1623.67,90.83,51.50,48.50,1.00,1.00,28737.87,29528.29,29438.29,28817.87,51,48,48,51,,62647.87,,
2026-07-10T00:33:22+08:00,btc-updown-5m-1783614600,https://polymarket.com/zh/event/btc-updown-5m-1783614600,00:30-00:35,52.00,49.00,51.00,48.00,41.00,1473.77,1475.92,39.07,51.50,48.50,1.00,1.00,28807.87,29438.29,29453.29,28827.87,51,48,48,51,,62652.19,,
2026-07-10T00:33:24+08:00,btc-updown-5m-1783614600,https://polymarket.com/zh/event/btc-updown-5m-1783614600,00:30-00:35,52.00,48.00,51.00,47.00,3.00,572.70,1779.94,10.00,51.50,47.50,1.00,1.00,27612.87,29438.29,29443.29,28222.88,51,48,47,52,,62652.19,,
2026-07-10T00:33:26+08:00,btc-updown-5m-1783614600,https://polymarket.com/zh/event/btc-updown-5m-1783614600,00:30-00:35,60.00,40.00,59.00,37.00,88.33,24.67,119.00,57.83,59.50,38.50,1.00,3.00,26421.88,29451.29,29446.29,26426.88,59,38,37,60,,62663.89,,
2026-07-10T00:33:28+08:00,btc-updown-5m-1783614600,https://polymarket.com/zh/event/btc-updown-5m-1783614600,00:30-00:35,64.00,37.00,63.00,36.00,1084.11,172.15,172.15,1071.71,63.50,36.50,1.00,1.00,26391.87,29523.29,29523.29,26381.87,63,36,36,63,,62663.89,,
2026-07-10T00:33:30+08:00,btc-updown-5m-1783614600,https://polymarket.com/zh/event/btc-updown-5m-1783614600,00:30-00:35,66.00,35.00,65.00,34.00,292.99,788.03,768.93,265.00,65.50,34.50,1.00,1.00,26410.87,29547.29,29537.29,26385.87,65,34,34,65,,62666.11,,
2026-07-10T00:33:32+08:00,btc-updown-5m-1783614600,https://polymarket.com/zh/event/btc-updown-5m-1783614600,00:30-00:35,66.00,35.00,65.00,34.00,155.90,1552.43,1542.07,146.90,65.50,34.50,1.00,1.00,26390.87,29532.29,29542.29,26395.87,65,34,34,65,,62666.11,,
2026-07-10T00:33:35+08:00,btc-updown-5m-1783614600,https://polymarket.com/zh/event/btc-updown-5m-1783614600,00:30-00:35,70.00,31.00,69.00,30.00,2137.68,2057.75,2113.77,2137.68,69.50,30.50,1.00,1.00,26289.88,29115.29,29105.29,26279.87,69,30,30,69,,62672.39,,
2026-07-10T00:33:37+08:00,btc-updown-5m-1783614600,https://polymarket.com/zh/event/btc-updown-5m-1783614600,00:30-00:35,68.00,33.00,67.00,32.00,433.32,53.60,100.39,754.15,67.50,32.50,1.00,1.00,26289.87,29065.29,29380.29,26299.88,67,32,32,66,,62667.15,,
2026-07-10T00:33:39+08:00,btc-updown-5m-1783614600,https://polymarket.com/zh/event/btc-updown-5m-1783614600,00:30-00:35,63.00,39.00,61.00,37.00,120.13,151.00,701.00,298.51,62.00,38.00,2.00,2.00,26234.88,29100.29,29405.29,26204.88,61,37,37,61,,62659.47,,
2026-07-10T00:33:41+08:00,btc-updown-5m-1783614600,https://polymarket.com/zh/event/btc-updown-5m-1783614600,00:30-00:35,62.00,39.00,61.00,38.00,44.46,1553.92,1553.92,44.46,61.50,38.50,1.00,1.00,26261.87,29376.29,29361.29,26256.87,61,38,38,61,,62659.47,,
2026-07-10T00:33:43+08:00,btc-updown-5m-1783614600,https://polymarket.com/zh/event/btc-updown-5m-1783614600,00:30-00:35,63.00,38.00,62.00,37.00,5.97,1326.24,1326.24,5.97,62.50,37.50,1.00,1.00,26327.87,29411.29,29396.29,26352.88,62,37,37,62,,62659.50,,
2026-07-10T00:33:45+08:00,btc-updown-5m-1783614600,https://polymarket.com/zh/event/btc-updown-5m-1783614600,00:30-00:35,63.00,38.00,62.00,37.00,823.45,2.30,2.30,828.45,62.50,37.50,1.00,1.00,26262.87,29410.29,29410.29,26262.87,62,37,37,62,,62659.45,,
2026-07-10T00:33:47+08:00,btc-updown-5m-1783614600,https://polymarket.com/zh/event/btc-updown-5m-1783614600,00:30-00:35,61.00,40.00,60.00,39.00,178.49,702.42,1462.21,305.70,60.50,39.50,1.00,1.00,26326.87,29490.64,29785.64,26331.88,60,39,39,60,,62658.01,,
2026-07-10T00:33:49+08:00,btc-updown-5m-1783614600,https://polymarket.com/zh/event/btc-updown-5m-1783614600,00:30-00:35,55.00,50.00,50.00,45.00,77.18,25.00,622.65,77.18,52.50,47.50,5.00,5.00,26851.88,29775.64,29780.64,26851.88,50,44,44,50,,62658.57,,
2026-07-10T00:33:51+08:00,btc-updown-5m-1783614600,https://polymarket.com/zh/event/btc-updown-5m-1783614600,00:30-00:35,55.00,46.00,54.00,45.00,7.00,65.78,20.78,7.00,54.50,45.50,1.00,1.00,26261.88,29795.64,29790.64,26261.88,54,44,44,54,,62654.87,,
2026-07-10T00:33:53+08:00,btc-updown-5m-1783614600,https://polymarket.com/zh/event/btc-updown-5m-1783614600,00:30-00:35,58.00,43.00,57.00,42.00,77.96,939.93,928.43,31.23,57.50,42.50,1.00,1.00,26251.88,29785.64,29770.64,26177.88,57,42,42,57,,62654.87,,
2026-07-10T00:33:55+08:00,btc-updown-5m-1783614600,https://polymarket.com/zh/event/btc-updown-5m-1783614600,00:30-00:35,60.00,41.00,59.00,40.00,238.39,765.62,728.42,233.39,59.50,40.50,1.00,1.00,26237.87,29861.64,29871.64,26257.87,59,40,40,59,,62654.87,,
2026-07-10T00:33:57+08:00,btc-updown-5m-1783614600,https://polymarket.com/zh/event/btc-updown-5m-1783614600,00:30-00:35,61.00,40.00,60.00,39.00,334.93,290.79,315.79,334.93,60.50,39.50,1.00,1.00,26257.87,29896.64,29876.64,26252.87,60,39,39,60,,62654.88,,
2026-07-10T00:33:59+08:00,btc-updown-5m-1783614600,https://polymarket.com/zh/event/btc-updown-5m-1783614600,00:30-00:35,68.00,33.00,67.00,32.00,12.52,1670.81,1070.81,6.63,67.50,32.50,1.00,1.00,26407.88,30009.64,29929.64,26392.87,67,32,32,67,,62662.02,,
2026-07-10T00:34:01+08:00,btc-updown-5m-1783614600,https://polymarket.com/zh/event/btc-updown-5m-1783614600,00:30-00:35,70.00,31.00,69.00,30.00,2270.42,251.61,251.61,2295.42,69.50,30.50,1.00,1.00,25860.88,29414.09,28854.64,28850.88,69,30,30,69,,62663.89,,
2026-07-10T00:34:03+08:00,btc-updown-5m-1783614600,https://polymarket.com/zh/event/btc-updown-5m-1783614600,00:30-00:35,70.00,31.00,69.00,30.00,2289.90,243.45,246.81,2000.03,69.50,30.50,1.00,1.00,28350.88,28354.64,28354.64,27832.88,69,30,30,69,,62660.59,,
2026-07-10T00:34:05+08:00,btc-updown-5m-1783614600,https://polymarket.com/zh/event/btc-updown-5m-1783614600,00:30-00:35,70.00,31.00,69.00,30.00,2176.52,71.16,61.16,2176.52,69.50,30.50,1.00,1.00,28102.53,28189.64,28176.30,28117.53,69,30,30,69,,62663.09,,
2026-07-10T00:34:07+08:00,btc-updown-5m-1783614600,https://polymarket.com/zh/event/btc-updown-5m-1783614600,00:30-00:35,70.00,31.00,69.00,30.00,1852.81,340.96,340.96,1852.81,69.50,30.50,1.00,1.00,28102.53,27906.30,27911.30,28112.53,69,30,30,69,,62663.09,,
2026-07-10T00:34:09+08:00,btc-updown-5m-1783614600,https://polymarket.com/zh/event/btc-updown-5m-1783614600,00:30-00:35,70.00,31.00,69.00,30.00,1590.12,338.89,479.90,1920.18,69.50,30.50,1.00,1.00,28107.54,27954.30,27954.30,28112.54,69,30,30,69,,62663.09,,
2026-07-10T00:34:11+08:00,btc-updown-5m-1783614600,https://polymarket.com/zh/event/btc-updown-5m-1783614600,00:30-00:35,70.00,31.00,69.00,30.00,1557.85,314.52,314.52,1551.14,69.50,30.50,1.00,1.00,28117.53,27657.30,27657.30,28112.54,69,30,30,69,,62662.57,,
2026-07-10T00:34:13+08:00,btc-updown-5m-1783614600,https://polymarket.com/zh/event/btc-updown-5m-1783614600,00:30-00:35,70.00,31.00,69.00,30.00,426.49,840.63,845.75,418.63,69.50,30.50,1.00,1.00,28107.53,27607.95,27597.95,28102.53,69,30,30,69,,62663.58,,
2026-07-10T00:34:15+08:00,btc-updown-5m-1783614600,https://polymarket.com/zh/event/btc-updown-5m-1783614600,00:30-00:35,70.00,31.00,69.00,30.00,38.35,386.03,386.01,36.92,69.50,30.50,1.00,1.00,28317.53,27597.95,27607.95,28317.53,69,30,30,69,,62662.65,,
2026-07-10T00:34:17+08:00,btc-updown-5m-1783614600,https://polymarket.com/zh/event/btc-updown-5m-1783614600,00:30-00:35,76.00,25.00,75.00,24.00,123.61,204.88,153.13,24.88,75.50,24.50,1.00,1.00,28265.53,27572.95,27572.95,28265.53,75,24,24,75,,62665.16,,
2026-07-10T00:34:19+08:00,btc-updown-5m-1783614600,https://polymarket.com/zh/event/btc-updown-5m-1783614600,00:30-00:35,78.00,23.00,77.00,22.00,11.00,750.02,453.17,15.58,77.50,22.50,1.00,1.00,28270.53,27940.95,27965.95,28310.53,77,22,22,77,,62665.16,,
2026-07-10T00:34:21+08:00,btc-updown-5m-1783614600,https://polymarket.com/zh/event/btc-updown-5m-1783614600,00:30-00:35,71.00,30.00,70.00,29.00,44.00,489.00,290.27,16.32,70.50,29.50,1.00,1.00,58310.53,57380.95,57380.95,58305.53,70,28,28,70,,62663.07,,
2026-07-10T00:34:23+08:00,btc-updown-5m-1783614600,https://polymarket.com/zh/event/btc-updown-5m-1783614600,00:30-00:35,64.00,37.00,63.00,36.00,161.23,67.60,36.00,128.08,63.50,36.50,1.00,1.00,57142.96,58007.95,58022.95,56609.95,63,36,36,63,,62656.84,,
2026-07-10T00:34:25+08:00,btc-updown-5m-1783614600,https://polymarket.com/zh/event/btc-updown-5m-1783614600,00:30-00:35,66.00,35.00,65.00,34.00,191.07,175.93,341.37,254.05,65.50,34.50,1.00,1.00,56604.95,57970.95,57965.95,56609.95,65,34,34,65,,62656.85,,
2026-07-10T00:34:27+08:00,btc-updown-5m-1783614600,https://polymarket.com/zh/event/btc-updown-5m-1783614600,00:30-00:35,57.00,43.00,56.00,42.00,46.50,150.00,19.00,83.10,56.50,42.50,1.00,1.00,56554.96,58250.95,58250.95,56534.96,56,43,42,57,,62653.71,,
2026-07-10T00:34:29+08:00,btc-updown-5m-1783614600,https://polymarket.com/zh/event/btc-updown-5m-1783614600,00:30-00:35,61.00,40.00,60.00,39.00,18.46,215.51,200.51,1.16,60.50,39.50,1.00,1.00,56522.95,58148.95,58158.95,56527.95,60,39,39,60,,62653.71,,
2026-07-10T00:34:32+08:00,btc-updown-5m-1783614600,https://polymarket.com/zh/event/btc-updown-5m-1783614600,00:30-00:35,68.00,34.00,66.00,33.00,55.00,206.87,5.00,70.80,67.00,33.50,2.00,1.00,53111.29,55057.28,54947.28,52931.29,66,32,33,66,,62653.70,,
2026-07-10T00:34:34+08:00,btc-updown-5m-1783614600,https://polymarket.com/zh/event/btc-updown-5m-1783614600,00:30-00:35,65.00,36.00,64.00,35.00,74.22,225.07,271.57,70.22,64.50,35.50,1.00,1.00,52996.29,55973.28,55968.28,53006.29,64,35,35,64,,62653.70,,
2026-07-10T00:34:36+08:00,btc-updown-5m-1783614600,https://polymarket.com/zh/event/btc-updown-5m-1783614600,00:30-00:35,66.00,35.00,65.00,34.00,100.17,77.42,77.42,100.17,65.50,34.50,1.00,1.00,51402.30,54369.29,54359.29,51317.30,65,34,34,65,,62653.71,,
2026-07-10T00:34:38+08:00,btc-updown-5m-1783614600,https://polymarket.com/zh/event/btc-updown-5m-1783614600,00:30-00:35,66.00,35.00,65.00,34.00,76.72,75.66,75.66,76.72,65.50,34.50,1.00,1.00,21327.30,24364.29,23506.29,21015.30,65,34,34,65,,62653.71,,
2026-07-10T00:34:40+08:00,btc-updown-5m-1783614600,https://polymarket.com/zh/event/btc-updown-5m-1783614600,00:30-00:35,55.00,46.00,54.00,45.00,167.61,52.70,58.12,115.90,54.50,45.50,1.00,1.00,22104.30,24040.29,24567.79,22129.30,54,45,45,54,,62651.47,,
2026-07-10T00:34:42+08:00,btc-updown-5m-1783614600,https://polymarket.com/zh/event/btc-updown-5m-1783614600,00:30-00:35,67.00,34.00,66.00,33.00,15.00,158.27,115.71,15.00,66.50,33.50,1.00,1.00,22194.30,23538.29,23591.29,22204.30,66,33,33,66,,62652.34,,
2026-07-10T00:34:44+08:00,btc-updown-5m-1783614600,https://polymarket.com/zh/event/btc-updown-5m-1783614600,00:30-00:35,73.00,28.00,72.00,27.00,25.00,316.07,403.91,25.00,72.50,27.50,1.00,1.00,22184.30,24523.79,24518.79,22199.30,72,27,27,72,,62653.66,,
2026-07-10T00:34:46+08:00,btc-updown-5m-1783614600,https://polymarket.com/zh/event/btc-updown-5m-1783614600,00:30-00:35,76.00,25.00,75.00,24.00,126.55,12.12,32.12,131.55,75.50,24.50,1.00,1.00,20803.71,22163.20,22163.20,20808.71,75,24,24,75,,62656.93,,
2026-07-10T00:34:48+08:00,btc-updown-5m-1783614600,https://polymarket.com/zh/event/btc-updown-5m-1783614600,00:30-00:35,50.00,51.00,49.00,50.00,57.52,667.21,667.21,57.52,49.50,50.50,1.00,1.00,21633.71,22024.87,22024.87,21633.71,49,47,47,49,,62653.45,,
2026-07-10T00:34:50+08:00,btc-updown-5m-1783614600,https://polymarket.com/zh/event/btc-updown-5m-1783614600,00:30-00:35,71.00,34.00,55.00,33.00,19.91,15.81,48.00,4.07,63.00,33.50,16.00,1.00,20803.71,20994.88,21264.88,20693.21,54,27,28,55,,62654.57,,
2026-07-10T00:34:52+08:00,btc-updown-5m-1783614600,https://polymarket.com/zh/event/btc-updown-5m-1783614600,00:30-00:35,55.00,47.00,53.00,44.00,16.11,38.92,41.05,14.53,54.00,45.50,2.00,3.00,15850.72,16060.38,16065.38,15850.72,52,37,35,52,,62647.23,,
2026-07-10T00:34:54+08:00,btc-updown-5m-1783614600,https://polymarket.com/zh/event/btc-updown-5m-1783614600,00:30-00:35,54.00,46.00,53.00,45.00,13.45,29.00,12.87,40.00,53.50,45.50,1.00,1.00,13135.71,13645.37,13635.37,13135.72,50,46,36,51,,62647.22,,
2026-07-10T00:34:56+08:00,btc-updown-5m-1783614600,https://polymarket.com/zh/event/btc-updown-5m-1783614600,00:30-00:35,15.00,83.00,14.00,82.00,3.06,67.97,28.37,13.31,14.50,82.50,1.00,1.00,7093.71,13960.80,13185.79,6768.71,14,75,71,17,,62643.67,,
2026-07-10T00:34:58+08:00,btc-updown-5m-1783614600,https://polymarket.com/zh/event/btc-updown-5m-1783614600,00:30-00:35,7.00,94.00,6.00,93.00,26.32,5.00,61.93,116.05,6.50,93.50,1.00,1.00,6709.71,13575.79,13479.79,6665.51,6,79,78,6,,62646.08,,
2026-07-10T00:35:00+08:00,btc-updown-5m-1783614900,https://polymarket.com/zh/event/btc-updown-5m-1783614900,00:35-00:40,50.00,51.00,49.00,50.00,605.22,67.45,87.85,567.22,49.50,50.50,1.00,1.00,26959.32,25211.01,25301.01,26949.32,49,50,50,49,62646.08,62642.95,,
2026-07-10T00:35:02+08:00,btc-updown-5m-1783614900,https://polymarket.com/zh/event/btc-updown-5m-1783614900,00:35-00:40,50.00,52.00,49.00,51.00,1536.42,108.21,17.90,680.59,49.50,51.50,1.00,1.00,20718.56,16831.26,18621.26,20723.56,49,50,51,48,62646.08,62639.83,,
2026-07-10T00:35:04+08:00,btc-updown-5m-1783614900,https://polymarket.com/zh/event/btc-updown-5m-1783614900,00:35-00:40,49.00,52.00,48.00,51.00,1652.75,535.81,505.81,1647.75,48.50,51.50,1.00,1.00,21431.56,18754.26,18729.26,21431.56,48,51,51,48,62646.08,62639.82,,
2026-07-10T00:35:06+08:00,btc-updown-5m-1783614900,https://polymarket.com/zh/event/btc-updown-5m-1783614900,00:35-00:40,49.00,52.00,48.00,51.00,1742.97,125.77,135.77,1860.95,48.50,51.50,1.00,1.00,21461.56,18154.26,18764.27,21486.56,48,51,51,48,62646.08,62639.82,,
2026-07-10T00:35:08+08:00,btc-updown-5m-1783614900,https://polymarket.com/zh/event/btc-updown-5m-1783614900,00:35-00:40,45.00,56.00,44.00,55.00,287.55,2271.36,2164.27,65.32,44.50,55.50,1.00,1.00,21542.56,15981.26,15965.26,21562.56,44,55,55,44,62646.08,62632.95,,
2026-07-10T00:35:10+08:00,btc-updown-5m-1783614900,https://polymarket.com/zh/event/btc-updown-5m-1783614900,00:35-00:40,46.00,55.00,45.00,54.00,1580.31,168.63,224.65,1684.09,45.50,54.50,1.00,1.00,21365.59,16797.96,17300.96,21820.59,45,54,54,45,62646.08,62636.48,,
2026-07-10T00:35:12+08:00,btc-updown-5m-1783614900,https://polymarket.com/zh/event/btc-updown-5m-1783614900,00:35-00:40,46.00,55.00,45.00,54.00,1583.77,156.89,156.89,1583.77,45.50,54.50,1.00,1.00,21795.59,17309.96,16714.97,21805.59,45,54,54,45,62646.08,62636.07,,
2026-07-10T00:35:14+08:00,btc-updown-5m-1783614900,https://polymarket.com/zh/event/btc-updown-5m-1783614900,00:35-00:40,46.00,55.00,45.00,54.00,247.68,1023.34,1030.34,245.50,45.50,54.50,1.00,1.00,22525.39,16940.96,17323.96,22530.39,45,54,54,45,62646.08,62636.07,,
2026-07-10T00:35:16+08:00,btc-updown-5m-1783614900,https://polymarket.com/zh/event/btc-updown-5m-1783614900,00:35-00:40,45.00,56.00,44.00,55.00,2054.75,233.71,233.71,2057.94,44.50,55.50,1.00,1.00,22539.59,17333.96,17359.97,22549.59,44,55,55,44,62646.08,62632.94,,
2026-07-10T00:35:18+08:00,btc-updown-5m-1783614900,https://polymarket.com/zh/event/btc-updown-5m-1783614900,00:35-00:40,45.00,56.00,44.00,55.00,1266.30,150.26,171.19,1442.85,44.50,55.50,1.00,1.00,22591.59,17469.97,17468.97,22600.59,44,55,55,44,62646.08,62632.03,,
2026-07-10T00:35:21+08:00,btc-updown-5m-1783614900,https://polymarket.com/zh/event/btc-updown-5m-1783614900,00:35-00:40,43.00,58.00,42.00,57.00,1341.07,380.80,190.76,1361.00,42.50,57.50,1.00,1.00,22947.25,17591.62,17582.62,24937.25,42,57,57,42,62646.08,62629.15,,
2026-07-10T00:35:23+08:00,btc-updown-5m-1783614900,https://polymarket.com/zh/event/btc-updown-5m-1783614900,00:35-00:40,42.00,59.00,41.00,58.00,1463.79,16.73,16.73,1463.79,41.50,58.50,1.00,1.00,25332.54,17860.22,17850.22,25416.84,41,58,58,41,62646.08,62629.16,,
2026-07-10T00:35:25+08:00,btc-updown-5m-1783614900,https://polymarket.com/zh/event/btc-updown-5m-1783614900,00:35-00:40,41.00,60.00,40.00,59.00,253.00,2127.21,2033.28,152.00,40.50,59.50,1.00,1.00,25634.24,18674.90,18688.90,25644.24,40,59,59,40,62646.08,62629.15,,
2026-07-10T00:35:27+08:00,btc-updown-5m-1783614900,https://polymarket.com/zh/event/btc-updown-5m-1783614900,00:35-00:40,42.00,59.00,41.00,58.00,1944.92,243.44,245.14,1898.03,41.50,58.50,1.00,1.00,26193.83,18694.91,18704.91,26193.83,41,58,58,41,62646.08,62629.16,,
2026-07-10T00:35:29+08:00,btc-updown-5m-1783614900,https://polymarket.com/zh/event/btc-updown-5m-1783614900,00:35-00:40,41.00,60.00,40.00,59.00,296.91,66.73,616.24,973.13,40.50,59.50,1.00,1.00,26231.53,18896.60,18905.60,26181.53,40,59,59,40,62646.08,62626.11,,
2026-07-10T00:35:31+08:00,btc-updown-5m-1783614900,https://polymarket.com/zh/event/btc-updown-5m-1783614900,00:35-00:40,40.00,63.00,39.00,61.00,2193.00,20.00,27.60,7.40,39.50,62.00,1.00,2.00,25841.23,18429.61,18430.60,25831.23,39,60,61,37,62646.08,62622.81,,
2026-07-10T00:35:33+08:00,btc-updown-5m-1783614900,https://polymarket.com/zh/event/btc-updown-5m-1783614900,00:35-00:40,40.00,57.00,37.00,55.00,125.50,30.00,10.00,17.92,38.50,56.00,3.00,2.00,25719.57,18367.61,18362.61,25709.57,37,58,55,42,62646.08,62639.01,,
2026-07-10T00:35:35+08:00,btc-updown-5m-1783614900,https://polymarket.com/zh/event/btc-updown-5m-1783614900,00:35-00:40,48.00,57.00,43.00,52.00,89.54,163.80,163.80,89.54,45.50,54.50,5.00,5.00,25719.57,18372.61,18372.61,25719.57,43,52,52,43,62646.08,62636.29,,
2026-07-10T00:35:37+08:00,btc-updown-5m-1783614900,https://polymarket.com/zh/event/btc-updown-5m-1783614900,00:35-00:40,50.00,53.00,47.00,50.00,191.68,116.47,118.00,184.87,48.50,51.50,3.00,3.00,25714.57,18452.61,18452.61,25714.57,47,50,50,47,62646.08,62634.01,,
2026-07-10T00:35:39+08:00,btc-updown-5m-1783614900,https://polymarket.com/zh/event/btc-updown-5m-1783614900,00:35-00:40,48.00,53.00,47.00,52.00,82.00,69.33,69.33,52.00,47.50,52.50,1.00,1.00,25719.57,18681.60,18671.60,25729.57,47,52,52,47,62646.08,62638.00,,
2026-07-10T00:35:41+08:00,btc-updown-5m-1783614900,https://polymarket.com/zh/event/btc-updown-5m-1783614900,00:35-00:40,48.00,53.00,47.00,52.00,50.91,518.91,265.74,97.48,47.50,52.50,1.00,1.00,25709.57,18681.60,18546.60,25714.57,47,52,52,47,62646.08,62638.00,,
2026-07-10T00:35:43+08:00,btc-updown-5m-1783614900,https://polymarket.com/zh/event/btc-updown-5m-1783614900,00:35-00:40,45.00,56.00,44.00,55.00,215.00,881.14,245.10,742.22,44.50,55.50,1.00,1.00,25724.57,18474.60,18483.61,25735.38,44,55,55,44,62646.08,62633.80,,
2026-07-10T00:35:45+08:00,btc-updown-5m-1783614900,https://polymarket.com/zh/event/btc-updown-5m-1783614900,00:35-00:40,42.00,59.00,41.00,58.00,2879.29,35.00,43.49,2856.29,41.50,58.50,1.00,1.00,25745.38,18453.59,18459.60,25750.38,40,58,58,40,62646.08,62625.20,,
2026-07-10T00:35:47+08:00,btc-updown-5m-1783614900,https://polymarket.com/zh/event/btc-updown-5m-1783614900,00:35-00:40,36.00,65.00,35.00,64.00,1635.25,651.51,1214.98,1631.25,35.50,64.50,1.00,1.00,25746.38,18377.59,18386.60,25741.38,35,64,64,35,62646.08,62616.61,,
2026-07-10T00:35:49+08:00,btc-updown-5m-1783614900,https://polymarket.com/zh/event/btc-updown-5m-1783614900,00:35-00:40,38.00,63.00,37.00,62.00,1070.48,629.68,694.91,884.60,37.50,62.50,1.00,1.00,25743.05,18287.59,18271.59,25728.05,37,62,62,37,62646.08,62623.84,,
2026-07-10T00:35:51+08:00,btc-updown-5m-1783614900,https://polymarket.com/zh/event/btc-updown-5m-1783614900,00:35-00:40,45.00,56.00,44.00,55.00,651.98,280.79,296.87,651.98,44.50,55.50,1.00,1.00,25077.05,17872.60,17872.60,25082.05,44,55,55,44,62646.08,62629.97,,
2026-07-10T00:35:53+08:00,btc-updown-5m-1783614900,https://polymarket.com/zh/event/btc-updown-5m-1783614900,00:35-00:40,45.00,56.00,44.00,55.00,1304.77,775.35,781.15,1314.20,44.50,55.50,1.00,1.00,25107.05,17943.60,17939.59,25092.05,44,55,55,44,62646.08,62632.84,,
2026-07-10T00:35:55+08:00,btc-updown-5m-1783614900,https://polymarket.com/zh/event/btc-updown-5m-1783614900,00:35-00:40,45.00,57.00,44.00,56.00,1868.62,863.64,50.30,1543.13,44.50,56.50,1.00,1.00,25102.05,17938.59,17933.59,25087.05,44,55,56,43,62646.08,62630.04,,
2026-07-10T00:35:57+08:00,btc-updown-5m-1783614900,https://polymarket.com/zh/event/btc-updown-5m-1783614900,00:35-00:40,43.00,58.00,42.00,57.00,474.29,1016.35,882.25,649.16,42.50,57.50,1.00,1.00,25017.05,17928.59,17940.59,25012.05,42,57,57,42,62646.08,62629.95,,
2026-07-10T00:35:59+08:00,btc-updown-5m-1783614900,https://polymarket.com/zh/event/btc-updown-5m-1783614900,00:35-00:40,43.00,58.00,42.00,57.00,236.69,1028.46,1028.46,236.69,42.50,57.50,1.00,1.00,25104.96,17935.59,17959.59,25104.96,42,57,57,42,62646.08,62628.21,,
2026-07-10T00:36:01+08:00,btc-updown-5m-1783614900,https://polymarket.com/zh/event/btc-updown-5m-1783614900,00:35-00:40,41.00,61.00,40.00,60.00,50.00,5.20,50.00,26.00,40.50,60.50,1.00,1.00,31831.66,24972.30,24997.31,31531.66,40,59,60,39,62646.08,62622.01,,
2026-07-10T00:36:04+08:00,btc-updown-5m-1783614900,https://polymarket.com/zh/event/btc-updown-5m-1783614900,00:35-00:40,39.00,62.00,38.00,61.00,234.87,333.23,329.40,234.87,38.50,61.50,1.00,1.00,31531.66,24976.30,24971.30,31531.66,38,61,61,38,62646.08,62631.36,,
2026-07-10T00:36:06+08:00,btc-updown-5m-1783614900,https://polymarket.com/zh/event/btc-updown-5m-1783614900,00:35-00:40,43.00,57.00,39.00,54.00,14.35,162.79,30.00,314.32,41.00,55.50,4.00,3.00,31821.66,24976.30,24971.30,31821.66,39,56,54,40,62646.08,62638.10,,
2026-07-10T00:36:07+08:00,btc-updown-5m-1783614900,https://polymarket.com/zh/event/btc-updown-5m-1783614900,00:35-00:40,45.00,55.00,44.00,52.00,8.14,5.49,157.43,80.14,44.50,53.50,1.00,3.00,30923.66,24813.30,24813.30,30923.66,44,55,52,45,62646.08,62645.52,,
2026-07-10T00:36:10+08:00,btc-updown-5m-1783614900,https://polymarket.com/zh/event/btc-updown-5m-1783614900,00:35-00:40,52.00,49.00,51.00,48.00,148.22,1535.87,1182.62,149.42,51.50,48.50,1.00,1.00,29632.99,25120.31,24859.31,29489.66,51,48,48,51,62646.08,62645.53,,
2026-07-10T00:36:12+08:00,btc-updown-5m-1783614900,https://polymarket.com/zh/event/btc-updown-5m-1783614900,00:35-00:40,56.00,50.00,55.00,49.00,1340.42,44.00,8.71,163.00,55.50,49.50,1.00,1.00,30907.96,26852.59,26744.59,31305.96,54,44,49,50,62646.08,62645.52,,
2026-07-10T00:36:14+08:00,btc-updown-5m-1783614900,https://polymarket.com/zh/event/btc-updown-5m-1783614900,00:35-00:40,53.00,48.00,52.00,47.00,619.63,364.29,324.29,1486.30,52.50,47.50,1.00,1.00,29635.97,26759.59,26754.59,29620.97,52,47,47,52,62646.08,62643.38,,
2026-07-10T00:36:16+08:00,btc-updown-5m-1783614900,https://polymarket.com/zh/event/btc-updown-5m-1783614900,00:35-00:40,53.00,48.00,52.00,47.00,990.86,479.33,479.33,990.86,52.50,47.50,1.00,1.00,30720.96,26754.59,26754.59,30720.96,52,47,47,52,62646.08,62646.00,,
2026-07-10T00:36:18+08:00,btc-updown-5m-1783614900,https://polymarket.com/zh/event/btc-updown-5m-1783614900,00:35-00:40,53.00,48.00,52.00,47.00,1271.98,203.92,203.92,1271.98,52.50,47.50,1.00,1.00,30052.97,26676.59,26676.59,30052.97,52,47,47,52,62646.08,62626.00,,
2026-07-10T00:36:20+08:00,btc-updown-5m-1783614900,https://polymarket.com/zh/event/btc-updown-5m-1783614900,00:35-00:40,44.00,59.00,41.00,56.00,118.67,62.64,67.64,84.57,42.50,57.50,3.00,3.00,28963.97,23676.59,23691.59,28963.97,41,56,56,41,62646.08,62625.57,,
2026-07-10T00:36:22+08:00,btc-updown-5m-1783614900,https://polymarket.com/zh/event/btc-updown-5m-1783614900,00:35-00:40,43.00,58.00,42.00,57.00,1194.79,366.11,597.97,1184.79,42.50,57.50,1.00,1.00,30352.96,23756.60,23777.59,30362.96,42,57,57,42,62646.08,62630.80,,
2026-07-10T00:36:24+08:00,btc-updown-5m-1783614900,https://polymarket.com/zh/event/btc-updown-5m-1783614900,00:35-00:40,46.00,55.00,45.00,54.00,107.95,1758.50,1158.50,107.95,45.50,54.50,1.00,1.00,30437.96,24286.59,24292.59,30427.96,45,54,54,45,62646.08,62630.81,,
2026-07-10T00:36:26+08:00,btc-updown-5m-1783614900,https://polymarket.com/zh/event/btc-updown-5m-1783614900,00:35-00:40,46.00,55.00,45.00,54.00,147.40,510.47,1165.30,437.47,45.50,54.50,1.00,1.00,30277.96,24136.60,24151.59,30292.96,45,54,54,45,62646.08,62634.02,,
2026-07-10T00:36:28+08:00,btc-updown-5m-1783614900,https://polymarket.com/zh/event/btc-updown-5m-1783614900,00:35-00:40,42.00,59.00,41.00,58.00,134.41,1103.60,1067.17,29.41,41.50,58.50,1.00,1.00,30277.96,23562.60,23547.59,30277.96,41,58,58,41,62646.08,62629.36,,
2026-07-10T00:36:30+08:00,btc-updown-5m-1783614900,https://polymarket.com/zh/event/btc-updown-5m-1783614900,00:35-00:40,44.00,57.00,43.00,56.00,147.49,727.01,720.27,125.49,43.50,56.50,1.00,1.00,30277.96,23556.60,23556.60,30277.96,43,56,56,43,62646.08,62629.87,,
2026-07-10T00:36:32+08:00,btc-updown-5m-1783614900,https://polymarket.com/zh/event/btc-updown-5m-1783614900,00:35-00:40,49.00,52.00,48.00,51.00,650.00,1065.72,380.00,684.55,48.50,51.50,1.00,1.00,30069.96,25437.59,25427.60,30074.96,48,51,51,48,62646.08,62637.45,,
2026-07-10T00:36:34+08:00,btc-updown-5m-1783614900,https://polymarket.com/zh/event/btc-updown-5m-1783614900,00:35-00:40,52.00,49.00,51.00,48.00,670.00,101.00,101.00,679.94,51.50,48.50,1.00,1.00,30599.96,26021.59,26001.59,30089.96,51,48,48,51,62646.08,62644.57,,
2026-07-10T00:36:36+08:00,btc-updown-5m-1783614900,https://polymarket.com/zh/event/btc-updown-5m-1783614900,00:35-00:40,62.00,39.00,61.00,38.00,1016.70,1444.02,1454.99,1016.70,61.50,38.50,1.00,1.00,25234.29,28091.59,28101.59,25744.29,61,38,38,61,62646.08,62655.30,,
2026-07-10T00:36:38+08:00,btc-updown-5m-1783614900,https://polymarket.com/zh/event/btc-updown-5m-1783614900,00:35-00:40,60.00,41.00,59.00,40.00,914.45,129.93,142.13,1220.89,59.50,40.50,1.00,1.00,25700.96,28144.92,28394.92,25695.96,59,40,40,59,62646.08,62656.79,,
2026-07-10T00:36:40+08:00,btc-updown-5m-1783614900,https://polymarket.com/zh/event/btc-updown-5m-1783614900,00:35-00:40,60.00,41.00,59.00,40.00,236.53,1728.59,1636.79,236.53,59.50,40.50,1.00,1.00,25005.97,28399.92,28399.92,25506.95,59,40,40,59,62646.08,62652.13,,
2026-07-10T00:36:42+08:00,btc-updown-5m-1783614900,https://polymarket.com/zh/event/btc-updown-5m-1783614900,00:35-00:40,61.00,40.00,60.00,39.00,238.91,1519.01,1349.17,15.00,60.50,39.50,1.00,1.00,25416.95,28244.92,28239.92,24916.95,60,39,39,60,62646.08,62654.02,,
2026-07-10T00:36:44+08:00,btc-updown-5m-1783614900,https://polymarket.com/zh/event/btc-updown-5m-1783614900,00:35-00:40,62.00,39.00,61.00,38.00,129.45,1658.66,1666.38,123.28,61.50,38.50,1.00,1.00,24906.94,28240.92,28245.92,24916.95,61,38,38,61,62646.08,62656.01,,
2026-07-10T00:36:46+08:00,btc-updown-5m-1783614900,https://polymarket.com/zh/event/btc-updown-5m-1783614900,00:35-00:40,62.00,38.00,61.00,30.00,101.91,29.76,1958.96,5.12,61.50,34.00,1.00,8.00,25416.95,26748.92,21684.92,24901.95,61,37,30,62,62646.08,62659.60,,
2026-07-10T00:36:48+08:00,btc-updown-5m-1783614900,https://polymarket.com/zh/event/btc-updown-5m-1783614900,00:35-00:40,75.00,26.00,74.00,25.00,1600.29,2276.72,2237.43,1600.29,74.50,25.50,1.00,1.00,25329.94,22581.26,22581.26,25329.94,74,25,25,74,62646.08,62682.00,,
2026-07-10T00:36:50+08:00,btc-updown-5m-1783614900,https://polymarket.com/zh/event/btc-updown-5m-1783614900,00:35-00:40,75.00,26.00,74.00,25.00,706.48,2474.31,2513.31,701.28,74.50,25.50,1.00,1.00,24849.95,22071.26,22071.26,24844.95,74,25,25,74,62646.08,62688.00,,
2026-07-10T00:36:52+08:00,btc-updown-5m-1783614900,https://polymarket.com/zh/event/btc-updown-5m-1783614900,00:35-00:40,75.00,26.00,74.00,25.00,431.34,2146.89,2141.89,431.34,74.50,25.50,1.00,1.00,24911.95,22086.26,22086.26,25416.95,74,24,24,74,62646.08,62690.51,,
2026-07-10T00:36:54+08:00,btc-updown-5m-1783614900,https://polymarket.com/zh/event/btc-updown-5m-1783614900,00:35-00:40,78.00,23.00,77.00,22.00,109.25,107.19,43.19,104.51,77.50,22.50,1.00,1.00,24965.95,21744.93,21749.93,24960.95,77,22,22,77,62646.08,62684.06,,
2026-07-10T00:36:56+08:00,btc-updown-5m-1783614900,https://polymarket.com/zh/event/btc-updown-5m-1783614900,00:35-00:40,79.00,22.00,78.00,21.00,218.07,1787.77,1786.78,223.07,78.50,21.50,1.00,1.00,18450.95,15539.93,15534.93,18400.94,78,21,21,78,62646.08,62684.05,,
2026-07-10T00:36:58+08:00,btc-updown-5m-1783614900,https://polymarket.com/zh/event/btc-updown-5m-1783614900,00:35-00:40,80.00,21.00,79.00,20.00,1007.32,911.10,911.10,940.26,79.50,20.50,1.00,1.00,18380.94,15534.93,15534.93,18375.94,79,20,20,79,62646.08,62684.05,,
2026-07-10T00:37:00+08:00,btc-updown-5m-1783614900,https://polymarket.com/zh/event/btc-updown-5m-1783614900,00:35-00:40,81.00,20.00,80.00,19.00,591.59,1468.47,1430.96,486.19,80.50,19.50,1.00,1.00,18385.95,15512.93,15458.93,17885.94,80,19,19,80,62646.08,62684.02,,
2026-07-10T00:37:02+08:00,btc-updown-5m-1783614900,https://polymarket.com/zh/event/btc-updown-5m-1783614900,00:35-00:40,81.00,20.00,80.00,19.00,725.41,843.67,828.67,678.76,80.50,19.50,1.00,1.00,18430.95,15464.93,15464.93,17900.94,80,19,19,80,62646.08,62684.02,,
2026-07-10T00:37:04+08:00,btc-updown-5m-1783614900,https://polymarket.com/zh/event/btc-updown-5m-1783614900,00:35-00:40,86.00,15.00,85.00,14.00,405.47,50.68,118.88,470.47,85.50,14.50,1.00,1.00,17930.96,12933.73,12933.73,17925.95,85,14,14,85,62646.08,62693.99,,
2026-07-10T00:37:06+08:00,btc-updown-5m-1783614900,https://polymarket.com/zh/event/btc-updown-5m-1783614900,00:35-00:40,86.00,20.00,85.00,15.00,1667.57,48.87,110.00,35.00,85.50,17.50,1.00,5.00,17925.95,12842.93,12852.93,17925.95,84,14,15,80,62646.08,62679.73,,
2026-07-10T00:37:08+08:00,btc-updown-5m-1783614900,https://polymarket.com/zh/event/btc-updown-5m-1783614900,00:35-00:40,80.00,21.00,79.00,20.00,307.85,266.88,246.80,231.70,79.50,20.50,1.00,1.00,17840.95,14962.93,14967.93,17850.95,79,20,20,79,62646.08,62689.65,,
2026-07-10T00:37:10+08:00,btc-updown-5m-1783614900,https://polymarket.com/zh/event/btc-updown-5m-1783614900,00:35-00:40,85.00,16.00,84.00,15.00,346.17,1372.99,1417.79,10.00,84.50,15.50,1.00,1.00,18400.94,13185.93,13222.57,17925.94,84,15,15,84,62646.08,62692.70,,
2026-07-10T00:37:12+08:00,btc-updown-5m-1783614900,https://polymarket.com/zh/event/btc-updown-5m-1783614900,00:35-00:40,87.00,14.00,86.00,13.00,175.76,1666.76,1574.91,57.11,86.50,13.50,1.00,1.00,18420.95,13796.85,13786.85,18415.95,86,13,13,86,62646.08,62695.99,,
2026-07-10T00:37:14+08:00,btc-updown-5m-1783614900,https://polymarket.com/zh/event/btc-updown-5m-1783614900,00:35-00:40,88.00,12.00,87.00,11.00,11.59,325.00,892.80,26.60,87.50,11.50,1.00,1.00,17935.95,13542.61,13924.61,17925.95,87,12,11,88,62646.08,62702.59,,
2026-07-10T00:37:16+08:00,btc-updown-5m-1783614900,https://polymarket.com/zh/event/btc-updown-5m-1783614900,00:35-00:40,90.00,12.00,88.00,10.00,82.43,1927.91,1978.47,71.88,89.00,11.00,2.00,2.00,17915.95,13733.25,13733.25,17915.96,88,10,10,88,62646.08,62710.53,,
2026-07-10T00:37:19+08:00,btc-updown-5m-1783614900,https://polymarket.com/zh/event/btc-updown-5m-1783614900,00:35-00:40,91.00,10.00,90.00,9.00,251.72,1689.52,1726.32,229.14,90.50,9.50,1.00,1.00,17910.95,15247.58,15234.12,18415.94,90,9,9,90,62646.08,62703.97,,
2026-07-10T00:37:21+08:00,btc-updown-5m-1783614900,https://polymarket.com/zh/event/btc-updown-5m-1783614900,00:35-00:40,90.00,11.00,89.00,10.00,1663.93,100.00,104.18,1823.93,89.50,10.50,1.00,1.00,18405.95,15255.78,14732.07,18410.94,89,10,10,89,62646.08,62702.80,,
2026-07-10T00:37:23+08:00,btc-updown-5m-1783614900,https://polymarket.com/zh/event/btc-updown-5m-1783614900,00:35-00:40,86.00,15.00,85.00,14.00,1576.51,328.12,272.97,1363.93,85.50,14.50,1.00,1.00,17600.94,14791.05,14796.05,18090.94,85,14,14,85,62646.08,62690.58,,
2026-07-10T00:37:25+08:00,btc-updown-5m-1783614900,https://polymarket.com/zh/event/btc-updown-5m-1783614900,00:35-00:40,86.00,15.00,85.00,14.00,227.00,1054.72,1054.72,281.69,85.50,14.50,1.00,1.00,17605.94,14643.09,14944.54,18085.94,85,14,14,85,62646.08,62690.59,,
2026-07-10T00:37:27+08:00,btc-updown-5m-1783614900,https://polymarket.com/zh/event/btc-updown-5m-1783614900,00:35-00:40,87.00,14.00,86.00,13.00,266.08,1208.63,1208.63,266.08,86.50,13.50,1.00,1.00,17579.94,15243.81,15273.81,17497.04,86,13,13,86,62646.08,62697.99,,
2026-07-10T00:37:29+08:00,btc-updown-5m-1783614900,https://polymarket.com/zh/event/btc-updown-5m-1783614900,00:35-00:40,88.00,13.00,87.00,12.00,138.51,1701.39,1684.39,135.10,87.50,12.50,1.00,1.00,17497.03,15302.06,15307.06,17492.03,87,12,12,87,62646.08,62700.50,,
2026-07-10T00:37:31+08:00,btc-updown-5m-1783614900,https://polymarket.com/zh/event/btc-updown-5m-1783614900,00:35-00:40,89.00,12.00,88.00,11.00,80.64,1500.00,1500.00,80.64,88.50,11.50,1.00,1.00,17502.03,15597.08,15602.08,17987.04,88,11,11,88,62646.08,62700.50,,
2026-07-10T00:37:33+08:00,btc-updown-5m-1783614900,https://polymarket.com/zh/event/btc-updown-5m-1783614900,00:35-00:40,94.00,7.00,93.00,6.00,168.72,1023.60,387.63,172.65,93.50,6.50,1.00,1.00,17492.03,15208.52,15656.20,17492.04,93,6,6,93,62646.08,62719.25,,
2026-07-10T00:37:35+08:00,btc-updown-5m-1783614900,https://polymarket.com/zh/event/btc-updown-5m-1783614900,00:35-00:40,95.00,6.00,94.00,5.00,824.12,1204.50,1482.69,844.01,94.50,5.50,1.00,1.00,17937.03,14360.56,14404.45,17932.04,94,5,5,94,62646.08,62730.34,,
2026-07-10T00:37:37+08:00,btc-updown-5m-1783614900,https://polymarket.com/zh/event/btc-updown-5m-1783614900,00:35-00:40,95.00,6.00,94.00,5.00,1099.97,112.39,373.39,1813.49,94.50,5.50,1.00,1.00,17911.05,16009.40,16733.13,17426.05,94,5,5,94,62646.08,62719.80,,
2026-07-10T00:37:39+08:00,btc-updown-5m-1783614900,https://polymarket.com/zh/event/btc-updown-5m-1783614900,00:35-00:40,95.00,6.00,94.00,5.00,952.60,1044.67,1022.42,907.91,94.50,5.50,1.00,1.00,17911.05,15679.03,15614.34,17426.05,94,5,5,94,62646.08,62718.00,,
2026-07-10T00:37:41+08:00,btc-updown-5m-1783614900,https://polymarket.com/zh/event/btc-updown-5m-1783614900,00:35-00:40,96.00,5.00,95.00,4.00,608.56,1093.06,788.06,607.56,95.50,4.50,1.00,1.00,17330.05,12266.87,12865.87,17820.05,95,4,4,95,62646.08,62719.80,,
2026-07-10T00:37:43+08:00,btc-updown-5m-1783614900,https://polymarket.com/zh/event/btc-updown-5m-1783614900,00:35-00:40,96.00,5.00,95.00,4.00,880.93,454.33,454.33,860.26,95.50,4.50,1.00,1.00,17320.05,12748.08,12722.41,17825.05,95,4,4,95,62646.08,62719.80,,
2026-07-10T00:37:45+08:00,btc-updown-5m-1783614900,https://polymarket.com/zh/event/btc-updown-5m-1783614900,00:35-00:40,96.00,5.00,95.00,4.00,71.42,1168.16,1125.30,53.33,95.50,4.50,1.00,1.00,17820.05,11956.05,11063.66,17830.05,95,4,4,95,62646.08,62719.81,,
2026-07-10T00:37:47+08:00,btc-updown-5m-1783614900,https://polymarket.com/zh/event/btc-updown-5m-1783614900,00:35-00:40,97.00,4.00,96.00,3.00,756.37,625.86,610.86,770.87,96.50,3.50,1.00,1.00,17657.05,8169.98,8189.48,17157.05,96,3,3,96,62646.08,62729.50,,
2026-07-10T00:37:49+08:00,btc-updown-5m-1783614900,https://polymarket.com/zh/event/btc-updown-5m-1783614900,00:35-00:40,97.00,4.00,96.00,3.00,897.38,1040.62,1054.85,922.38,96.50,3.50,1.00,1.00,17057.05,8220.99,8239.99,17062.05,96,3,3,96,62646.08,62726.00,,
2026-07-10T00:37:51+08:00,btc-updown-5m-1783614900,https://polymarket.com/zh/event/btc-updown-5m-1783614900,00:35-00:40,96.00,5.00,95.00,4.00,416.57,1618.58,1574.90,441.57,95.50,4.50,1.00,1.00,16652.05,8418.64,8473.64,17172.05,95,4,4,95,62646.08,62724.02,,
2026-07-10T00:37:53+08:00,btc-updown-5m-1783614900,https://polymarket.com/zh/event/btc-updown-5m-1783614900,00:35-00:40,97.00,4.00,96.00,3.00,780.62,1330.32,1234.32,777.52,96.50,3.50,1.00,1.00,17152.05,7879.08,7880.98,16667.05,96,3,3,96,62646.08,62726.00,,
2026-07-10T00:37:55+08:00,btc-updown-5m-1783614900,https://polymarket.com/zh/event/btc-updown-5m-1783614900,00:35-00:40,97.00,4.00,96.00,3.00,33.21,1608.35,1601.04,5.00,96.50,3.50,1.00,1.00,17157.05,6373.58,6349.37,16657.05,96,3,3,96,62646.08,62732.69,,
2026-07-10T00:37:57+08:00,btc-updown-5m-1783614900,https://polymarket.com/zh/event/btc-updown-5m-1783614900,00:35-00:40,98.00,3.00,97.00,2.00,1455.43,872.36,281.07,1460.96,97.50,2.50,1.00,1.00,16652.05,6480.90,6891.43,17157.05,97,2,2,97,62646.08,62732.68,,
2026-07-10T00:37:59+08:00,btc-updown-5m-1783614900,https://polymarket.com/zh/event/btc-updown-5m-1783614900,00:35-00:40,98.00,3.00,97.00,2.00,1586.41,197.58,102.24,1591.41,97.50,2.50,1.00,1.00,17147.05,7241.79,7836.79,16647.05,97,2,2,97,62646.08,62732.69,,
2026-07-10T00:38:01+08:00,btc-updown-5m-1783614900,https://polymarket.com/zh/event/btc-updown-5m-1783614900,00:35-00:40,97.00,4.00,96.00,3.00,973.62,1808.45,148.70,832.91,96.50,3.50,1.00,1.00,17077.06,8192.27,7098.56,16632.06,96,3,3,96,62646.08,62730.27,,
2026-07-10T00:38:03+08:00,btc-updown-5m-1783614900,https://polymarket.com/zh/event/btc-updown-5m-1783614900,00:35-00:40,97.00,4.00,96.00,3.00,1117.42,1252.02,1383.66,1059.72,96.50,3.50,1.00,1.00,16617.05,7853.39,7790.69,16612.05,96,3,3,96,62646.08,62732.69,,
2026-07-10T00:38:05+08:00,btc-updown-5m-1783614900,https://polymarket.com/zh/event/btc-updown-5m-1783614900,00:35-00:40,96.00,5.00,95.00,3.00,28.89,52.15,75.10,2002.93,95.50,4.00,1.00,2.00,16552.06,10415.85,10047.88,16602.06,95,4,3,95,62646.08,62723.91,,
2026-07-10T00:38:07+08:00,btc-updown-5m-1783614900,https://polymarket.com/zh/event/btc-updown-5m-1783614900,00:35-00:40,96.00,6.00,95.00,5.00,1312.75,438.36,25.17,618.96,95.50,5.50,1.00,1.00,16598.06,11887.54,11445.48,16608.08,95,4,5,94,62646.08,62713.66,,
2026-07-10T00:38:09+08:00,btc-updown-5m-1783614900,https://polymarket.com/zh/event/btc-updown-5m-1783614900,00:35-00:40,95.00,6.00,94.00,5.00,71.54,1504.33,1504.33,71.54,94.50,5.50,1.00,1.00,16663.05,10550.35,10545.35,16648.06,94,5,5,94,62646.08,62713.66,,
2026-07-10T00:38:11+08:00,btc-updown-5m-1783614900,https://polymarket.com/zh/event/btc-updown-5m-1783614900,00:35-00:40,96.00,5.00,95.00,4.00,657.45,1004.20,999.20,657.45,95.50,4.50,1.00,1.00,16648.05,10097.83,10663.83,16653.06,95,4,4,95,62646.08,62713.66,,
2026-07-10T00:38:13+08:00,btc-updown-5m-1783614900,https://polymarket.com/zh/event/btc-updown-5m-1783614900,00:35-00:40,96.00,5.00,95.00,4.00,1311.31,390.23,379.23,1311.31,95.50,4.50,1.00,1.00,16573.06,11207.45,11192.45,16578.05,95,4,4,95,62646.08,62717.81,,
2026-07-10T00:38:15+08:00,btc-updown-5m-1783614900,https://polymarket.com/zh/event/btc-updown-5m-1783614900,00:35-00:40,95.00,6.00,94.00,5.00,1925.12,1563.36,1502.08,2434.90,94.50,5.50,1.00,1.00,16643.05,13805.14,14337.15,16563.05,94,5,5,94,62646.08,62715.32,,
2026-07-10T00:38:17+08:00,btc-updown-5m-1783614900,https://polymarket.com/zh/event/btc-updown-5m-1783614900,00:35-00:40,95.00,6.00,94.00,5.00,2198.18,1058.42,1008.42,2198.18,94.50,5.50,1.00,1.00,16558.05,14004.74,13999.74,16573.06,94,5,5,94,62646.08,62712.02,,
2026-07-10T00:38:19+08:00,btc-updown-5m-1783614900,https://polymarket.com/zh/event/btc-updown-5m-1783614900,00:35-00:40,95.00,6.00,94.00,5.00,1499.12,2182.94,1011.95,1222.89,94.50,5.50,1.00,1.00,16638.05,13034.66,10190.88,16638.05,94,5,5,94,62646.08,62711.47,,
2026-07-10T00:38:21+08:00,btc-updown-5m-1783614900,https://polymarket.com/zh/event/btc-updown-5m-1783614900,00:35-00:40,95.00,6.00,94.00,5.00,610.25,2611.12,2618.88,607.61,94.50,5.50,1.00,1.00,16374.71,9570.21,9567.57,16374.71,94,5,5,94,62646.08,62722.90,,
2026-07-10T00:38:23+08:00,btc-updown-5m-1783614900,https://polymarket.com/zh/event/btc-updown-5m-1783614900,00:35-00:40,95.00,6.00,94.00,5.00,1408.73,756.19,748.32,1416.29,94.50,5.50,1.00,1.00,16299.71,12218.48,11768.35,16319.71,94,5,5,94,62646.08,62722.90,,
2026-07-10T00:38:25+08:00,btc-updown-5m-1783614900,https://polymarket.com/zh/event/btc-updown-5m-1783614900,00:35-00:40,95.00,6.00,94.00,5.00,866.01,711.97,739.97,866.01,94.50,5.50,1.00,1.00,16304.71,11898.45,12517.45,16314.71,94,5,5,94,62646.08,62712.04,,
2026-07-10T00:38:27+08:00,btc-updown-5m-1783614900,https://polymarket.com/zh/event/btc-updown-5m-1783614900,00:35-00:40,95.00,6.00,94.00,5.00,839.97,679.85,674.55,834.97,94.50,5.50,1.00,1.00,16319.71,12274.72,12269.72,16304.71,94,5,5,94,62646.08,62712.05,,
2026-07-10T00:38:29+08:00,btc-updown-5m-1783614900,https://polymarket.com/zh/event/btc-updown-5m-1783614900,00:35-00:40,94.00,7.00,93.00,6.00,1577.65,808.40,808.40,1681.65,93.50,6.50,1.00,1.00,16319.72,16247.56,15627.56,16319.72,93,6,6,93,62646.08,62694.01,,
2026-07-10T00:38:31+08:00,btc-updown-5m-1783614900,https://polymarket.com/zh/event/btc-updown-5m-1783614900,00:35-00:40,92.00,9.00,91.00,8.00,2.00,139.16,26.16,2.00,91.50,8.50,1.00,1.00,16844.72,15672.91,15148.21,16839.72,91,8,8,91,62646.08,62701.98,,
2026-07-10T00:38:33+08:00,btc-updown-5m-1783614900,https://polymarket.com/zh/event/btc-updown-5m-1783614900,00:35-00:40,92.00,9.00,91.00,8.00,1484.97,33.99,33.99,1470.00,91.50,8.50,1.00,1.00,16324.71,18241.18,18241.18,16314.71,91,8,8,91,62646.08,62695.10,,
2026-07-10T00:38:35+08:00,btc-updown-5m-1783614900,https://polymarket.com/zh/event/btc-updown-5m-1783614900,00:35-00:40,92.00,9.00,91.00,8.00,936.90,1099.99,1099.99,936.90,91.50,8.50,1.00,1.00,16334.71,17656.61,17661.61,16319.71,91,8,8,91,62646.08,62697.72,,
2026-07-10T00:38:37+08:00,btc-updown-5m-1783614900,https://polymarket.com/zh/event/btc-updown-5m-1783614900,00:35-00:40,92.00,9.00,91.00,8.00,195.44,1178.10,1178.10,195.44,91.50,8.50,1.00,1.00,16409.72,17070.12,17060.12,16389.71,91,8,8,91,62646.08,62697.42,,
2026-07-10T00:38:39+08:00,btc-updown-5m-1783614900,https://polymarket.com/zh/event/btc-updown-5m-1783614900,00:35-00:40,97.00,4.00,96.00,3.00,1196.36,59.39,297.77,1278.23,96.50,3.50,1.00,1.00,16399.71,8424.52,8724.95,16384.71,96,3,3,96,62646.08,62706.90,,
2026-07-10T00:38:41+08:00,btc-updown-5m-1783614900,https://polymarket.com/zh/event/btc-updown-5m-1783614900,00:35-00:40,94.00,7.00,93.00,6.00,921.89,526.68,603.50,770.38,93.50,6.50,1.00,1.00,16394.71,13383.98,14738.42,16379.71,93,6,6,93,62646.08,62704.87,,
2026-07-10T00:38:43+08:00,btc-updown-5m-1783614900,https://polymarket.com/zh/event/btc-updown-5m-1783614900,00:35-00:40,93.00,8.00,92.00,7.00,431.72,764.11,229.84,298.97,92.50,7.50,1.00,1.00,16394.71,16686.12,15581.67,16384.71,92,7,7,92,62646.08,62701.27,,
2026-07-10T00:38:45+08:00,btc-updown-5m-1783614900,https://polymarket.com/zh/event/btc-updown-5m-1783614900,00:35-00:40,95.00,6.00,94.00,5.00,4993.05,207.85,207.85,5014.32,94.50,5.50,1.00,1.00,16313.71,16266.55,16293.82,16298.71,94,5,5,94,62646.08,62707.83,,
2026-07-10T00:38:47+08:00,btc-updown-5m-1783614900,https://polymarket.com/zh/event/btc-updown-5m-1783614900,00:35-00:40,95.00,6.00,94.00,5.00,5075.78,191.24,191.24,5075.78,94.50,5.50,1.00,1.00,16308.71,16361.28,16361.28,16313.71,94,5,5,94,62646.08,62707.83,,
2026-07-10T00:38:49+08:00,btc-updown-5m-1783614900,https://polymarket.com/zh/event/btc-updown-5m-1783614900,00:35-00:40,95.00,6.00,94.00,5.00,4974.00,83.57,83.57,4984.00,94.50,5.50,1.00,1.00,16303.71,15862.56,15952.56,16313.71,94,5,5,94,62646.08,62704.70,,
2026-07-10T00:38:51+08:00,btc-updown-5m-1783614900,https://polymarket.com/zh/event/btc-updown-5m-1783614900,00:35-00:40,94.00,7.00,93.00,6.00,683.88,153.80,76.96,653.61,93.50,6.50,1.00,1.00,16318.71,16037.51,16022.51,16298.71,93,6,6,93,62646.08,62705.16,,
2026-07-10T00:38:53+08:00,btc-updown-5m-1783614900,https://polymarket.com/zh/event/btc-updown-5m-1783614900,00:35-00:40,94.00,7.00,93.00,6.00,144.81,692.42,681.42,144.81,93.50,6.50,1.00,1.00,16345.71,15085.60,15040.60,16335.71,93,6,6,93,62646.08,62704.17,,
2026-07-10T00:38:55+08:00,btc-updown-5m-1783614900,https://polymarket.com/zh/event/btc-updown-5m-1783614900,00:35-00:40,93.00,8.00,92.00,7.00,149.04,2030.09,1926.80,84.72,92.50,7.50,1.00,1.00,16430.72,15356.98,15246.98,16415.72,92,7,7,92,62646.08,62698.70,,
2026-07-10T00:38:57+08:00,btc-updown-5m-1783614900,https://polymarket.com/zh/event/btc-updown-5m-1783614900,00:35-00:40,94.00,7.00,93.00,6.00,16.43,2097.66,2311.63,81.05,93.50,6.50,1.00,1.00,16580.72,13102.23,14431.92,16550.71,93,6,6,93,62646.08,62705.41,,
2026-07-10T00:38:59+08:00,btc-updown-5m-1783614900,https://polymarket.com/zh/event/btc-updown-5m-1783614900,00:35-00:40,95.00,6.00,94.00,5.00,4834.87,777.73,802.73,4834.87,94.50,5.50,1.00,1.00,16560.72,14972.39,15065.08,16560.71,94,5,5,94,62646.08,62701.77,,
2026-07-10T00:39:01+08:00,btc-updown-5m-1783614900,https://polymarket.com/zh/event/btc-updown-5m-1783614900,00:35-00:40,94.00,7.00,93.00,6.00,210.42,1583.70,1578.70,210.42,93.50,6.50,1.00,1.00,19047.71,12656.07,12656.07,19032.71,93,6,6,93,62646.08,62701.13,,
2026-07-10T00:39:03+08:00,btc-updown-5m-1783614900,https://polymarket.com/zh/event/btc-updown-5m-1783614900,00:35-00:40,91.00,8.00,90.00,7.00,40.10,410.18,1003.52,2.32,90.50,7.50,1.00,1.00,18547.71,12196.64,10923.55,18532.71,90,8,7,92,62646.08,62695.65,,
2026-07-10T00:39:05+08:00,btc-updown-5m-1783614900,https://polymarket.com/zh/event/btc-updown-5m-1783614900,00:35-00:40,95.00,6.00,94.00,5.00,3883.23,932.35,1035.66,3918.59,94.50,5.50,1.00,1.00,18299.37,9093.83,9119.19,18304.38,94,5,5,94,62646.08,62704.98,,
2026-07-10T00:39:07+08:00,btc-updown-5m-1783614900,https://polymarket.com/zh/event/btc-updown-5m-1783614900,00:35-00:40,95.00,6.00,94.00,5.00,3600.78,1034.64,1036.68,3567.28,94.50,5.50,1.00,1.00,18294.37,8822.49,8778.99,18309.38,94,5,5,94,62646.08,62704.98,,
2026-07-10T00:39:09+08:00,btc-updown-5m-1783614900,https://polymarket.com/zh/event/btc-updown-5m-1783614900,00:35-00:40,92.00,10.00,91.00,9.00,121.00,472.29,30.00,209.55,91.50,9.50,1.00,1.00,18299.37,13301.39,12830.99,18229.38,91,8,9,90,62646.08,62704.98,,
2026-07-10T00:39:11+08:00,btc-updown-5m-1783614900,https://polymarket.com/zh/event/btc-updown-5m-1783614900,00:35-00:40,95.00,6.00,94.00,5.00,3277.62,820.77,820.77,3258.57,94.50,5.50,1.00,1.00,18284.37,7554.99,7550.94,18314.37,94,5,5,94,62646.08,62698.95,,
2026-07-10T00:39:13+08:00,btc-updown-5m-1783614900,https://polymarket.com/zh/event/btc-updown-5m-1783614900,00:35-00:40,95.00,6.00,94.00,5.00,2473.29,845.47,784.84,2464.97,94.50,5.50,1.00,1.00,18294.37,6532.06,6493.74,18304.37,94,5,5,94,62646.08,62702.94,,
2026-07-10T00:39:15+08:00,btc-updown-5m-1783614900,https://polymarket.com/zh/event/btc-updown-5m-1783614900,00:35-00:40,95.00,6.00,94.00,5.00,2324.65,989.01,992.64,2314.65,94.50,5.50,1.00,1.00,18299.37,6318.42,6315.42,18299.37,94,5,5,94,62646.08,62702.94,,
2026-07-10T00:39:17+08:00,btc-updown-5m-1783614900,https://polymarket.com/zh/event/btc-updown-5m-1783614900,00:35-00:40,95.00,6.00,94.00,5.00,2265.12,1331.44,1235.44,2259.85,94.50,5.50,1.00,1.00,18294.37,5905.79,5496.52,18284.37,94,5,5,94,62646.08,62702.94,,
2026-07-10T00:39:20+08:00,btc-updown-5m-1783614900,https://polymarket.com/zh/event/btc-updown-5m-1783614900,00:35-00:40,95.00,6.00,94.00,5.00,1312.79,938.48,1009.06,1312.79,94.50,5.50,1.00,1.00,18284.37,4514.46,4514.46,18294.37,94,5,5,94,62646.08,62711.19,,
2026-07-10T00:39:22+08:00,btc-updown-5m-1783614900,https://polymarket.com/zh/event/btc-updown-5m-1783614900,00:35-00:40,95.00,6.00,94.00,5.00,1083.81,642.41,607.72,1083.81,94.50,5.50,1.00,1.00,18299.38,4784.48,4784.48,18294.37,94,5,5,94,62646.08,62701.67,,
2026-07-10T00:39:24+08:00,btc-updown-5m-1783614900,https://polymarket.com/zh/event/btc-updown-5m-1783614900,00:35-00:40,95.00,6.00,94.00,5.00,281.21,702.10,713.10,291.21,94.50,5.50,1.00,1.00,18299.37,3985.88,3586.88,18309.37,94,5,5,94,62646.08,62701.53,,
2026-07-10T00:39:26+08:00,btc-updown-5m-1783614900,https://polymarket.com/zh/event/btc-updown-5m-1783614900,00:35-00:40,96.00,5.00,95.00,4.00,66.00,694.75,436.55,55.00,95.50,4.50,1.00,1.00,18304.37,3149.91,3033.91,18309.38,95,4,4,95,62646.08,62701.53,,
2026-07-10T00:39:28+08:00,btc-updown-5m-1783614900,https://polymarket.com/zh/event/btc-updown-5m-1783614900,00:35-00:40,97.00,4.00,96.00,3.00,441.42,1081.04,1042.59,206.12,96.50,3.50,1.00,1.00,18284.37,2933.69,2673.39,18294.37,96,3,3,96,62646.08,62701.53,,
2026-07-10T00:39:30+08:00,btc-updown-5m-1783614900,https://polymarket.com/zh/event/btc-updown-5m-1783614900,00:35-00:40,99.00,2.00,98.00,,1803.80,2067.70,2073.27,,98.50,,1.00,,18032.02,1803.80,,14717.02,98,1,0,98,62646.08,62701.54,,
2026-07-10T00:39:32+08:00,btc-updown-5m-1783614900,https://polymarket.com/zh/event/btc-updown-5m-1783614900,00:35-00:40,,1.00,99.00,,,4241.96,4241.96,,,,,,14545.81,,,14545.81,99,0,0,99,62646.08,62701.53,,
2026-07-10T00:39:34+08:00,btc-updown-5m-1783614900,https://polymarket.com/zh/event/btc-updown-5m-1783614900,00:35-00:40,,1.00,99.00,,,4510.65,5010.65,,,,,,14590.81,,,14590.81,99,0,0,99,62646.08,62699.40,,
2026-07-10T00:39:36+08:00,btc-updown-5m-1783614900,https://polymarket.com/zh/event/btc-updown-5m-1783614900,00:35-00:40,,1.00,99.00,,,4389.53,4384.52,,,,,,12941.82,,,12946.83,99,0,0,99,62646.08,62699.08,,
2026-07-10T00:39:38+08:00,btc-updown-5m-1783614900,https://polymarket.com/zh/event/btc-updown-5m-1783614900,00:35-00:40,,1.00,99.00,,,4402.90,4402.90,,,,,,12941.82,,,12946.82,99,0,0,99,62646.08,62691.88,,
2026-07-10T00:39:40+08:00,btc-updown-5m-1783614900,https://polymarket.com/zh/event/btc-updown-5m-1783614900,00:35-00:40,,1.00,99.00,,,6535.54,6535.54,,,,,,12931.82,,,12941.82,99,0,0,99,62646.08,62699.19,,
2026-07-10T00:39:42+08:00,btc-updown-5m-1783614900,https://polymarket.com/zh/event/btc-updown-5m-1783614900,00:35-00:40,,1.00,99.00,,,12542.33,13382.93,,,,,,12861.83,,,12886.83,99,0,0,99,62646.08,62703.40,,
2026-07-10T00:39:44+08:00,btc-updown-5m-1783614900,https://polymarket.com/zh/event/btc-updown-5m-1783614900,00:35-00:40,,1.00,99.00,,,14957.44,14957.44,,,,,,12861.82,,,12871.82,99,0,0,99,62646.08,62703.39,,
2026-07-10T00:39:46+08:00,btc-updown-5m-1783614900,https://polymarket.com/zh/event/btc-updown-5m-1783614900,00:35-00:40,,1.00,99.00,,,17447.71,17453.96,,,,,,11822.23,,,11279.23,99,0,0,99,62646.08,62706.89,,
2026-07-10T00:39:48+08:00,btc-updown-5m-1783614900,https://polymarket.com/zh/event/btc-updown-5m-1783614900,00:35-00:40,,1.00,99.00,,,23711.92,23560.92,,,,,,11989.23,,,11979.23,79,0,0,80,62646.08,62706.90,,
2026-07-10T00:39:50+08:00,btc-updown-5m-1783614900,https://polymarket.com/zh/event/btc-updown-5m-1783614900,00:35-00:40,,1.00,99.00,,,23371.54,23371.54,,,,,,11994.23,,,11964.23,81,0,0,81,62646.08,62706.89,,
2026-07-10T00:39:52+08:00,btc-updown-5m-1783614900,https://polymarket.com/zh/event/btc-updown-5m-1783614900,00:35-00:40,,1.00,99.00,,,23083.98,23083.98,,,,,,12247.23,,,12237.23,80,0,0,80,62646.08,62703.76,,
2026-07-10T00:39:54+08:00,btc-updown-5m-1783614900,https://polymarket.com/zh/event/btc-updown-5m-1783614900,00:35-00:40,,1.00,99.00,,,24567.83,23488.88,,,,,,12252.23,,,12257.24,80,0,0,80,62646.08,62703.76,,
2026-07-10T00:39:56+08:00,btc-updown-5m-1783614900,https://polymarket.com/zh/event/btc-updown-5m-1783614900,00:35-00:40,,1.00,99.00,,,29282.37,28555.37,,,,,,13006.23,,,12996.24,77,0,0,77,62646.08,62703.76,,
2026-07-10T00:39:58+08:00,btc-updown-5m-1783614900,https://polymarket.com/zh/event/btc-updown-5m-1783614900,00:35-00:40,,1.00,99.00,,,50592.35,49997.21,,,,,,14257.88,,,14252.88,86,0,0,86,62646.08,62701.93,,
2026-07-10T00:40:01+08:00,btc-updown-5m-1783615200,https://polymarket.com/zh/event/btc-updown-5m-1783615200,00:40-00:45,49.00,52.00,48.00,51.00,225.46,123.12,122.72,272.03,48.50,51.50,1.00,1.00,17145.69,15592.56,15617.56,17130.69,48,51,51,48,62701.88,62701.88,,
2026-07-10T00:40:03+08:00,btc-updown-5m-1783615200,https://polymarket.com/zh/event/btc-updown-5m-1783615200,00:40-00:45,53.00,51.00,47.00,47.00,91.40,40.00,1859.66,91.40,50.00,49.00,6.00,4.00,17458.24,15881.12,15891.12,17463.24,47,47,47,48,62701.88,62711.19,,
2026-07-10T00:40:05+08:00,btc-updown-5m-1783615200,https://polymarket.com/zh/event/btc-updown-5m-1783615200,00:40-00:45,54.00,47.00,53.00,46.00,98.66,787.63,798.27,103.66,53.50,46.50,1.00,1.00,17618.25,15945.11,15935.11,17633.25,53,46,46,53,62701.88,62711.19,,
2026-07-10T00:40:07+08:00,btc-updown-5m-1783615200,https://polymarket.com/zh/event/btc-updown-5m-1783615200,00:40-00:45,54.00,47.00,53.00,46.00,179.96,2196.25,2196.25,133.00,53.50,46.50,1.00,1.00,19961.92,19828.79,19856.79,19951.92,53,46,46,53,62701.88,62711.20,,
2026-07-10T00:40:09+08:00,btc-updown-5m-1783615200,https://polymarket.com/zh/event/btc-updown-5m-1783615200,00:40-00:45,55.00,46.00,54.00,45.00,219.00,1808.66,1710.66,106.00,54.50,45.50,1.00,1.00,20785.92,20042.79,20052.79,19275.92,54,45,45,54,62701.88,62709.54,,
2026-07-10T00:40:11+08:00,btc-updown-5m-1783615200,https://polymarket.com/zh/event/btc-updown-5m-1783615200,00:40-00:45,56.00,43.00,55.00,40.00,10.00,479.26,2040.11,146.09,55.50,41.50,1.00,3.00,18952.44,20430.82,20425.82,19462.44,55,43,40,57,62701.88,62709.53,,
2026-07-10T00:40:13+08:00,btc-updown-5m-1783615200,https://polymarket.com/zh/event/btc-updown-5m-1783615200,00:40-00:45,60.00,41.00,59.00,40.00,481.11,195.00,266.68,648.11,59.50,40.50,1.00,1.00,18972.45,20420.82,20415.82,18972.45,59,40,40,59,62701.88,62711.46,,
2026-07-10T00:40:15+08:00,btc-updown-5m-1783615200,https://polymarket.com/zh/event/btc-updown-5m-1783615200,00:40-00:45,58.00,43.00,57.00,42.00,281.08,78.20,78.95,281.08,57.50,42.50,1.00,1.00,20111.55,20435.82,20430.82,20116.56,57,42,42,57,62701.88,62714.36,,
2026-07-10T00:40:17+08:00,btc-updown-5m-1783615200,https://polymarket.com/zh/event/btc-updown-5m-1783615200,00:40-00:45,56.00,45.00,55.00,44.00,202.40,230.79,233.18,349.82,55.50,44.50,1.00,1.00,20080.45,20834.82,21113.92,19601.46,55,44,44,55,62701.88,62710.60,,
2026-07-10T00:40:19+08:00,btc-updown-5m-1783615200,https://polymarket.com/zh/event/btc-updown-5m-1783615200,00:40-00:45,52.00,49.00,51.00,48.00,389.95,1378.00,680.63,352.00,51.50,48.50,1.00,1.00,19666.46,21079.82,21069.82,22556.44,51,48,48,51,62701.88,62702.75,,
2026-07-10T00:40:21+08:00,btc-updown-5m-1783615200,https://polymarket.com/zh/event/btc-updown-5m-1783615200,00:40-00:45,52.00,49.00,51.00,48.00,71.66,1192.30,1258.99,69.66,51.50,48.50,1.00,1.00,22699.10,21217.49,23227.49,22199.10,51,48,48,51,62701.88,62708.25,,
2026-07-10T00:40:23+08:00,btc-updown-5m-1783615200,https://polymarket.com/zh/event/btc-updown-5m-1783615200,00:40-00:45,52.00,49.00,51.00,48.00,21.26,1219.05,1322.75,21.26,51.50,48.50,1.00,1.00,23193.70,23485.09,23475.09,22673.69,51,48,48,51,62701.88,62708.25,,
2026-07-10T00:40:25+08:00,btc-updown-5m-1783615200,https://polymarket.com/zh/event/btc-updown-5m-1783615200,00:40-00:45,53.00,48.00,52.00,47.00,958.40,1297.09,1087.96,358.40,52.50,47.50,1.00,1.00,22156.40,24389.07,24384.07,22186.09,52,47,47,52,62701.88,62708.25,,
2026-07-10T00:40:27+08:00,btc-updown-5m-1783615200,https://polymarket.com/zh/event/btc-updown-5m-1783615200,00:40-00:45,53.00,48.00,52.00,47.00,692.00,337.73,1523.36,1305.08,52.50,47.50,1.00,1.00,22474.70,24371.77,24431.47,23202.38,52,47,47,52,62701.88,62708.25,,
2026-07-10T00:40:29+08:00,btc-updown-5m-1783615200,https://polymarket.com/zh/event/btc-updown-5m-1783615200,00:40-00:45,53.00,48.00,52.00,47.00,1430.99,195.88,195.88,1419.99,52.50,47.50,1.00,1.00,23944.08,24706.47,24711.47,24429.08,52,47,47,52,62701.88,62703.54,,
2026-07-10T00:40:31+08:00,btc-updown-5m-1783615200,https://polymarket.com/zh/event/btc-updown-5m-1783615200,00:40-00:45,50.00,51.00,49.00,50.00,928.86,1941.86,1941.86,928.86,49.50,50.50,1.00,1.00,23539.08,24251.47,24267.47,23529.08,49,50,50,49,62701.88,62703.54,,
2026-07-10T00:40:33+08:00,btc-updown-5m-1783615200,https://polymarket.com/zh/event/btc-updown-5m-1783615200,00:40-00:45,51.00,50.00,50.00,49.00,26.00,1387.59,1387.59,26.00,50.50,49.50,1.00,1.00,23559.09,24181.47,24181.47,23559.09,50,49,49,50,62701.88,62703.54,,
2026-07-10T00:40:35+08:00,btc-updown-5m-1783615200,https://polymarket.com/zh/event/btc-updown-5m-1783615200,00:40-00:45,51.00,50.00,50.00,49.00,1666.53,284.00,315.42,1760.08,50.50,49.50,1.00,1.00,23974.09,24182.70,24177.70,23464.08,50,49,49,50,62701.88,62705.13,,
2026-07-10T00:40:37+08:00,btc-updown-5m-1783615200,https://polymarket.com/zh/event/btc-updown-5m-1783615200,00:40-00:45,50.00,51.00,49.00,50.00,1571.74,938.24,906.24,1571.74,49.50,50.50,1.00,1.00,23464.08,24182.70,24182.70,23449.08,49,50,50,49,62701.88,62703.54,,
2026-07-10T00:40:39+08:00,btc-updown-5m-1783615200,https://polymarket.com/zh/event/btc-updown-5m-1783615200,00:40-00:45,50.00,51.00,49.00,50.00,1522.82,1122.27,1072.27,1385.70,49.50,50.50,1.00,1.00,23469.08,24277.70,24277.70,23469.08,49,50,50,49,62701.88,62703.55,,
2026-07-10T00:40:41+08:00,btc-updown-5m-1783615200,https://polymarket.com/zh/event/btc-updown-5m-1783615200,00:40-00:45,49.00,52.00,48.00,51.00,25.54,1795.02,1784.91,40.54,48.50,51.50,1.00,1.00,23537.08,24203.70,24212.71,23542.08,48,51,51,48,62701.88,62703.54,,
2026-07-10T00:40:43+08:00,btc-updown-5m-1783615200,https://polymarket.com/zh/event/btc-updown-5m-1783615200,00:40-00:45,50.00,51.00,49.00,50.00,635.00,1471.60,1466.67,628.00,49.50,50.50,1.00,1.00,23622.08,24202.70,24202.71,23612.08,49,50,50,49,62701.88,62703.54,,
2026-07-10T00:40:45+08:00,btc-updown-5m-1783615200,https://polymarket.com/zh/event/btc-updown-5m-1783615200,00:40-00:45,50.00,51.00,49.00,50.00,1067.98,730.51,732.48,1065.98,49.50,50.50,1.00,1.00,23547.08,24212.70,24203.70,23537.08,49,50,50,49,62701.88,62703.54,,
2026-07-10T00:40:47+08:00,btc-updown-5m-1783615200,https://polymarket.com/zh/event/btc-updown-5m-1783615200,00:40-00:45,50.00,51.00,49.00,50.00,978.75,724.66,827.80,1016.36,49.50,50.50,1.00,1.00,23537.08,24213.70,24202.70,23542.08,49,50,50,49,62701.88,62703.16,,
2026-07-10T00:40:49+08:00,btc-updown-5m-1783615200,https://polymarket.com/zh/event/btc-updown-5m-1783615200,00:40-00:45,51.00,50.00,50.00,49.00,1238.47,214.63,214.63,1238.44,50.50,49.50,1.00,1.00,24042.08,24192.70,24197.70,23547.08,50,49,49,50,62701.88,62703.16,,
2026-07-10T00:40:51+08:00,btc-updown-5m-1783615200,https://polymarket.com/zh/event/btc-updown-5m-1783615200,00:40-00:45,50.00,51.00,49.00,50.00,1176.47,210.14,210.14,1223.94,49.50,50.50,1.00,1.00,22852.08,23497.70,23497.70,22852.08,49,50,50,49,62701.88,62703.54,,
2026-07-10T00:40:53+08:00,btc-updown-5m-1783615200,https://polymarket.com/zh/event/btc-updown-5m-1783615200,00:40-00:45,50.00,51.00,49.00,50.00,2255.68,60.48,60.48,2255.68,49.50,50.50,1.00,1.00,23047.08,22388.71,23603.70,23062.08,49,50,50,49,62701.88,62703.55,,
2026-07-10T00:40:55+08:00,btc-updown-5m-1783615200,https://polymarket.com/zh/event/btc-updown-5m-1783615200,00:40-00:45,49.00,52.00,48.00,51.00,360.90,2106.21,1935.21,360.90,48.50,51.50,1.00,1.00,22852.08,23598.71,23593.71,22852.08,48,51,51,48,62701.88,62703.54,,
2026-07-10T00:40:58+08:00,btc-updown-5m-1783615200,https://polymarket.com/zh/event/btc-updown-5m-1783615200,00:40-00:45,56.00,46.00,55.00,45.00,580.18,3.00,228.88,28.38,55.50,45.50,1.00,1.00,21122.08,23502.71,23497.71,21132.08,55,44,45,53,62701.88,62714.48,,
2026-07-10T00:41:00+08:00,btc-updown-5m-1783615200,https://polymarket.com/zh/event/btc-updown-5m-1783615200,00:40-00:45,50.00,51.00,49.00,50.00,1265.82,764.87,667.89,1215.82,49.50,50.50,1.00,1.00,22842.08,23598.71,23572.70,22832.08,49,50,50,49,62701.88,62706.35,,
2026-07-10T00:41:02+08:00,btc-updown-5m-1783615200,https://polymarket.com/zh/event/btc-updown-5m-1783615200,00:40-00:45,49.00,52.00,48.00,51.00,2206.09,646.07,141.47,1809.46,48.50,51.50,1.00,1.00,31810.78,29942.40,29941.40,31795.78,48,51,51,48,62701.88,62703.71,,
2026-07-10T00:41:04+08:00,btc-updown-5m-1783615200,https://polymarket.com/zh/event/btc-updown-5m-1783615200,00:40-00:45,49.00,52.00,48.00,51.00,1745.49,481.61,464.41,1650.16,48.50,51.50,1.00,1.00,31805.78,29936.40,29947.40,31790.78,48,51,51,48,62701.88,62703.71,,
2026-07-10T00:41:06+08:00,btc-updown-5m-1783615200,https://polymarket.com/zh/event/btc-updown-5m-1783615200,00:40-00:45,49.00,52.00,48.00,51.00,1597.99,378.60,373.60,1576.84,48.50,51.50,1.00,1.00,31805.78,29956.40,29802.40,31630.78,48,51,51,48,62701.88,62703.71,,
2026-07-10T00:41:08+08:00,btc-updown-5m-1783615200,https://polymarket.com/zh/event/btc-updown-5m-1783615200,00:40-00:45,49.00,52.00,48.00,51.00,1096.63,430.90,400.51,1181.69,48.50,51.50,1.00,1.00,31451.78,29592.40,29597.40,31436.78,48,51,51,48,62701.88,62703.71,,
2026-07-10T00:41:10+08:00,btc-updown-5m-1783615200,https://polymarket.com/zh/event/btc-updown-5m-1783615200,00:40-00:45,49.00,52.00,48.00,51.00,1113.50,378.13,403.13,1113.50,48.50,51.50,1.00,1.00,30416.78,29372.40,29391.40,30416.78,48,51,51,48,62701.88,62703.71,,
2026-07-10T00:41:12+08:00,btc-updown-5m-1783615200,https://polymarket.com/zh/event/btc-updown-5m-1783615200,00:40-00:45,43.00,58.00,42.00,57.00,693.69,1439.52,1433.25,678.69,42.50,57.50,1.00,1.00,30178.08,26544.70,26558.70,30183.08,42,57,57,42,62701.88,62698.30,,
2026-07-10T00:41:14+08:00,btc-updown-5m-1783615200,https://polymarket.com/zh/event/btc-updown-5m-1783615200,00:40-00:45,43.00,58.00,42.00,57.00,166.00,1711.14,1622.39,101.00,42.50,57.50,1.00,1.00,30173.08,24933.70,24948.71,30178.08,42,57,57,42,62701.88,62700.88,,
2026-07-10T00:41:16+08:00,btc-updown-5m-1783615200,https://polymarket.com/zh/event/btc-updown-5m-1783615200,00:40-00:45,44.00,57.00,43.00,55.00,10.00,1818.14,1818.14,15.05,43.50,56.00,1.00,2.00,30253.08,24958.71,24958.71,30253.08,43,56,55,43,62701.88,62706.36,,
2026-07-10T00:41:18+08:00,btc-updown-5m-1783615200,https://polymarket.com/zh/event/btc-updown-5m-1783615200,00:40-00:45,50.00,51.00,49.00,50.00,458.50,90.34,96.65,508.50,49.50,50.50,1.00,1.00,30258.08,24963.71,25498.71,30263.08,48,50,50,48,62701.88,62705.71,,
2026-07-10T00:41:20+08:00,btc-updown-5m-1783615200,https://polymarket.com/zh/event/btc-updown-5m-1783615200,00:40-00:45,50.00,51.00,49.00,50.00,154.71,216.43,406.13,269.52,49.50,50.50,1.00,1.00,29559.08,28220.71,28199.71,29569.08,49,50,50,49,62701.88,62706.89,,
2026-07-10T00:41:22+08:00,btc-updown-5m-1783615200,https://polymarket.com/zh/event/btc-updown-5m-1783615200,00:40-00:45,49.00,52.00,48.00,51.00,256.00,140.53,27.53,191.82,48.50,51.50,1.00,1.00,29489.08,28189.71,28189.71,29597.78,48,51,51,48,62701.88,62706.89,,
2026-07-10T00:41:24+08:00,btc-updown-5m-1783615200,https://polymarket.com/zh/event/btc-updown-5m-1783615200,00:40-00:45,49.00,52.00,48.00,51.00,1619.54,149.46,149.46,1619.54,48.50,51.50,1.00,1.00,30192.78,28850.70,28860.70,30202.78,48,51,51,48,62701.88,62706.89,,
2026-07-10T00:41:26+08:00,btc-updown-5m-1783615200,https://polymarket.com/zh/event/btc-updown-5m-1783615200,00:40-00:45,49.00,52.00,48.00,51.00,1808.33,28.42,28.42,1785.44,48.50,51.50,1.00,1.00,30032.78,28694.70,28090.70,30032.78,48,51,51,48,62701.88,62702.39,,
2026-07-10T00:41:28+08:00,btc-updown-5m-1783615200,https://polymarket.com/zh/event/btc-updown-5m-1783615200,00:40-00:45,48.00,53.00,47.00,52.00,827.35,17.98,17.98,1087.34,47.50,52.50,1.00,1.00,30062.78,27499.70,27504.71,30062.78,47,52,52,47,62701.88,62702.37,,
2026-07-10T00:41:30+08:00,btc-updown-5m-1783615200,https://polymarket.com/zh/event/btc-updown-5m-1783615200,00:40-00:45,46.00,55.00,45.00,54.00,673.75,26.74,26.74,1044.75,45.50,54.50,1.00,1.00,30062.78,26295.72,26305.71,30086.78,45,54,54,45,62701.88,62697.74,,
2026-07-10T00:41:32+08:00,btc-updown-5m-1783615200,https://polymarket.com/zh/event/btc-updown-5m-1783615200,00:40-00:45,43.00,58.00,42.00,57.00,449.00,1390.53,1389.41,431.92,42.50,57.50,1.00,1.00,29616.78,23664.71,23659.70,29611.78,42,57,57,42,62701.88,62694.70,,
2026-07-10T00:41:34+08:00,btc-updown-5m-1783615200,https://polymarket.com/zh/event/btc-updown-5m-1783615200,00:40-00:45,51.00,50.00,50.00,49.00,1651.19,218.31,273.31,1661.19,50.50,49.50,1.00,1.00,30196.78,28648.70,28643.70,30186.78,50,49,49,50,62701.88,62704.14,,
2026-07-10T00:41:36+08:00,btc-updown-5m-1783615200,https://polymarket.com/zh/event/btc-updown-5m-1783615200,00:40-00:45,51.00,50.00,50.00,49.00,1752.54,12.74,67.74,1744.99,50.50,49.50,1.00,1.00,29711.78,28633.70,28653.70,30196.78,50,49,49,50,62701.88,62702.85,,
2026-07-10T00:41:38+08:00,btc-updown-5m-1783615200,https://polymarket.com/zh/event/btc-updown-5m-1783615200,00:40-00:45,50.00,51.00,49.00,50.00,1582.73,36.58,36.58,1582.73,49.50,50.50,1.00,1.00,29711.78,28654.70,28649.70,29686.78,49,50,50,49,62701.88,62702.45,,
2026-07-10T00:41:40+08:00,btc-updown-5m-1783615200,https://polymarket.com/zh/event/btc-updown-5m-1783615200,00:40-00:45,53.00,49.00,50.00,47.00,868.55,5.19,1947.21,864.77,51.50,48.00,3.00,2.00,27521.80,28768.70,28768.70,26916.79,50,47,47,51,62701.88,62705.44,,
2026-07-10T00:41:42+08:00,btc-updown-5m-1783615200,https://polymarket.com/zh/event/btc-updown-5m-1783615200,00:40-00:45,53.00,48.00,52.00,47.00,1019.27,114.33,303.40,1078.98,52.50,47.50,1.00,1.00,26991.78,28673.70,28663.70,27501.79,52,47,47,52,62701.88,62704.05,,
2026-07-10T00:41:44+08:00,btc-updown-5m-1783615200,https://polymarket.com/zh/event/btc-updown-5m-1783615200,00:40-00:45,45.00,56.00,44.00,55.00,363.40,116.67,147.39,706.61,44.50,55.50,1.00,1.00,27586.78,25343.71,23548.71,27586.78,44,55,55,44,62701.88,62698.46,,
2026-07-10T00:41:46+08:00,btc-updown-5m-1783615200,https://polymarket.com/zh/event/btc-updown-5m-1783615200,00:40-00:45,45.00,56.00,44.00,55.00,310.44,1477.40,1428.22,305.10,44.50,55.50,1.00,1.00,29576.78,24679.70,24684.70,29634.84,44,55,55,44,62701.88,62701.04,,
2026-07-10T00:41:48+08:00,btc-updown-5m-1783615200,https://polymarket.com/zh/event/btc-updown-5m-1783615200,00:40-00:45,45.00,56.00,44.00,55.00,327.64,1485.69,1526.45,327.64,44.50,55.50,1.00,1.00,29644.84,24679.71,24658.70,29629.84,44,55,55,44,62701.88,62699.31,,
2026-07-10T00:41:50+08:00,btc-updown-5m-1783615200,https://polymarket.com/zh/event/btc-updown-5m-1783615200,00:40-00:45,46.00,55.00,45.00,54.00,1474.74,82.59,239.50,1722.53,45.50,54.50,1.00,1.00,29554.84,24144.71,24153.70,29569.84,45,54,54,45,62701.88,62699.30,,
2026-07-10T00:41:52+08:00,btc-updown-5m-1783615200,https://polymarket.com/zh/event/btc-updown-5m-1783615200,00:40-00:45,45.00,56.00,44.00,55.00,914.09,1152.39,1152.39,914.09,44.50,55.50,1.00,1.00,29629.84,23538.70,23548.70,29639.84,44,55,55,44,62701.88,62699.30,,
2026-07-10T00:41:54+08:00,btc-updown-5m-1783615200,https://polymarket.com/zh/event/btc-updown-5m-1783615200,00:40-00:45,45.00,56.00,44.00,54.00,184.14,2055.82,1762.80,60.00,44.50,55.00,1.00,2.00,29639.84,24699.71,25290.70,29639.84,44,55,54,44,62701.88,62699.30,,
2026-07-10T00:41:56+08:00,btc-updown-5m-1783615200,https://polymarket.com/zh/event/btc-updown-5m-1783615200,00:40-00:45,51.00,50.00,50.00,49.00,610.00,1488.09,1597.54,610.00,50.50,49.50,1.00,1.00,29544.84,26543.70,26548.70,30009.84,50,49,49,50,62701.88,62706.62,,
2026-07-10T00:41:58+08:00,btc-updown-5m-1783615200,https://polymarket.com/zh/event/btc-updown-5m-1783615200,00:40-00:45,51.00,50.00,50.00,49.00,463.22,2196.99,2196.99,463.22,50.50,49.50,1.00,1.00,29514.84,26538.70,26538.70,30009.85,50,49,49,50,62701.88,62708.71,,
2026-07-10T00:42:01+08:00,btc-updown-5m-1783615200,https://polymarket.com/zh/event/btc-updown-5m-1783615200,00:40-00:45,51.00,50.00,50.00,49.00,454.29,2217.08,2217.08,454.29,50.50,49.50,1.00,1.00,29524.84,26338.70,26338.70,30004.84,50,49,49,50,62701.88,62706.85,,
2026-07-10T00:42:03+08:00,btc-updown-5m-1783615200,https://polymarket.com/zh/event/btc-updown-5m-1783615200,00:40-00:45,55.00,47.00,52.00,45.00,25.00,339.52,166.78,25.00,53.50,46.00,3.00,2.00,27164.85,28543.70,28543.70,27164.85,52,45,45,53,62701.88,62706.85,,
2026-07-10T00:42:05+08:00,btc-updown-5m-1783615200,https://polymarket.com/zh/event/btc-updown-5m-1783615200,00:40-00:45,56.00,45.00,55.00,44.00,106.78,340.26,353.61,146.05,55.50,44.50,1.00,1.00,24349.86,28538.70,28548.70,24334.85,55,44,44,55,62701.88,62712.00,,
2026-07-10T00:42:07+08:00,btc-updown-5m-1783615200,https://polymarket.com/zh/event/btc-updown-5m-1783615200,00:40-00:45,56.00,45.00,55.00,44.00,701.58,1112.45,1119.22,656.58,55.50,44.50,1.00,1.00,24954.86,28533.70,28528.70,24955.84,55,44,44,55,62701.88,62712.00,,
2026-07-10T00:42:09+08:00,btc-updown-5m-1783615200,https://polymarket.com/zh/event/btc-updown-5m-1783615200,00:40-00:45,60.00,41.00,58.00,40.00,609.21,179.00,30.96,659.21,59.00,40.50,2.00,1.00,24855.85,28543.70,28533.70,24355.85,58,40,40,59,62701.88,62715.49,,
2026-07-10T00:42:11+08:00,btc-updown-5m-1783615200,https://polymarket.com/zh/event/btc-updown-5m-1783615200,00:40-00:45,68.00,33.00,67.00,32.00,1137.01,787.31,696.92,1167.01,67.50,32.50,1.00,1.00,24268.84,28314.82,28294.82,24268.84,67,32,32,67,62701.88,62724.01,,
2026-07-10T00:42:13+08:00,btc-updown-5m-1783615200,https://polymarket.com/zh/event/btc-updown-5m-1783615200,00:40-00:45,68.00,33.00,67.00,32.00,1028.00,774.06,749.06,1007.98,67.50,32.50,1.00,1.00,24268.84,28314.82,28324.82,24273.84,67,32,32,67,62701.88,62724.01,,
2026-07-10T00:42:15+08:00,btc-updown-5m-1783615200,https://polymarket.com/zh/event/btc-updown-5m-1783615200,00:40-00:45,68.00,33.00,67.00,32.00,916.55,1315.22,1366.04,941.55,67.50,32.50,1.00,1.00,24778.84,28289.82,28299.82,24283.84,67,32,32,67,62701.88,62724.00,,
2026-07-10T00:42:17+08:00,btc-updown-5m-1783615200,https://polymarket.com/zh/event/btc-updown-5m-1783615200,00:40-00:45,69.00,32.00,68.00,31.00,59.30,1506.08,1506.08,69.30,68.50,31.50,1.00,1.00,24283.85,28319.82,28319.82,24278.84,68,31,31,68,62701.88,62724.00,,
2026-07-10T00:42:19+08:00,btc-updown-5m-1783615200,https://polymarket.com/zh/event/btc-updown-5m-1783615200,00:40-00:45,70.00,31.00,69.00,30.00,4044.60,207.43,202.43,4041.21,69.50,30.50,1.00,1.00,24783.84,28259.82,28264.82,24293.84,69,30,30,69,62701.88,62726.53,,
2026-07-10T00:42:21+08:00,btc-updown-5m-1783615200,https://polymarket.com/zh/event/btc-updown-5m-1783615200,00:40-00:45,70.00,31.00,69.00,30.00,2795.95,1145.67,1084.74,2776.02,69.50,30.50,1.00,1.00,24124.84,26976.49,26981.49,24634.84,69,30,30,69,62701.88,62726.53,,
2026-07-10T00:42:23+08:00,btc-updown-5m-1783615200,https://polymarket.com/zh/event/btc-updown-5m-1783615200,00:40-00:45,70.00,31.00,69.00,30.00,2751.45,1386.17,1144.46,2736.94,69.50,30.50,1.00,1.00,24279.85,26916.49,26961.49,23764.84,69,30,30,69,62701.88,62729.11,,
2026-07-10T00:42:25+08:00,btc-updown-5m-1783615200,https://polymarket.com/zh/event/btc-updown-5m-1783615200,00:40-00:45,70.00,31.00,69.00,30.00,2772.07,183.42,928.53,2788.33,69.50,30.50,1.00,1.00,24429.84,27310.16,27295.16,24424.85,69,30,30,69,62701.88,62725.88,,
2026-07-10T00:42:27+08:00,btc-updown-5m-1783615200,https://polymarket.com/zh/event/btc-updown-5m-1783615200,00:40-00:45,70.00,31.00,69.00,30.00,2170.71,1802.92,1334.06,2143.50,69.50,30.50,1.00,1.00,23919.84,27498.16,27701.16,24429.85,69,30,30,69,62701.88,62724.80,,
2026-07-10T00:42:29+08:00,btc-updown-5m-1783615200,https://polymarket.com/zh/event/btc-updown-5m-1783615200,00:40-00:45,70.00,31.00,69.00,30.00,2016.58,798.27,803.38,2021.58,69.50,30.50,1.00,1.00,23914.85,27671.16,27671.16,23914.85,69,30,30,69,62701.88,62726.00,,
2026-07-10T00:42:31+08:00,btc-updown-5m-1783615200,https://polymarket.com/zh/event/btc-updown-5m-1783615200,00:40-00:45,70.00,31.00,69.00,30.00,2173.09,76.83,224.66,3078.00,69.50,30.50,1.00,1.00,24354.85,27863.16,27793.16,24359.85,69,30,30,69,62701.88,62724.00,,
2026-07-10T00:42:33+08:00,btc-updown-5m-1783615200,https://polymarket.com/zh/event/btc-updown-5m-1783615200,00:40-00:45,69.00,32.00,68.00,31.00,874.87,1707.35,1698.66,824.87,68.50,31.50,1.00,1.00,23849.86,27903.16,27893.16,23849.84,68,31,31,68,62701.88,62724.00,,
2026-07-10T00:42:35+08:00,btc-updown-5m-1783615200,https://polymarket.com/zh/event/btc-updown-5m-1783615200,00:40-00:45,69.00,32.00,68.00,31.00,1572.56,772.08,862.06,1577.56,68.50,31.50,1.00,1.00,24439.84,27928.16,27938.16,23939.84,68,31,31,68,62701.88,62724.00,,
2026-07-10T00:42:37+08:00,btc-updown-5m-1783615200,https://polymarket.com/zh/event/btc-updown-5m-1783615200,00:40-00:45,69.00,32.00,68.00,31.00,194.73,2040.77,1344.12,21.00,68.50,31.50,1.00,1.00,24439.84,27973.16,27993.16,24444.84,68,31,31,68,62701.88,62724.00,,
2026-07-10T00:42:39+08:00,btc-updown-5m-1783615200,https://polymarket.com/zh/event/btc-updown-5m-1783615200,00:40-00:45,71.00,29.00,70.00,28.00,33.49,952.23,2509.41,67.37,70.50,28.50,1.00,1.00,24420.84,27819.16,27819.16,24420.84,70,29,28,71,62701.88,62725.90,,
2026-07-10T00:42:41+08:00,btc-updown-5m-1783615200,https://polymarket.com/zh/event/btc-updown-5m-1783615200,00:40-00:45,73.00,28.00,72.00,27.00,1713.44,157.47,157.47,1718.44,72.50,27.50,1.00,1.00,23940.84,27859.16,27844.16,24445.84,72,27,27,72,62701.88,62727.36,,
2026-07-10T00:42:43+08:00,btc-updown-5m-1783615200,https://polymarket.com/zh/event/btc-updown-5m-1783615200,00:40-00:45,73.00,28.00,72.00,27.00,850.92,586.32,699.87,880.92,72.50,27.50,1.00,1.00,24535.84,28098.76,28098.76,24555.85,72,27,27,72,62701.88,62724.66,,
2026-07-10T00:42:45+08:00,btc-updown-5m-1783615200,https://polymarket.com/zh/event/btc-updown-5m-1783615200,00:40-00:45,73.00,28.00,72.00,27.00,1433.27,25.89,153.82,2541.36,72.50,27.50,1.00,1.00,24540.85,28068.76,28102.76,24035.84,72,27,27,71,62701.88,62726.68,,
2026-07-10T00:42:47+08:00,btc-updown-5m-1783615200,https://polymarket.com/zh/event/btc-updown-5m-1783615200,00:40-00:45,60.00,41.00,59.00,40.00,193.00,949.44,348.21,223.00,59.50,40.50,1.00,1.00,24222.55,29236.16,29302.86,24207.55,59,40,40,59,62701.88,62715.50,,
2026-07-10T00:42:49+08:00,btc-updown-5m-1783615200,https://polymarket.com/zh/event/btc-updown-5m-1783615200,00:40-00:45,61.00,39.00,60.00,38.00,183.74,577.43,1094.39,306.87,60.50,38.50,1.00,1.00,24888.54,29396.86,29396.86,24868.54,60,39,38,61,62701.88,62715.75,,
2026-07-10T00:42:51+08:00,btc-updown-5m-1783615200,https://polymarket.com/zh/event/btc-updown-5m-1783615200,00:40-00:45,62.00,39.00,61.00,38.00,201.36,2442.29,1938.05,5.10,61.50,38.50,1.00,1.00,23874.84,29401.86,29416.86,24384.84,61,38,37,61,62701.88,62715.74,,
2026-07-10T00:42:53+08:00,btc-updown-5m-1783615200,https://polymarket.com/zh/event/btc-updown-5m-1783615200,00:40-00:45,70.00,31.00,69.00,30.00,1188.74,55.00,55.00,1188.74,69.50,30.50,1.00,1.00,23817.84,28382.86,28382.86,23817.84,66,30,30,66,62701.88,62714.43,,
2026-07-10T00:42:55+08:00,btc-updown-5m-1783615200,https://polymarket.com/zh/event/btc-updown-5m-1783615200,00:40-00:45,61.00,43.00,57.00,39.00,40.00,6.05,6.05,40.00,59.00,41.00,4.00,4.00,24337.85,29373.86,29373.86,24337.85,56,39,39,56,62701.88,62709.98,,
2026-07-10T00:42:57+08:00,btc-updown-5m-1783615200,https://polymarket.com/zh/event/btc-updown-5m-1783615200,00:40-00:45,57.00,44.00,56.00,43.00,41.79,43.79,38.79,643.16,56.50,43.50,1.00,1.00,23601.15,30038.86,29948.86,23491.15,56,43,43,56,62701.88,62708.00,,
2026-07-10T00:42:59+08:00,btc-updown-5m-1783615200,https://polymarket.com/zh/event/btc-updown-5m-1783615200,00:40-00:45,50.00,51.00,49.00,50.00,785.67,147.90,18.20,992.35,49.50,50.50,1.00,1.00,23736.15,29301.16,29176.16,23318.16,49,50,50,49,62701.88,62700.98,,
2026-07-10T00:43:02+08:00,btc-updown-5m-1783615200,https://polymarket.com/zh/event/btc-updown-5m-1783615200,00:40-00:45,49.00,52.00,48.00,51.00,878.87,93.22,123.84,833.87,48.50,51.50,1.00,1.00,26391.32,29914.50,29929.49,26406.32,48,51,51,48,62701.88,62700.98,,
2026-07-10T00:43:04+08:00,btc-updown-5m-1783615200,https://polymarket.com/zh/event/btc-updown-5m-1783615200,00:40-00:45,49.00,52.00,48.00,50.00,27.51,1560.20,1526.54,0.13,48.50,51.00,1.00,2.00,25865.32,29934.50,29934.50,25865.32,48,48,47,48,62701.88,62709.03,,
2026-07-10T00:43:06+08:00,btc-updown-5m-1783615200,https://polymarket.com/zh/event/btc-updown-5m-1783615200,00:40-00:45,62.00,45.00,55.00,38.00,57.46,60.00,60.00,35.79,58.50,41.50,7.00,7.00,23475.32,29242.50,29242.50,23475.32,54,38,38,54,62701.88,62710.87,,
2026-07-10T00:43:08+08:00,btc-updown-5m-1783615200,https://polymarket.com/zh/event/btc-updown-5m-1783615200,00:40-00:45,59.00,44.00,57.00,43.00,91.47,241.04,9.00,46.00,58.00,43.50,2.00,1.00,23576.32,29437.52,29322.50,23471.32,57,41,42,56,62701.88,62710.13,,
2026-07-10T00:43:10+08:00,btc-updown-5m-1783615200,https://polymarket.com/zh/event/btc-updown-5m-1783615200,00:40-00:45,55.00,47.00,54.00,46.00,798.91,355.46,32.30,592.36,54.50,46.50,1.00,1.00,25276.32,29774.49,29789.49,25281.32,54,45,46,53,62701.88,62707.76,,
2026-07-10T00:43:12+08:00,btc-updown-5m-1783615200,https://polymarket.com/zh/event/btc-updown-5m-1783615200,00:40-00:45,52.00,49.00,51.00,48.00,461.88,716.57,808.32,524.28,51.50,48.50,1.00,1.00,25811.32,29779.49,29784.49,25831.32,51,48,48,51,62701.88,62707.74,,
2026-07-10T00:43:14+08:00,btc-updown-5m-1783615200,https://polymarket.com/zh/event/btc-updown-5m-1783615200,00:40-00:45,46.00,56.00,45.00,55.00,686.11,1178.31,36.89,467.48,45.50,55.50,1.00,1.00,26406.32,27999.50,27979.49,26406.32,45,54,55,44,62701.88,62701.77,,
2026-07-10T00:43:16+08:00,btc-updown-5m-1783615200,https://polymarket.com/zh/event/btc-updown-5m-1783615200,00:40-00:45,45.00,56.00,44.00,55.00,194.96,1487.82,1461.13,62.00,44.50,55.50,1.00,1.00,26396.32,28622.91,28617.92,26411.32,44,55,55,44,62701.88,62701.77,,
2026-07-10T00:43:18+08:00,btc-updown-5m-1783615200,https://polymarket.com/zh/event/btc-updown-5m-1783615200,00:40-00:45,45.00,56.00,44.00,55.00,687.14,388.80,388.80,657.68,44.50,55.50,1.00,1.00,26391.32,27418.91,27413.91,26411.32,44,55,55,44,62701.88,62700.21,,
2026-07-10T00:43:20+08:00,btc-updown-5m-1783615200,https://polymarket.com/zh/event/btc-updown-5m-1783615200,00:40-00:45,45.00,56.00,44.00,55.00,44.40,1352.33,1377.28,44.40,44.50,55.50,1.00,1.00,26207.98,27760.56,27755.56,26207.98,44,55,55,44,62701.88,62699.62,,
2026-07-10T00:43:22+08:00,btc-updown-5m-1783615200,https://polymarket.com/zh/event/btc-updown-5m-1783615200,00:40-00:45,52.00,49.00,51.00,48.00,180.19,425.53,450.70,271.19,51.50,48.50,1.00,1.00,26232.99,29480.96,29470.96,26207.98,51,48,48,51,62701.88,62705.04,,
2026-07-10T00:43:24+08:00,btc-updown-5m-1783615200,https://polymarket.com/zh/event/btc-updown-5m-1783615200,00:40-00:45,52.00,49.00,51.00,48.00,152.15,1218.59,1218.59,152.15,51.50,48.50,1.00,1.00,25617.98,29465.96,29485.96,25632.98,51,48,48,51,62701.88,62704.42,,
2026-07-10T00:43:26+08:00,btc-updown-5m-1783615200,https://polymarket.com/zh/event/btc-updown-5m-1783615200,00:40-00:45,53.00,48.00,52.00,47.00,451.23,1260.92,1255.92,451.23,52.50,47.50,1.00,1.00,25017.98,29465.96,29485.96,25022.98,52,47,47,52,62701.88,62702.40,,
2026-07-10T00:43:28+08:00,btc-updown-5m-1783615200,https://polymarket.com/zh/event/btc-updown-5m-1783615200,00:40-00:45,53.00,48.00,52.00,47.00,1796.21,14.00,19.00,1929.27,52.50,47.50,1.00,1.00,26217.98,29545.96,28945.96,26217.98,52,47,47,52,62701.88,62702.86,,
2026-07-10T00:43:30+08:00,btc-updown-5m-1783615200,https://polymarket.com/zh/event/btc-updown-5m-1783615200,00:40-00:45,50.00,60.00,41.00,53.00,30.00,48.15,2.10,46.00,45.50,56.50,9.00,7.00,28347.99,26555.96,26555.96,28352.99,41,50,53,40,62701.88,62689.12,,
2026-07-10T00:43:32+08:00,btc-updown-5m-1783615200,https://polymarket.com/zh/event/btc-updown-5m-1783615200,00:40-00:45,38.00,63.00,37.00,62.00,412.40,157.30,177.30,525.40,37.50,62.50,1.00,1.00,28173.99,23737.63,23727.63,28178.99,37,62,62,37,62701.88,62690.68,,
2026-07-10T00:43:34+08:00,btc-updown-5m-1783615200,https://polymarket.com/zh/event/btc-updown-5m-1783615200,00:40-00:45,36.00,65.00,35.00,64.00,364.62,1237.75,1242.95,331.87,35.50,64.50,1.00,1.00,28158.98,23743.63,23728.64,28153.98,35,64,64,35,62701.88,62690.68,,
2026-07-10T00:43:36+08:00,btc-updown-5m-1783615200,https://polymarket.com/zh/event/btc-updown-5m-1783615200,00:40-00:45,36.00,65.00,35.00,64.00,1397.03,463.36,463.36,1397.03,35.50,64.50,1.00,1.00,28198.98,23733.63,23728.63,28193.98,35,64,64,35,62701.88,62690.68,,
2026-07-10T00:43:38+08:00,btc-updown-5m-1783615200,https://polymarket.com/zh/event/btc-updown-5m-1783615200,00:40-00:45,37.00,64.00,36.00,63.00,899.03,85.68,75.00,995.03,36.50,63.50,1.00,1.00,28148.98,23758.65,23753.65,28148.98,36,63,63,36,62701.88,62690.68,,
2026-07-10T00:43:40+08:00,btc-updown-5m-1783615200,https://polymarket.com/zh/event/btc-updown-5m-1783615200,00:40-00:45,36.00,65.00,35.00,64.00,1976.33,89.37,169.37,1851.72,35.50,64.50,1.00,1.00,28208.98,23738.64,23743.64,28208.98,35,64,64,35,62701.88,62687.98,,
2026-07-10T00:43:42+08:00,btc-updown-5m-1783615200,https://polymarket.com/zh/event/btc-updown-5m-1783615200,00:40-00:45,35.00,66.00,34.00,65.00,278.46,271.70,278.48,191.86,34.50,65.50,1.00,1.00,28158.98,23743.64,23748.64,28158.98,34,65,65,34,62701.88,62693.99,,
2026-07-10T00:43:44+08:00,btc-updown-5m-1783615200,https://polymarket.com/zh/event/btc-updown-5m-1783615200,00:40-00:45,34.00,67.00,33.00,66.00,1231.09,10.00,10.00,1329.86,33.50,66.50,1.00,1.00,28180.98,23730.63,23745.63,28195.98,33,66,66,33,62701.88,62690.87,,
2026-07-10T00:43:47+08:00,btc-updown-5m-1783615200,https://polymarket.com/zh/event/btc-updown-5m-1783615200,00:40-00:45,31.00,70.00,30.00,69.00,1571.48,165.24,167.24,1576.48,30.50,69.50,1.00,1.00,28675.98,23704.63,23724.63,28680.98,30,69,69,30,62701.88,62687.45,,
2026-07-10T00:43:49+08:00,btc-updown-5m-1783615200,https://polymarket.com/zh/event/btc-updown-5m-1783615200,00:40-00:45,28.00,77.00,27.00,76.00,1762.52,729.68,37.69,207.36,27.50,76.50,1.00,1.00,28670.98,23637.63,23637.63,28650.98,26,72,76,23,62701.88,62687.45,,
2026-07-10T00:43:51+08:00,btc-updown-5m-1783615200,https://polymarket.com/zh/event/btc-updown-5m-1783615200,00:40-00:45,21.00,80.00,20.00,79.00,968.72,756.71,756.71,943.29,20.50,79.50,1.00,1.00,29022.98,23593.63,23593.63,29027.98,20,79,79,20,62701.88,62684.32,,
2026-07-10T00:43:53+08:00,btc-updown-5m-1783615200,https://polymarket.com/zh/event/btc-updown-5m-1783615200,00:40-00:45,21.00,80.00,20.00,79.00,383.51,257.31,215.98,332.97,20.50,79.50,1.00,1.00,30139.08,23593.63,23598.63,30149.08,20,79,79,20,62701.88,62684.32,,
2026-07-10T00:43:55+08:00,btc-updown-5m-1783615200,https://polymarket.com/zh/event/btc-updown-5m-1783615200,00:40-00:45,21.00,80.00,20.00,79.00,36.96,923.00,923.00,36.96,20.50,79.50,1.00,1.00,29983.08,23529.63,23549.63,29988.08,20,79,79,20,62701.88,62684.32,,
2026-07-10T00:43:57+08:00,btc-updown-5m-1783615200,https://polymarket.com/zh/event/btc-updown-5m-1783615200,00:40-00:45,21.00,80.00,20.00,79.00,539.59,296.13,296.13,503.07,20.50,79.50,1.00,1.00,29983.08,23539.63,23544.64,29988.08,20,79,79,20,62701.88,62684.32,,
2026-07-10T00:43:59+08:00,btc-updown-5m-1783615200,https://polymarket.com/zh/event/btc-updown-5m-1783615200,00:40-00:45,21.00,80.00,20.00,79.00,499.45,159.73,226.73,518.94,20.50,79.50,1.00,1.00,30175.08,23684.63,23699.63,30170.08,20,79,79,20,62701.88,62684.32,,
2026-07-10T00:44:01+08:00,btc-updown-5m-1783615200,https://polymarket.com/zh/event/btc-updown-5m-1783615200,00:40-00:45,23.00,78.00,21.00,77.00,23.31,265.53,309.67,93.82,22.00,77.50,2.00,1.00,28727.08,26577.63,26077.64,28537.08,21,77,77,22,62701.88,62689.41,,
2026-07-10T00:44:03+08:00,btc-updown-5m-1783615200,https://polymarket.com/zh/event/btc-updown-5m-1783615200,00:40-00:45,6.00,95.00,5.00,94.00,86.16,377.53,504.96,116.47,5.50,94.50,1.00,1.00,15206.22,25542.51,25537.51,15053.79,5,94,94,5,62701.88,62663.90,,
2026-07-10T00:44:05+08:00,btc-updown-5m-1783615200,https://polymarket.com/zh/event/btc-updown-5m-1783615200,00:40-00:45,6.00,95.00,5.00,94.00,52.11,132.07,69.67,70.17,5.50,94.50,1.00,1.00,14958.90,25842.17,26007.18,14516.30,5,94,94,5,62701.88,62666.96,,
2026-07-10T00:44:07+08:00,btc-updown-5m-1783615200,https://polymarket.com/zh/event/btc-updown-5m-1783615200,00:40-00:45,5.00,96.00,4.00,95.00,260.65,32.91,32.91,685.09,4.50,95.50,1.00,1.00,12290.28,25848.17,25858.18,12290.28,4,95,95,4,62701.88,62666.96,,
2026-07-10T00:44:09+08:00,btc-updown-5m-1783615200,https://polymarket.com/zh/event/btc-updown-5m-1783615200,00:40-00:45,4.00,96.00,3.00,95.00,255.72,75.00,876.65,314.34,3.50,95.50,1.00,1.00,11803.68,25858.17,25858.17,11965.32,3,96,95,4,62701.88,62666.78,,
2026-07-10T00:44:11+08:00,btc-updown-5m-1783615200,https://polymarket.com/zh/event/btc-updown-5m-1783615200,00:40-00:45,4.00,97.00,3.00,96.00,82.72,30.89,40.89,82.72,3.50,96.50,1.00,1.00,10873.23,25858.17,25848.17,10899.23,3,96,96,3,62701.88,62663.48,,
2026-07-10T00:44:13+08:00,btc-updown-5m-1783615200,https://polymarket.com/zh/event/btc-updown-5m-1783615200,00:40-00:45,3.00,99.00,2.00,97.00,1141.78,2605.16,363.77,1079.78,2.50,98.00,1.00,2.00,3181.28,25853.18,25858.18,2605.16,2,97,97,1,62701.88,62652.17,,
2026-07-10T00:44:15+08:00,btc-updown-5m-1783615200,https://polymarket.com/zh/event/btc-updown-5m-1783615200,00:40-00:45,1.00,,,99.00,2982.86,,,2882.86,,,,,,25340.62,25330.62,,0,99,99,0,62701.88,62651.00,,
2026-07-10T00:44:17+08:00,btc-updown-5m-1783615200,https://polymarket.com/zh/event/btc-updown-5m-1783615200,00:40-00:45,2.00,99.00,1.00,98.00,534.59,2361.17,2125.17,147.42,1.50,98.50,1.00,1.00,2125.17,25341.62,25271.63,2361.17,1,98,98,1,62701.88,62665.18,,
2026-07-10T00:44:19+08:00,btc-updown-5m-1783615200,https://polymarket.com/zh/event/btc-updown-5m-1783615200,00:40-00:45,4.00,97.00,3.00,96.00,10.41,498.65,503.86,27.91,3.50,96.50,1.00,1.00,3655.24,25281.63,25286.63,3631.03,3,96,96,3,62701.88,62667.16,,
2026-07-10T00:44:21+08:00,btc-updown-5m-1783615200,https://polymarket.com/zh/event/btc-updown-5m-1783615200,00:40-00:45,4.00,97.00,3.00,96.00,20.33,419.04,382.67,10.33,3.50,96.50,1.00,1.00,3713.15,25271.63,25261.63,3754.52,3,96,96,3,62701.88,62668.19,,
2026-07-10T00:44:23+08:00,btc-updown-5m-1783615200,https://polymarket.com/zh/event/btc-updown-5m-1783615200,00:40-00:45,4.00,97.00,3.00,96.00,61.62,25.41,28.51,150.38,3.50,96.50,1.00,1.00,2939.61,25276.62,25266.62,2936.51,3,96,96,3,62701.88,62668.22,,
2026-07-10T00:44:25+08:00,btc-updown-5m-1783615200,https://polymarket.com/zh/event/btc-updown-5m-1783615200,00:40-00:45,2.00,99.00,1.00,98.00,94.42,2838.15,2832.83,34.42,1.50,98.50,1.00,1.00,2832.83,25261.62,25261.62,2838.15,1,98,98,1,62701.88,62664.06,,
2026-07-10T00:44:27+08:00,btc-updown-5m-1783615200,https://polymarket.com/zh/event/btc-updown-5m-1783615200,00:40-00:45,4.00,97.00,3.00,96.00,191.68,25.00,58.66,201.72,3.50,96.50,1.00,1.00,3881.69,25266.62,25281.64,3848.03,3,96,96,3,62701.88,62669.02,,
2026-07-10T00:44:30+08:00,btc-updown-5m-1783615200,https://polymarket.com/zh/event/btc-updown-5m-1783615200,00:40-00:45,3.00,98.00,2.00,97.00,89.81,411.99,108.26,20.00,2.50,97.50,1.00,1.00,3730.29,25286.62,25272.62,4124.02,2,97,97,2,62701.88,62669.03,,
2026-07-10T00:44:32+08:00,btc-updown-5m-1783615200,https://polymarket.com/zh/event/btc-updown-5m-1783615200,00:40-00:45,3.00,98.00,2.00,97.00,15.00,256.67,256.67,15.00,2.50,97.50,1.00,1.00,4015.37,21899.96,21919.96,4015.37,2,97,97,2,62701.88,62672.49,,
2026-07-10T00:44:34+08:00,btc-updown-5m-1783615200,https://polymarket.com/zh/event/btc-updown-5m-1783615200,00:40-00:45,3.00,98.00,2.00,97.00,326.01,61.74,62.77,626.01,2.50,97.50,1.00,1.00,2385.24,21968.96,21978.96,2384.21,2,97,97,2,62701.88,62666.59,,
2026-07-10T00:44:36+08:00,btc-updown-5m-1783615200,https://polymarket.com/zh/event/btc-updown-5m-1783615200,00:40-00:45,3.00,98.00,2.00,97.00,181.40,24.48,24.48,181.40,2.50,97.50,1.00,1.00,638.95,20341.98,20351.97,638.95,2,97,97,2,62701.88,62664.73,,
2026-07-10T00:44:38+08:00,btc-updown-5m-1783615200,https://polymarket.com/zh/event/btc-updown-5m-1783615200,00:40-00:45,2.00,99.00,1.00,98.00,500.47,584.24,594.40,790.47,1.50,98.50,1.00,1.00,594.40,20341.97,20351.98,584.24,1,98,98,1,62701.88,62664.05,,
2026-07-10T00:44:40+08:00,btc-updown-5m-1783615200,https://polymarket.com/zh/event/btc-updown-5m-1783615200,00:40-00:45,2.00,99.00,1.00,98.00,922.57,141.87,126.87,928.57,1.50,98.50,1.00,1.00,126.87,20331.97,20366.98,141.87,1,98,98,1,62701.88,62662.97,,
2026-07-10T00:44:42+08:00,btc-updown-5m-1783615200,https://polymarket.com/zh/event/btc-updown-5m-1783615200,00:40-00:45,1.00,,,99.00,826.40,,,766.17,,,,,,20321.97,20346.97,,0,99,99,0,62701.88,62666.09,,
2026-07-10T00:44:44+08:00,btc-updown-5m-1783615200,https://polymarket.com/zh/event/btc-updown-5m-1783615200,00:40-00:45,1.00,,,99.00,1054.79,,,1048.54,,,,,,20331.97,20341.97,,0,99,99,0,62701.88,62663.96,,
2026-07-10T00:44:46+08:00,btc-updown-5m-1783615200,https://polymarket.com/zh/event/btc-updown-5m-1783615200,00:40-00:45,1.00,,,99.00,623.16,,,637.91,,,,,,19232.38,19237.38,,0,99,99,0,62701.88,62662.97,,
2026-07-10T00:44:48+08:00,btc-updown-5m-1783615200,https://polymarket.com/zh/event/btc-updown-5m-1783615200,00:40-00:45,1.00,,,99.00,1133.21,,,1446.21,,,,,,19067.38,19067.38,,0,99,99,0,62701.88,62662.97,,
2026-07-10T00:44:50+08:00,btc-updown-5m-1783615200,https://polymarket.com/zh/event/btc-updown-5m-1783615200,00:40-00:45,1.00,,,99.00,1527.81,,,6327.81,,,,,,13567.38,12552.38,,0,98,98,0,62701.88,62662.97,,
2026-07-10T00:44:52+08:00,btc-updown-5m-1783615200,https://polymarket.com/zh/event/btc-updown-5m-1783615200,00:40-00:45,1.00,,,99.00,9527.93,,,9527.93,,,,,,11019.39,11019.38,,0,98,98,0,62701.88,62662.96,,
2026-07-10T00:44:54+08:00,btc-updown-5m-1783615200,https://polymarket.com/zh/event/btc-updown-5m-1783615200,00:40-00:45,1.00,,,99.00,9322.33,,,14332.33,,,,,,11537.38,11542.38,,0,98,98,0,62701.88,62667.36,,
2026-07-10T00:44:56+08:00,btc-updown-5m-1783615200,https://polymarket.com/zh/event/btc-updown-5m-1783615200,00:40-00:45,1.00,,,99.00,16470.03,,,16875.03,,,,,,12257.38,12232.39,,0,98,98,0,62701.88,62665.80,,
2026-07-10T00:44:58+08:00,btc-updown-5m-1783615200,https://polymarket.com/zh/event/btc-updown-5m-1783615200,00:40-00:45,1.00,,,99.00,22762.00,,,23153.00,,,,,,12360.70,13415.71,,0,98,98,0,62701.88,62672.27,,
2026-07-10T00:45:00+08:00,btc-updown-5m-1783615500,https://polymarket.com/zh/event/btc-updown-5m-1783615500,00:45-00:50,52.00,49.00,51.00,48.00,192.07,304.29,534.29,247.02,51.50,48.50,1.00,1.00,25530.40,24959.96,24999.96,25700.40,51,48,48,51,62672.27,62672.27,,
2026-07-10T00:45:02+08:00,btc-updown-5m-1783615500,https://polymarket.com/zh/event/btc-updown-5m-1783615500,00:45-00:50,48.00,53.00,47.00,52.00,1111.89,628.81,137.79,835.00,47.50,52.50,1.00,1.00,16508.72,16024.29,16019.30,18313.72,47,52,52,47,62672.27,62661.67,,
2026-07-10T00:45:04+08:00,btc-updown-5m-1783615500,https://polymarket.com/zh/event/btc-updown-5m-1783615500,00:45-00:50,55.00,46.00,54.00,45.00,618.43,1628.60,1625.50,603.43,54.50,45.50,1.00,1.00,17826.72,19534.29,19553.29,17833.73,54,45,45,54,62672.27,62675.56,,
2026-07-10T00:45:06+08:00,btc-updown-5m-1783615500,https://polymarket.com/zh/event/btc-updown-5m-1783615500,00:45-00:50,51.00,52.00,48.00,49.00,1303.00,264.42,264.42,1303.00,49.50,50.50,3.00,3.00,21268.72,20232.29,20232.29,21268.72,48,49,49,48,62672.27,62670.59,,
2026-07-10T00:45:08+08:00,btc-updown-5m-1783615500,https://polymarket.com/zh/event/btc-updown-5m-1783615500,00:45-00:50,50.00,51.00,49.00,50.00,397.00,1832.35,1824.32,385.23,49.50,50.50,1.00,1.00,19838.72,20264.29,20275.29,19858.72,49,50,50,49,62672.27,62669.41,,
2026-07-10T00:45:10+08:00,btc-updown-5m-1783615500,https://polymarket.com/zh/event/btc-updown-5m-1783615500,00:45-00:50,50.00,51.00,49.00,50.00,1418.38,1687.12,1785.96,1438.38,49.50,50.50,1.00,1.00,20233.42,19588.33,19572.32,20233.42,49,50,50,49,62672.27,62668.69,,
2026-07-10T00:45:12+08:00,btc-updown-5m-1783615500,https://polymarket.com/zh/event/btc-updown-5m-1783615500,00:45-00:50,50.00,51.00,49.00,50.00,1259.13,471.89,411.89,1219.13,49.50,50.50,1.00,1.00,20063.42,19592.32,19593.32,20083.42,49,50,50,49,62672.27,62665.88,,
2026-07-10T00:45:15+08:00,btc-updown-5m-1783615500,https://polymarket.com/zh/event/btc-updown-5m-1783615500,00:45-00:50,50.00,51.00,49.00,50.00,175.48,1629.79,1539.13,708.00,49.50,50.50,1.00,1.00,20491.52,19706.33,19691.32,20476.52,49,50,50,49,62672.27,62668.58,,
2026-07-10T00:45:17+08:00,btc-updown-5m-1783615500,https://polymarket.com/zh/event/btc-updown-5m-1783615500,00:45-00:50,50.00,51.00,49.00,50.00,691.76,1937.03,1916.63,706.76,49.50,50.50,1.00,1.00,20807.42,20226.32,20267.32,20812.42,49,50,50,49,62672.27,62668.58,,
2026-07-10T00:45:19+08:00,btc-updown-5m-1783615500,https://polymarket.com/zh/event/btc-updown-5m-1783615500,00:45-00:50,50.00,51.00,49.00,50.00,633.86,892.32,892.32,633.86,49.50,50.50,1.00,1.00,20812.42,20252.32,20252.32,20812.42,49,50,50,49,62672.27,62666.80,,
2026-07-10T00:45:21+08:00,btc-updown-5m-1783615500,https://polymarket.com/zh/event/btc-updown-5m-1783615500,00:45-00:50,50.00,51.00,49.00,50.00,25.00,1554.15,1817.29,25.00,49.50,50.50,1.00,1.00,20757.42,20111.33,20199.00,20768.42,49,50,50,49,62672.27,62666.81,,
2026-07-10T00:45:23+08:00,btc-updown-5m-1783615500,https://polymarket.com/zh/event/btc-updown-5m-1783615500,00:45-00:50,51.00,50.00,50.00,49.00,1146.87,504.10,342.65,1053.06,50.50,49.50,1.00,1.00,21187.68,20763.57,20768.57,21835.37,50,49,49,50,62672.27,62666.00,,
2026-07-10T00:45:25+08:00,btc-updown-5m-1783615500,https://polymarket.com/zh/event/btc-updown-5m-1783615500,00:45-00:50,51.00,50.00,50.00,49.00,851.30,699.06,711.77,851.30,50.50,49.50,1.00,1.00,21992.38,20826.27,20816.27,21497.37,50,49,49,50,62672.27,62666.00,,
2026-07-10T00:45:27+08:00,btc-updown-5m-1783615500,https://polymarket.com/zh/event/btc-updown-5m-1783615500,00:45-00:50,51.00,50.00,50.00,49.00,715.14,271.37,289.37,262.04,50.50,49.50,1.00,1.00,20182.08,20820.27,20820.27,19087.08,50,49,49,50,62672.27,62681.09,,
2026-07-10T00:45:29+08:00,btc-updown-5m-1783615500,https://polymarket.com/zh/event/btc-updown-5m-1783615500,00:45-00:50,55.00,46.00,54.00,45.00,510.49,431.32,169.46,482.31,54.50,45.50,1.00,1.00,19473.36,23364.56,23379.56,18978.37,54,45,45,54,62672.27,62675.61,,
2026-07-10T00:45:31+08:00,btc-updown-5m-1783615500,https://polymarket.com/zh/event/btc-updown-5m-1783615500,00:45-00:50,52.00,50.00,51.00,49.00,619.09,433.60,5.00,70.00,51.50,49.50,1.00,1.00,21670.07,23106.96,23101.96,21660.07,51,48,49,50,62672.27,62668.20,,
2026-07-10T00:45:33+08:00,btc-updown-5m-1783615500,https://polymarket.com/zh/event/btc-updown-5m-1783615500,00:45-00:50,50.00,50.00,49.00,49.00,151.22,453.35,1808.07,908.93,49.50,49.50,1.00,1.00,21650.06,23316.97,23327.96,21645.06,49,50,49,50,62672.27,62667.09,,
2026-07-10T00:45:35+08:00,btc-updown-5m-1783615500,https://polymarket.com/zh/event/btc-updown-5m-1783615500,00:45-00:50,52.00,49.00,51.00,48.00,1032.39,1130.67,1124.91,921.21,51.50,48.50,1.00,1.00,22240.06,23321.96,23333.49,21740.07,51,48,48,51,62672.27,62670.22,,
2026-07-10T00:45:37+08:00,btc-updown-5m-1783615500,https://polymarket.com/zh/event/btc-updown-5m-1783615500,00:45-00:50,53.00,48.00,52.00,47.00,667.47,965.75,992.59,799.63,52.50,47.50,1.00,1.00,21130.06,23338.49,23333.49,21630.06,52,47,47,52,62672.27,62672.00,,
2026-07-10T00:45:39+08:00,btc-updown-5m-1783615500,https://polymarket.com/zh/event/btc-updown-5m-1783615500,00:45-00:50,53.00,48.00,52.00,47.00,895.49,692.48,692.48,895.49,52.50,47.50,1.00,1.00,21640.06,23348.49,23363.49,21160.07,52,47,47,52,62672.27,62672.01,,
2026-07-10T00:45:41+08:00,btc-updown-5m-1783615500,https://polymarket.com/zh/event/btc-updown-5m-1783615500,00:45-00:50,53.00,48.00,52.00,47.00,729.29,956.96,964.63,679.29,52.50,47.50,1.00,1.00,21160.06,23278.49,23273.49,21645.06,52,47,47,52,62672.27,62672.00,,
2026-07-10T00:45:43+08:00,btc-updown-5m-1783615500,https://polymarket.com/zh/event/btc-updown-5m-1783615500,00:45-00:50,53.00,48.00,52.00,47.00,1037.86,214.15,214.15,1037.75,52.50,47.50,1.00,1.00,21070.06,23343.49,23358.49,21085.06,52,47,47,52,62672.27,62672.00,,
2026-07-10T00:45:45+08:00,btc-updown-5m-1783615500,https://polymarket.com/zh/event/btc-updown-5m-1783615500,00:45-00:50,53.00,48.00,52.00,47.00,797.51,167.04,160.04,791.49,52.50,47.50,1.00,1.00,21580.06,23353.49,23348.49,21570.06,52,47,47,52,62672.27,62671.32,,
2026-07-10T00:45:47+08:00,btc-updown-5m-1783615500,https://polymarket.com/zh/event/btc-updown-5m-1783615500,00:45-00:50,50.00,51.00,49.00,50.00,840.90,255.32,260.32,1455.88,49.50,50.50,1.00,1.00,22175.07,23343.49,23358.49,21670.06,49,50,50,49,62672.27,62666.16,,
2026-07-10T00:45:49+08:00,btc-updown-5m-1783615500,https://polymarket.com/zh/event/btc-updown-5m-1783615500,00:45-00:50,49.00,52.00,48.00,51.00,1823.71,427.65,366.58,1796.73,48.50,51.50,1.00,1.00,23704.06,20158.49,20159.50,23649.06,48,51,51,48,62672.27,62664.57,,
2026-07-10T00:45:51+08:00,btc-updown-5m-1783615500,https://polymarket.com/zh/event/btc-updown-5m-1783615500,00:45-00:50,49.00,52.00,48.00,51.00,305.56,1784.54,1784.96,305.56,48.50,51.50,1.00,1.00,23219.06,20658.49,20663.49,23234.06,48,51,51,48,62672.27,62664.57,,
2026-07-10T00:45:53+08:00,btc-updown-5m-1783615500,https://polymarket.com/zh/event/btc-updown-5m-1783615500,00:45-00:50,50.00,51.00,49.00,50.00,36.28,2489.21,2429.21,36.28,49.50,50.50,1.00,1.00,23219.06,20579.49,20595.49,23229.06,49,50,50,49,62672.27,62670.31,,
2026-07-10T00:45:55+08:00,btc-updown-5m-1783615500,https://polymarket.com/zh/event/btc-updown-5m-1783615500,00:45-00:50,51.00,50.00,50.00,49.00,143.29,2173.46,2183.47,141.32,50.50,49.50,1.00,1.00,22624.06,20574.49,20569.49,22634.06,50,49,49,50,62672.27,62670.32,,
2026-07-10T00:45:57+08:00,btc-updown-5m-1783615500,https://polymarket.com/zh/event/btc-updown-5m-1783615500,00:45-00:50,51.00,50.00,50.00,49.00,7.67,2260.39,2260.39,5.67,50.50,49.50,1.00,1.00,22624.06,20568.49,20563.49,23139.07,50,49,49,50,62672.27,62670.32,,
2026-07-10T00:45:59+08:00,btc-updown-5m-1783615500,https://polymarket.com/zh/event/btc-updown-5m-1783615500,00:45-00:50,52.00,49.00,51.00,48.00,66.15,2388.03,2388.03,64.22,51.50,48.50,1.00,1.00,22044.06,20568.49,20563.49,23134.06,51,48,48,51,62672.27,62669.80,,
2026-07-10T00:46:01+08:00,btc-updown-5m-1783615500,https://polymarket.com/zh/event/btc-updown-5m-1783615500,00:45-00:50,53.00,48.00,52.00,45.00,25.00,643.20,558.20,221.81,52.50,46.50,1.00,3.00,28205.76,29540.19,29540.19,28210.77,52,47,45,52,62672.27,62668.05,,
2026-07-10T00:46:03+08:00,btc-updown-5m-1783615500,https://polymarket.com/zh/event/btc-updown-5m-1783615500,00:45-00:50,53.00,48.00,52.00,47.00,73.28,2433.99,2435.88,71.39,52.50,47.50,1.00,1.00,27310.76,29540.19,29540.19,27310.76,52,47,47,52,62672.27,62668.05,,
2026-07-10T00:46:05+08:00,btc-updown-5m-1783615500,https://polymarket.com/zh/event/btc-updown-5m-1783615500,00:45-00:50,54.00,47.00,53.00,46.00,838.81,327.30,1157.30,826.45,53.50,46.50,1.00,1.00,26220.77,29540.19,29555.19,26825.76,53,46,46,53,62672.27,62668.00,,
2026-07-10T00:46:07+08:00,btc-updown-5m-1783615500,https://polymarket.com/zh/event/btc-updown-5m-1783615500,00:45-00:50,54.00,47.00,53.00,46.00,703.69,890.80,900.80,667.69,53.50,46.50,1.00,1.00,26343.76,29178.19,29178.19,26338.76,53,46,46,53,62672.27,62668.05,,
2026-07-10T00:46:09+08:00,btc-updown-5m-1783615500,https://polymarket.com/zh/event/btc-updown-5m-1783615500,00:45-00:50,57.00,44.00,56.00,43.00,11.00,861.37,861.37,11.00,56.50,43.50,1.00,1.00,25148.76,29173.19,29173.19,25143.76,56,43,43,56,62672.27,62676.79,,
2026-07-10T00:46:11+08:00,btc-updown-5m-1783615500,https://polymarket.com/zh/event/btc-updown-5m-1783615500,00:45-00:50,58.00,43.00,57.00,42.00,174.20,1217.92,676.09,174.20,57.50,42.50,1.00,1.00,24498.77,29018.19,28708.19,24398.77,57,42,42,57,62672.27,62679.92,,
2026-07-10T00:46:13+08:00,btc-updown-5m-1783615500,https://polymarket.com/zh/event/btc-updown-5m-1783615500,00:45-00:50,60.00,41.00,59.00,40.00,900.00,33.79,292.89,1473.02,59.50,40.50,1.00,1.00,24210.07,28739.49,28739.49,24210.07,59,40,40,59,62672.27,62670.34,,
2026-07-10T00:46:15+08:00,btc-updown-5m-1783615500,https://polymarket.com/zh/event/btc-updown-5m-1783615500,00:45-00:50,53.00,48.00,52.00,47.00,522.96,1216.22,1216.22,522.96,52.50,47.50,1.00,1.00,25335.06,28829.49,28819.49,26430.06,52,47,47,52,62672.27,62670.33,,
2026-07-10T00:46:17+08:00,btc-updown-5m-1783615500,https://polymarket.com/zh/event/btc-updown-5m-1783615500,00:45-00:50,53.00,48.00,52.00,47.00,643.08,602.80,544.89,618.08,52.50,47.50,1.00,1.00,26357.06,28736.49,28751.49,26357.06,52,47,47,52,62672.27,62670.34,,
2026-07-10T00:46:19+08:00,btc-updown-5m-1783615500,https://polymarket.com/zh/event/btc-updown-5m-1783615500,00:45-00:50,53.00,48.00,52.00,47.00,317.91,628.41,635.53,317.91,52.50,47.50,1.00,1.00,25867.06,28751.49,28741.49,25857.06,52,47,47,52,62672.27,62670.34,,
2026-07-10T00:46:21+08:00,btc-updown-5m-1783615500,https://polymarket.com/zh/event/btc-updown-5m-1783615500,00:45-00:50,53.00,48.00,52.00,47.00,314.13,536.25,536.25,314.13,52.50,47.50,1.00,1.00,25852.06,28736.49,28746.49,26362.06,52,47,47,52,62672.27,62670.34,,
2026-07-10T00:46:23+08:00,btc-updown-5m-1783615500,https://polymarket.com/zh/event/btc-updown-5m-1783615500,00:45-00:50,53.00,49.00,52.00,47.00,1295.77,30.83,27.00,1546.77,52.50,48.00,1.00,2.00,27053.06,28731.49,25546.49,27568.06,52,47,47,51,62672.27,62670.33,,
2026-07-10T00:46:25+08:00,btc-updown-5m-1783615500,https://polymarket.com/zh/event/btc-updown-5m-1783615500,00:45-00:50,46.00,55.00,45.00,54.00,279.72,1498.79,1252.97,256.54,45.50,54.50,1.00,1.00,29242.06,24936.49,24962.49,29257.06,45,54,54,45,62672.27,62660.42,,
2026-07-10T00:46:27+08:00,btc-updown-5m-1783615500,https://polymarket.com/zh/event/btc-updown-5m-1783615500,00:45-00:50,46.00,55.00,45.00,54.00,1973.58,931.22,931.22,1973.58,45.50,54.50,1.00,1.00,29130.15,24176.49,24176.49,29130.15,45,54,54,45,62672.27,62659.63,,
2026-07-10T00:46:29+08:00,btc-updown-5m-1783615500,https://polymarket.com/zh/event/btc-updown-5m-1783615500,00:45-00:50,46.00,55.00,45.00,54.00,68.65,2784.70,2732.70,44.65,45.50,54.50,1.00,1.00,29130.15,25906.49,25927.49,29125.15,45,54,54,45,62672.27,62663.89,,
2026-07-10T00:46:31+08:00,btc-updown-5m-1783615500,https://polymarket.com/zh/event/btc-updown-5m-1783615500,00:45-00:50,53.00,49.00,48.00,47.00,58.00,6.00,5.00,38.00,50.50,48.00,5.00,2.00,27380.15,25882.50,25871.50,27370.15,48,47,47,49,62672.27,62663.90,,
2026-07-10T00:46:34+08:00,btc-updown-5m-1783615500,https://polymarket.com/zh/event/btc-updown-5m-1783615500,00:45-00:50,53.00,47.00,52.00,45.00,10.00,170.00,513.80,386.03,52.50,46.00,1.00,2.00,25985.15,27871.51,27876.50,23995.15,52,46,45,53,62672.27,62672.48,,
2026-07-10T00:46:36+08:00,btc-updown-5m-1783615500,https://polymarket.com/zh/event/btc-updown-5m-1783615500,00:45-00:50,54.00,47.00,53.00,46.00,1180.75,404.71,404.71,1238.31,53.50,46.50,1.00,1.00,26265.15,27866.49,27876.49,25190.15,53,46,46,53,62672.27,62670.35,,
2026-07-10T00:46:38+08:00,btc-updown-5m-1783615500,https://polymarket.com/zh/event/btc-updown-5m-1783615500,00:45-00:50,53.00,48.00,52.00,47.00,1556.08,20.00,137.98,1639.92,52.50,47.50,1.00,1.00,26328.85,27941.49,27946.49,26838.85,52,47,47,52,62672.27,62669.02,,
2026-07-10T00:46:40+08:00,btc-updown-5m-1783615500,https://polymarket.com/zh/event/btc-updown-5m-1783615500,00:45-00:50,49.00,52.00,48.00,51.00,1424.59,36.65,10.65,1496.39,48.50,51.50,1.00,1.00,26333.85,27351.49,27336.49,26333.85,48,51,51,48,62672.27,62665.43,,
2026-07-10T00:46:42+08:00,btc-updown-5m-1783615500,https://polymarket.com/zh/event/btc-updown-5m-1783615500,00:45-00:50,48.00,53.00,47.00,52.00,480.47,1173.85,1275.72,473.04,47.50,52.50,1.00,1.00,26238.85,27262.50,27257.49,26233.85,47,52,52,47,62672.27,62665.43,,
2026-07-10T00:46:44+08:00,btc-updown-5m-1783615500,https://polymarket.com/zh/event/btc-updown-5m-1783615500,00:45-00:50,47.00,54.00,45.00,53.00,768.59,3.00,10.00,847.23,46.00,53.50,2.00,1.00,28433.85,22692.50,22687.50,28433.85,45,53,53,46,62672.27,62660.23,,
2026-07-10T00:46:46+08:00,btc-updown-5m-1783615500,https://polymarket.com/zh/event/btc-updown-5m-1783615500,00:45-00:50,45.00,56.00,44.00,55.00,1664.79,12.00,24.00,1666.23,44.50,55.50,1.00,1.00,28423.85,22661.49,22652.49,28418.85,44,55,55,44,62672.27,62660.23,,
2026-07-10T00:46:48+08:00,btc-updown-5m-1783615500,https://polymarket.com/zh/event/btc-updown-5m-1783615500,00:45-00:50,44.00,57.00,43.00,56.00,1449.63,57.11,153.11,1596.87,43.50,56.50,1.00,1.00,28428.85,22666.49,22656.49,28423.85,43,56,56,43,62672.27,62659.62,,
2026-07-10T00:46:50+08:00,btc-updown-5m-1783615500,https://polymarket.com/zh/event/btc-updown-5m-1783615500,00:45-00:50,38.00,65.00,35.00,62.00,96.46,796.11,799.19,125.47,36.50,63.50,3.00,3.00,26813.85,22663.50,22663.50,26813.85,33,62,62,33,62672.27,62653.52,,
2026-07-10T00:46:52+08:00,btc-updown-5m-1783615500,https://polymarket.com/zh/event/btc-updown-5m-1783615500,00:45-00:50,36.00,65.00,35.00,64.00,201.53,1881.32,1862.37,124.74,35.50,64.50,1.00,1.00,28519.85,22530.16,22534.16,28504.85,35,64,64,35,62672.27,62651.88,,
2026-07-10T00:46:54+08:00,btc-updown-5m-1783615500,https://polymarket.com/zh/event/btc-updown-5m-1783615500,00:45-00:50,35.00,66.00,34.00,65.00,1235.58,155.42,135.42,2003.18,34.50,65.50,1.00,1.00,28553.85,22458.17,22453.16,28519.85,34,65,65,34,62672.27,62650.02,,
2026-07-10T00:46:56+08:00,btc-updown-5m-1783615500,https://polymarket.com/zh/event/btc-updown-5m-1783615500,00:45-00:50,34.00,67.00,33.00,66.00,25.92,2.50,4.00,25.92,33.50,66.50,1.00,1.00,28509.85,22493.17,22493.17,28509.85,33,66,66,33,62672.27,62644.96,,
2026-07-10T00:46:58+08:00,btc-updown-5m-1783615500,https://polymarket.com/zh/event/btc-updown-5m-1783615500,00:45-00:50,31.00,70.00,30.00,69.00,106.00,167.41,186.31,367.40,30.50,69.50,1.00,1.00,28366.04,22473.17,22458.17,28361.04,30,69,69,30,62672.27,62644.96,,
2026-07-10T00:47:00+08:00,btc-updown-5m-1783615500,https://polymarket.com/zh/event/btc-updown-5m-1783615500,00:45-00:50,29.00,72.00,28.00,71.00,88.07,135.00,135.00,288.07,28.50,71.50,1.00,1.00,28351.04,22429.17,22454.17,28371.04,28,71,71,28,62672.27,62642.31,,
2026-07-10T00:47:02+08:00,btc-updown-5m-1783615500,https://polymarket.com/zh/event/btc-updown-5m-1783615500,00:45-00:50,26.00,77.00,25.00,74.00,92.54,57.12,7.79,149.13,25.50,75.50,1.00,3.00,22174.04,22319.17,22334.17,22179.04,24,73,74,22,62672.27,62634.24,,
2026-07-10T00:47:04+08:00,btc-updown-5m-1783615500,https://polymarket.com/zh/event/btc-updown-5m-1783615500,00:45-00:50,21.00,80.00,20.00,79.00,1862.52,1827.96,1104.48,1688.26,20.50,79.50,1.00,1.00,22344.38,22264.16,22275.16,22344.38,20,79,79,20,62672.27,62630.76,,
2026-07-10T00:47:06+08:00,btc-updown-5m-1783615500,https://polymarket.com/zh/event/btc-updown-5m-1783615500,00:45-00:50,21.00,80.00,20.00,79.00,3013.78,108.59,108.59,2903.56,20.50,79.50,1.00,1.00,19569.38,22344.17,22344.17,19569.38,17,79,79,17,62672.27,62612.29,,
2026-07-10T00:47:08+08:00,btc-updown-5m-1783615500,https://polymarket.com/zh/event/btc-updown-5m-1783615500,00:45-00:50,17.00,87.00,14.00,83.00,15.11,116.45,12.25,15.11,15.50,85.00,3.00,4.00,19588.51,22349.17,22344.17,19588.51,14,83,83,13,62672.27,62601.88,,
2026-07-10T00:47:10+08:00,btc-updown-5m-1783615500,https://polymarket.com/zh/event/btc-updown-5m-1783615500,00:45-00:50,14.00,89.00,10.00,88.00,142.87,37.00,120.97,176.84,12.00,88.50,4.00,1.00,19029.43,22581.79,22561.79,19162.28,10,86,88,11,62672.27,62603.46,,
2026-07-10T00:47:12+08:00,btc-updown-5m-1783615500,https://polymarket.com/zh/event/btc-updown-5m-1783615500,00:45-00:50,12.00,90.00,10.00,89.00,192.75,479.74,15.61,16.00,11.00,89.50,2.00,1.00,14589.54,15550.79,15560.79,16442.75,10,88,89,10,62672.27,62604.45,,
2026-07-10T00:47:14+08:00,btc-updown-5m-1783615500,https://polymarket.com/zh/event/btc-updown-5m-1783615500,00:45-00:50,13.00,87.00,12.00,86.00,131.00,763.18,1640.06,217.47,12.50,86.50,1.00,1.00,15298.04,15465.78,15460.79,15192.39,12,87,86,13,62672.27,62619.65,,
2026-07-10T00:47:16+08:00,btc-updown-5m-1783615500,https://polymarket.com/zh/event/btc-updown-5m-1783615500,00:45-00:50,16.00,85.00,15.00,84.00,97.30,1800.13,1811.61,97.30,15.50,84.50,1.00,1.00,15508.98,15450.78,15455.78,15493.98,15,84,84,15,62672.27,62619.64,,
2026-07-10T00:47:18+08:00,btc-updown-5m-1783615500,https://polymarket.com/zh/event/btc-updown-5m-1783615500,00:45-00:50,17.00,83.00,16.00,82.00,60.67,0.16,1628.86,15.77,16.50,82.50,1.00,1.00,14408.98,15476.79,15475.79,14608.98,16,83,82,17,62672.27,62624.57,,
2026-07-10T00:47:21+08:00,btc-updown-5m-1783615500,https://polymarket.com/zh/event/btc-updown-5m-1783615500,00:45-00:50,18.00,85.00,17.00,82.00,320.70,972.61,308.72,789.63,17.50,83.50,1.00,3.00,14338.98,15475.79,15485.79,14338.98,17,82,82,15,62672.27,62621.73,,
2026-07-10T00:47:23+08:00,btc-updown-5m-1783615500,https://polymarket.com/zh/event/btc-updown-5m-1783615500,00:45-00:50,16.00,85.00,15.00,84.00,290.97,1224.09,1225.27,320.34,15.50,84.50,1.00,1.00,14388.98,15530.78,15540.78,14393.98,15,84,84,15,62672.27,62621.73,,
2026-07-10T00:47:25+08:00,btc-updown-5m-1783615500,https://polymarket.com/zh/event/btc-updown-5m-1783615500,00:45-00:50,13.00,88.00,12.00,87.00,453.02,862.08,980.51,674.58,12.50,87.50,1.00,1.00,15360.53,15561.79,15541.78,13950.53,12,87,87,12,62672.27,62621.73,,
2026-07-10T00:47:27+08:00,btc-updown-5m-1783615500,https://polymarket.com/zh/event/btc-updown-5m-1783615500,00:45-00:50,11.00,90.00,10.00,89.00,1650.64,292.63,329.75,1681.78,10.50,89.50,1.00,1.00,15484.96,15535.78,15549.79,15512.46,10,89,89,10,62672.27,62610.02,,
2026-07-10T00:47:29+08:00,btc-updown-5m-1783615500,https://polymarket.com/zh/event/btc-updown-5m-1783615500,00:45-00:50,11.00,90.00,10.00,89.00,1346.62,127.08,113.30,1336.84,10.50,89.50,1.00,1.00,16499.96,15555.78,15539.78,16499.96,10,89,89,10,62672.27,62610.02,,
2026-07-10T00:47:31+08:00,btc-updown-5m-1783615500,https://polymarket.com/zh/event/btc-updown-5m-1783615500,00:45-00:50,10.00,91.00,9.00,90.00,531.00,1560.05,1550.05,531.00,9.50,90.50,1.00,1.00,16709.96,15560.78,15539.78,16704.96,9,90,90,9,62672.27,62610.02,,
2026-07-10T00:47:33+08:00,btc-updown-5m-1783615500,https://polymarket.com/zh/event/btc-updown-5m-1783615500,00:45-00:50,10.00,91.00,9.00,90.00,104.64,1444.44,1455.25,104.64,9.50,90.50,1.00,1.00,16630.56,15549.78,15530.78,16635.56,9,90,90,9,62672.27,62613.75,,
2026-07-10T00:47:35+08:00,btc-updown-5m-1783615500,https://polymarket.com/zh/event/btc-updown-5m-1783615500,00:45-00:50,11.00,90.00,10.00,89.00,1114.11,440.73,380.73,1054.06,10.50,89.50,1.00,1.00,18392.56,15534.79,15524.78,18392.56,10,89,89,10,62672.27,62613.74,,
2026-07-10T00:47:37+08:00,btc-updown-5m-1783615500,https://polymarket.com/zh/event/btc-updown-5m-1783615500,00:45-00:50,11.00,90.00,10.00,89.00,1143.27,210.05,210.05,1165.45,10.50,89.50,1.00,1.00,18913.90,15539.79,15544.78,18913.90,10,89,89,10,62672.27,62613.75,,
2026-07-10T00:47:39+08:00,btc-updown-5m-1783615500,https://polymarket.com/zh/event/btc-updown-5m-1783615500,00:45-00:50,6.00,95.00,5.00,94.00,375.46,225.65,243.20,865.89,5.50,94.50,1.00,1.00,10602.73,15545.79,15469.78,10930.18,5,94,94,5,62672.27,62612.17,,
2026-07-10T00:47:41+08:00,btc-updown-5m-1783615500,https://polymarket.com/zh/event/btc-updown-5m-1783615500,00:45-00:50,6.00,95.00,5.00,94.00,286.05,1209.62,1152.26,286.05,5.50,94.50,1.00,1.00,12979.75,15468.78,15454.78,12987.11,5,94,94,5,62672.27,62588.56,,
2026-07-10T00:47:43+08:00,btc-updown-5m-1783615500,https://polymarket.com/zh/event/btc-updown-5m-1783615500,00:45-00:50,6.00,95.00,5.00,94.00,274.26,1359.13,1244.62,321.26,5.50,94.50,1.00,1.00,13593.82,15448.78,15469.78,13961.33,5,94,94,5,62672.27,62588.56,,
2026-07-10T00:47:45+08:00,btc-updown-5m-1783615500,https://polymarket.com/zh/event/btc-updown-5m-1783615500,00:45-00:50,7.00,94.00,6.00,93.00,2354.69,383.43,395.43,2344.69,6.50,93.50,1.00,1.00,11531.03,15459.78,15454.78,11831.03,6,93,93,6,62672.27,62589.83,,
2026-07-10T00:47:47+08:00,btc-updown-5m-1783615500,https://polymarket.com/zh/event/btc-updown-5m-1783615500,00:45-00:50,6.00,95.00,5.00,94.00,1213.24,206.44,362.43,1828.57,5.50,94.50,1.00,1.00,10730.91,15480.79,15455.78,8896.81,5,94,94,5,62672.27,62577.90,,
2026-07-10T00:47:49+08:00,btc-updown-5m-1783615500,https://polymarket.com/zh/event/btc-updown-5m-1783615500,00:45-00:50,5.00,96.00,4.00,95.00,1988.64,263.32,371.95,2093.64,4.50,95.50,1.00,1.00,6856.40,15464.78,15460.78,7659.77,4,95,95,4,62672.27,62573.60,,
2026-07-10T00:47:52+08:00,btc-updown-5m-1783615500,https://polymarket.com/zh/event/btc-updown-5m-1783615500,00:45-00:50,4.00,97.00,3.00,96.00,525.13,357.29,568.63,1619.35,3.50,96.50,1.00,1.00,5337.51,15443.78,15294.78,4789.66,3,96,96,3,62672.27,62556.62,,
2026-07-10T00:47:54+08:00,btc-updown-5m-1783615500,https://polymarket.com/zh/event/btc-updown-5m-1783615500,00:45-00:50,3.00,98.00,2.00,97.00,414.48,1461.75,1456.47,439.48,2.50,97.50,1.00,1.00,5410.11,15291.78,15296.78,5420.39,2,97,97,2,62672.27,62569.30,,
2026-07-10T00:47:56+08:00,btc-updown-5m-1783615500,https://polymarket.com/zh/event/btc-updown-5m-1783615500,00:45-00:50,3.00,98.00,2.00,97.00,337.85,1349.48,1318.41,322.85,2.50,97.50,1.00,1.00,5606.87,15291.78,15311.78,5062.94,2,97,97,2,62672.27,62566.42,,
2026-07-10T00:47:58+08:00,btc-updown-5m-1783615500,https://polymarket.com/zh/event/btc-updown-5m-1783615500,00:45-00:50,4.00,97.00,3.00,96.00,1263.12,553.55,615.20,1691.53,3.50,96.50,1.00,1.00,5196.41,15278.78,15298.79,5139.76,3,96,96,3,62672.27,62571.88,,
2026-07-10T00:48:00+08:00,btc-updown-5m-1783615500,https://polymarket.com/zh/event/btc-updown-5m-1783615500,00:45-00:50,4.00,97.00,3.00,96.00,774.11,1219.41,1345.72,883.56,3.50,96.50,1.00,1.00,7308.56,15198.78,15204.78,7117.25,3,96,96,3,62672.27,62580.64,,
2026-07-10T00:48:02+08:00,btc-updown-5m-1783615500,https://polymarket.com/zh/event/btc-updown-5m-1783615500,00:45-00:50,6.00,94.00,5.00,93.00,279.45,199.00,901.37,1620.85,5.50,93.50,1.00,1.00,9755.64,15138.78,15067.13,9667.30,5,94,93,6,62672.27,62594.04,,
2026-07-10T00:48:04+08:00,btc-updown-5m-1783615500,https://polymarket.com/zh/event/btc-updown-5m-1783615500,00:45-00:50,4.00,97.00,3.00,96.00,91.85,1172.75,1370.10,96.85,3.50,96.50,1.00,1.00,7778.01,15298.78,15293.78,7585.66,3,96,96,3,62672.27,62580.64,,
2026-07-10T00:48:06+08:00,btc-updown-5m-1783615500,https://polymarket.com/zh/event/btc-updown-5m-1783615500,00:45-00:50,7.00,94.00,6.00,93.00,1162.56,149.46,203.87,1254.54,6.50,93.50,1.00,1.00,9781.99,15268.78,15153.78,10526.91,6,93,93,6,62672.27,62598.07,,
2026-07-10T00:48:08+08:00,btc-updown-5m-1783615500,https://polymarket.com/zh/event/btc-updown-5m-1783615500,00:45-00:50,5.00,96.00,4.00,95.00,90.00,1618.79,1523.07,95.00,4.50,95.50,1.00,1.00,9626.40,15183.78,15173.78,9707.12,4,95,95,4,62672.27,62596.97,,
2026-07-10T00:48:10+08:00,btc-updown-5m-1783615500,https://polymarket.com/zh/event/btc-updown-5m-1783615500,00:45-00:50,7.00,94.00,6.00,93.00,1471.28,105.47,194.23,1916.13,6.50,93.50,1.00,1.00,11495.41,15053.78,15048.78,11384.41,6,93,93,6,62672.27,62596.01,,
2026-07-10T00:48:12+08:00,btc-updown-5m-1783615500,https://polymarket.com/zh/event/btc-updown-5m-1783615500,00:45-00:50,5.00,96.00,4.00,95.00,150.00,1520.64,1488.83,150.00,4.50,95.50,1.00,1.00,10368.16,15048.78,15053.78,10394.97,4,95,95,4,62672.27,62596.01,,
2026-07-10T00:48:14+08:00,btc-updown-5m-1783615500,https://polymarket.com/zh/event/btc-updown-5m-1783615500,00:45-00:50,4.00,97.00,3.00,96.00,608.94,1082.75,1009.83,1188.94,3.50,96.50,1.00,1.00,6344.05,15048.79,15048.78,6436.97,3,96,96,3,62672.27,62586.50,,
2026-07-10T00:48:16+08:00,btc-updown-5m-1783615500,https://polymarket.com/zh/event/btc-updown-5m-1783615500,00:45-00:50,4.00,97.00,3.00,96.00,1219.88,1009.83,1034.83,1199.88,3.50,96.50,1.00,1.00,6544.62,15058.79,15038.78,6509.62,3,96,96,3,62672.27,62586.50,,
2026-07-10T00:48:18+08:00,btc-updown-5m-1783615500,https://polymarket.com/zh/event/btc-updown-5m-1783615500,00:45-00:50,4.00,97.00,3.00,96.00,314.91,1191.52,1177.87,314.91,3.50,96.50,1.00,1.00,8087.35,15048.79,15053.78,8101.00,3,96,96,3,62672.27,62586.51,,
2026-07-10T00:48:20+08:00,btc-updown-5m-1783615500,https://polymarket.com/zh/event/btc-updown-5m-1783615500,00:45-00:50,4.00,97.00,3.00,96.00,558.53,1041.72,1224.72,440.84,3.50,96.50,1.00,1.00,6964.20,14805.44,14780.43,6842.20,3,96,96,3,62672.27,62592.01,,
2026-07-10T00:48:22+08:00,btc-updown-5m-1783615500,https://polymarket.com/zh/event/btc-updown-5m-1783615500,00:45-00:50,4.00,97.00,3.00,96.00,1339.12,720.45,751.20,1344.12,3.50,96.50,1.00,1.00,6772.99,14790.43,14780.43,6747.24,3,96,96,3,62672.27,62586.50,,
2026-07-10T00:48:24+08:00,btc-updown-5m-1783615500,https://polymarket.com/zh/event/btc-updown-5m-1783615500,00:45-00:50,4.00,97.00,3.00,96.00,1095.59,708.29,493.28,313.49,3.50,96.50,1.00,1.00,6475.07,14795.44,14800.43,6835.08,3,96,96,3,62672.27,62586.97,,
2026-07-10T00:48:26+08:00,btc-updown-5m-1783615500,https://polymarket.com/zh/event/btc-updown-5m-1783615500,00:45-00:50,5.00,96.00,4.00,95.00,1536.45,236.83,211.83,1536.45,4.50,95.50,1.00,1.00,7187.54,14710.43,14735.43,6587.54,4,95,95,4,62672.27,62593.01,,
2026-07-10T00:48:28+08:00,btc-updown-5m-1783615500,https://polymarket.com/zh/event/btc-updown-5m-1783615500,00:45-00:50,4.00,97.00,3.00,96.00,1680.96,442.22,436.47,1680.96,3.50,96.50,1.00,1.00,5740.37,14785.43,14805.43,5746.12,3,96,96,3,62672.27,62588.98,,
2026-07-10T00:48:30+08:00,btc-updown-5m-1783615500,https://polymarket.com/zh/event/btc-updown-5m-1783615500,00:45-00:50,4.00,97.00,3.00,96.00,1342.25,315.79,341.72,1342.25,3.50,96.50,1.00,1.00,4718.62,14785.43,14790.43,4692.69,3,96,96,3,62672.27,62589.44,,
2026-07-10T00:48:32+08:00,btc-updown-5m-1783615500,https://polymarket.com/zh/event/btc-updown-5m-1783615500,00:45-00:50,4.00,97.00,3.00,96.00,431.63,244.99,278.79,540.85,3.50,96.50,1.00,1.00,5962.75,14705.43,14720.43,5903.95,3,96,96,3,62672.27,62592.24,,
2026-07-10T00:48:34+08:00,btc-updown-5m-1783615500,https://polymarket.com/zh/event/btc-updown-5m-1783615500,00:45-00:50,4.00,97.00,3.00,96.00,1126.57,595.54,160.73,260.45,3.50,96.50,1.00,1.00,6023.69,14795.43,14805.43,6562.50,3,96,96,3,62672.27,62592.24,,
2026-07-10T00:48:36+08:00,btc-updown-5m-1783615500,https://polymarket.com/zh/event/btc-updown-5m-1783615500,00:45-00:50,4.00,97.00,3.00,96.00,23.82,858.26,858.26,23.82,3.50,96.50,1.00,1.00,6532.13,14715.43,14715.43,6532.13,3,96,96,3,62672.27,62594.23,,
2026-07-10T00:48:38+08:00,btc-updown-5m-1783615500,https://polymarket.com/zh/event/btc-updown-5m-1783615500,00:45-00:50,5.00,96.00,4.00,95.00,116.00,1059.03,1064.03,116.00,4.50,95.50,1.00,1.00,8610.46,14705.43,14720.43,8600.46,4,95,95,4,62672.27,62603.45,,
2026-07-10T00:48:40+08:00,btc-updown-5m-1783615500,https://polymarket.com/zh/event/btc-updown-5m-1783615500,00:45-00:50,5.00,96.00,4.00,95.00,289.96,743.50,748.50,304.96,4.50,95.50,1.00,1.00,7989.93,14700.43,14720.43,8000.93,4,95,95,4,62672.27,62603.45,,
2026-07-10T00:48:42+08:00,btc-updown-5m-1783615500,https://polymarket.com/zh/event/btc-updown-5m-1783615500,00:45-00:50,6.00,95.00,5.00,94.00,1923.05,126.54,158.92,1981.81,5.50,94.50,1.00,1.00,7471.16,14715.44,14715.43,7008.78,5,94,94,5,62672.27,62605.32,,
2026-07-10T00:48:44+08:00,btc-updown-5m-1783615500,https://polymarket.com/zh/event/btc-updown-5m-1783615500,00:45-00:50,5.00,95.00,4.00,94.00,10.00,639.11,1392.80,542.34,4.50,94.50,1.00,1.00,8849.18,14780.44,14790.43,9358.32,4,95,94,5,62672.27,62605.26,,
2026-07-10T00:48:46+08:00,btc-updown-5m-1783615500,https://polymarket.com/zh/event/btc-updown-5m-1783615500,00:45-00:50,6.00,95.00,5.00,94.00,1267.14,131.50,139.50,1257.14,5.50,94.50,1.00,1.00,7317.97,14759.43,14774.43,7184.97,5,94,94,5,62672.27,62611.91,,
2026-07-10T00:48:49+08:00,btc-updown-5m-1783615500,https://polymarket.com/zh/event/btc-updown-5m-1783615500,00:45-00:50,5.00,96.00,4.00,95.00,359.61,1027.24,649.98,291.18,4.50,95.50,1.00,1.00,8116.37,14779.43,14764.43,8414.33,4,95,95,4,62672.27,62609.14,,
2026-07-10T00:48:51+08:00,btc-updown-5m-1783615500,https://polymarket.com/zh/event/btc-updown-5m-1783615500,00:45-00:50,5.00,96.00,4.00,95.00,15.00,1109.81,1109.81,15.00,4.50,95.50,1.00,1.00,9098.20,14704.44,14704.43,9098.20,4,95,95,4,62672.27,62610.76,,
2026-07-10T00:48:53+08:00,btc-updown-5m-1783615500,https://polymarket.com/zh/event/btc-updown-5m-1783615500,00:45-00:50,5.00,96.00,4.00,95.00,1046.12,434.95,327.88,813.76,4.50,95.50,1.00,1.00,7000.57,14779.43,14764.43,7167.64,4,95,95,4,62672.27,62614.00,,
2026-07-10T00:48:55+08:00,btc-updown-5m-1783615500,https://polymarket.com/zh/event/btc-updown-5m-1783615500,00:45-00:50,5.00,96.00,4.00,95.00,853.16,260.83,366.90,853.16,4.50,95.50,1.00,1.00,6505.59,14715.43,14730.44,5647.52,4,95,95,4,62672.27,62608.44,,
2026-07-10T00:48:57+08:00,btc-updown-5m-1783615500,https://polymarket.com/zh/event/btc-updown-5m-1783615500,00:45-00:50,3.00,98.00,2.00,97.00,479.01,368.34,400.36,551.95,2.50,97.50,1.00,1.00,3872.00,14586.53,14565.94,3724.98,2,97,97,2,62672.27,62606.28,,
2026-07-10T00:48:59+08:00,btc-updown-5m-1783615500,https://polymarket.com/zh/event/btc-updown-5m-1783615500,00:45-00:50,2.00,99.00,1.00,98.00,1166.91,4057.69,4057.82,1166.91,1.50,98.50,1.00,1.00,4057.82,14449.94,14449.95,4057.69,1,98,98,1,62672.27,62606.28,,
2026-07-10T00:49:01+08:00,btc-updown-5m-1783615500,https://polymarket.com/zh/event/btc-updown-5m-1783615500,00:45-00:50,2.00,99.00,1.00,98.00,899.41,2574.77,2580.85,899.41,1.50,98.50,1.00,1.00,2580.85,17620.94,17110.95,2574.77,1,98,98,1,62672.27,62610.60,,
2026-07-10T00:49:03+08:00,btc-updown-5m-1783615500,https://polymarket.com/zh/event/btc-updown-5m-1783615500,00:45-00:50,2.00,99.00,1.00,98.00,941.87,2226.16,2236.08,951.87,1.50,98.50,1.00,1.00,2236.08,16706.94,16691.94,2226.16,1,98,98,1,62672.27,62605.68,,
2026-07-10T00:49:05+08:00,btc-updown-5m-1783615500,https://polymarket.com/zh/event/btc-updown-5m-1783615500,00:45-00:50,5.00,96.00,4.00,95.00,406.00,235.48,237.48,386.00,4.50,95.50,1.00,1.00,3692.89,16388.60,16388.60,3867.80,4,95,95,4,62672.27,62618.72,,
2026-07-10T00:49:07+08:00,btc-updown-5m-1783615500,https://polymarket.com/zh/event/btc-updown-5m-1783615500,00:45-00:50,4.00,97.00,3.00,96.00,65.42,240.90,251.21,65.42,3.50,96.50,1.00,1.00,3722.19,16383.61,16398.60,3706.88,3,96,96,3,62672.27,62615.97,,
2026-07-10T00:49:09+08:00,btc-updown-5m-1783615500,https://polymarket.com/zh/event/btc-updown-5m-1783615500,00:45-00:50,4.00,97.00,3.00,96.00,72.37,317.20,318.74,72.37,3.50,96.50,1.00,1.00,3689.72,16393.60,16378.60,4208.18,3,96,96,3,62672.27,62620.89,,
2026-07-10T00:49:11+08:00,btc-updown-5m-1783615500,https://polymarket.com/zh/event/btc-updown-5m-1783615500,00:45-00:50,5.00,96.00,4.00,95.00,449.59,23.31,23.31,444.59,4.50,95.50,1.00,1.00,3316.68,16453.60,16463.60,3311.68,4,95,95,4,62672.27,62620.89,,
2026-07-10T00:49:13+08:00,btc-updown-5m-1783615500,https://polymarket.com/zh/event/btc-updown-5m-1783615500,00:45-00:50,2.00,99.00,1.00,98.00,105.00,512.14,1051.84,125.00,1.50,98.50,1.00,1.00,1051.84,16426.46,16421.45,512.14,1,98,98,1,62672.27,62608.74,,
2026-07-10T00:49:15+08:00,btc-updown-5m-1783615500,https://polymarket.com/zh/event/btc-updown-5m-1783615500,00:45-00:50,1.00,,,99.00,427.47,,,513.23,,,,,,16441.45,16431.45,,0,99,99,0,62672.27,62605.32,,
2026-07-10T00:49:17+08:00,btc-updown-5m-1783615500,https://polymarket.com/zh/event/btc-updown-5m-1783615500,00:45-00:50,1.00,,,99.00,623.23,,,618.23,,,,,,16436.45,16431.45,,0,99,99,0,62672.27,62606.68,,
2026-07-10T00:49:19+08:00,btc-updown-5m-1783615500,https://polymarket.com/zh/event/btc-updown-5m-1783615500,00:45-00:50,1.00,,,99.00,1053.23,,,1053.23,,,,,,16436.45,16431.45,,0,99,99,0,62672.27,62606.78,,
2026-07-10T00:49:21+08:00,btc-updown-5m-1783615500,https://polymarket.com/zh/event/btc-updown-5m-1783615500,00:45-00:50,1.00,,,99.00,581.96,,,581.96,,,,,,16436.45,16426.45,,0,99,99,0,62672.27,62606.78,,
2026-07-10T00:49:23+08:00,btc-updown-5m-1783615500,https://polymarket.com/zh/event/btc-updown-5m-1783615500,00:45-00:50,1.00,,,99.00,446.96,,,387.96,,,,,,16436.45,16426.45,,0,99,99,0,62672.27,62606.78,,
2026-07-10T00:49:25+08:00,btc-updown-5m-1783615500,https://polymarket.com/zh/event/btc-updown-5m-1783615500,00:45-00:50,1.00,,,99.00,1482.96,,,1482.96,,,,,,16376.45,16341.45,,0,99,99,0,62672.27,62605.30,,
2026-07-10T00:49:27+08:00,btc-updown-5m-1783615500,https://polymarket.com/zh/event/btc-updown-5m-1783615500,00:45-00:50,1.00,,,99.00,6940.59,,,7040.59,,,,,,16361.45,16341.45,,0,99,99,0,62672.27,62600.58,,
2026-07-10T00:49:29+08:00,btc-updown-5m-1783615500,https://polymarket.com/zh/event/btc-updown-5m-1783615500,00:45-00:50,1.00,,,99.00,8183.69,,,8183.69,,,,,,15838.45,15813.45,,0,99,99,0,62672.27,62600.58,,
2026-07-10T00:49:31+08:00,btc-updown-5m-1783615500,https://polymarket.com/zh/event/btc-updown-5m-1783615500,00:45-00:50,1.00,,,99.00,11159.74,,,11917.32,,,,,,12959.79,12939.79,,0,99,99,0,62672.27,62599.41,,
2026-07-10T00:49:33+08:00,btc-updown-5m-1783615500,https://polymarket.com/zh/event/btc-updown-5m-1783615500,00:45-00:50,1.00,,,99.00,14766.32,,,14771.32,,,,,,12994.79,12974.79,,0,99,99,0,62672.27,62599.41,,
2026-07-10T00:49:35+08:00,btc-updown-5m-1783615500,https://polymarket.com/zh/event/btc-updown-5m-1783615500,00:45-00:50,1.00,,,99.00,14179.22,,,14184.22,,,,,,11358.80,11342.80,,0,99,99,0,62672.27,62599.41,,
2026-07-10T00:49:37+08:00,btc-updown-5m-1783615500,https://polymarket.com/zh/event/btc-updown-5m-1783615500,00:45-00:50,1.00,,,99.00,14969.22,,,14969.22,,,,,,11342.80,11342.80,,0,99,99,0,62672.27,62602.65,,
2026-07-10T00:49:39+08:00,btc-updown-5m-1783615500,https://polymarket.com/zh/event/btc-updown-5m-1783615500,00:45-00:50,1.00,,,99.00,20431.26,,,20451.26,,,,,,11357.80,11347.80,,0,99,99,0,62672.27,62599.40,,
2026-07-10T00:49:41+08:00,btc-updown-5m-1783615500,https://polymarket.com/zh/event/btc-updown-5m-1783615500,00:45-00:50,1.00,,,99.00,27943.36,,,28393.36,,,,,,11362.80,11342.80,,0,99,99,0,62672.27,62597.76,,
2026-07-10T00:49:43+08:00,btc-updown-5m-1783615500,https://polymarket.com/zh/event/btc-updown-5m-1783615500,00:45-00:50,1.00,,,99.00,29800.36,,,29800.36,,,,,,11352.80,11347.80,,0,99,99,0,62672.27,62597.76,,
2026-07-10T00:49:45+08:00,btc-updown-5m-1783615500,https://polymarket.com/zh/event/btc-updown-5m-1783615500,00:45-00:50,1.00,,,99.00,31179.19,,,31179.19,,,,,,10463.21,10438.21,,0,99,99,0,62672.27,62595.66,,
2026-07-10T00:49:47+08:00,btc-updown-5m-1783615500,https://polymarket.com/zh/event/btc-updown-5m-1783615500,00:45-00:50,1.00,,,99.00,32349.70,,,32349.70,,,,,,9685.21,9655.21,,0,99,99,0,62672.27,62594.64,,
2026-07-10T00:49:49+08:00,btc-updown-5m-1783615500,https://polymarket.com/zh/event/btc-updown-5m-1783615500,00:45-00:50,1.00,,,99.00,32354.70,,,32354.70,,,,,,10193.21,10198.21,,0,83,83,0,62672.27,62594.64,,
2026-07-10T00:49:51+08:00,btc-updown-5m-1783615500,https://polymarket.com/zh/event/btc-updown-5m-1783615500,00:45-00:50,1.00,,,99.00,32969.39,,,33973.13,,,,,,10198.21,10188.21,,0,81,81,0,62672.27,62594.63,,
2026-07-10T00:49:53+08:00,btc-updown-5m-1783615500,https://polymarket.com/zh/event/btc-updown-5m-1783615500,00:45-00:50,1.00,,,99.00,34231.49,,,34231.49,,,,,,10198.21,10193.21,,0,81,81,0,62672.27,62601.81,,
2026-07-10T00:49:55+08:00,btc-updown-5m-1783615500,https://polymarket.com/zh/event/btc-updown-5m-1783615500,00:45-00:50,1.00,,,99.00,35630.33,,,35832.33,,,,,,9918.21,10903.21,,0,78,78,0,62672.27,62601.71,,
2026-07-10T00:49:57+08:00,btc-updown-5m-1783615500,https://polymarket.com/zh/event/btc-updown-5m-1783615500,00:45-00:50,1.00,,,99.00,61853.19,,,49889.19,,,,,,10898.22,10888.21,,0,78,78,0,62672.27,62601.72,,
2026-07-10T00:49:59+08:00,btc-updown-5m-1783615500,https://polymarket.com/zh/event/btc-updown-5m-1783615500,00:45-00:50,1.00,,,99.00,66530.66,,,66595.66,,,,,,12004.86,11456.86,,0,85,83,0,62672.27,62604.84,,
2026-07-10T00:50:02+08:00,btc-updown-5m-1783615800,https://polymarket.com/zh/event/btc-updown-5m-1783615800,00:50-00:55,50.00,51.00,49.00,50.00,10.00,361.36,361.36,10.00,49.50,50.50,1.00,1.00,17805.08,16215.85,16215.85,17805.08,49,50,50,49,62601.02,62601.02,,
2026-07-10T00:50:04+08:00,btc-updown-5m-1783615800,https://polymarket.com/zh/event/btc-updown-5m-1783615800,00:50-00:55,52.00,49.00,51.00,48.00,1004.59,335.70,326.84,983.76,51.50,48.50,1.00,1.00,21474.08,19793.84,19793.84,21489.09,51,48,48,51,62601.02,62601.01,,
2026-07-10T00:50:06+08:00,btc-updown-5m-1783615800,https://polymarket.com/zh/event/btc-updown-5m-1783615800,00:50-00:55,52.00,49.00,51.00,48.00,1096.27,326.67,326.67,1075.19,51.50,48.50,1.00,1.00,22024.08,19917.84,19922.84,22019.08,51,48,48,51,62601.02,62601.01,,
2026-07-10T00:50:08+08:00,btc-updown-5m-1783615800,https://polymarket.com/zh/event/btc-updown-5m-1783615800,00:50-00:55,50.00,51.00,49.00,50.00,683.79,309.42,309.42,699.79,49.50,50.50,1.00,1.00,21535.08,20034.84,19028.85,21535.08,49,50,50,49,62601.02,62601.01,,
2026-07-10T00:50:10+08:00,btc-updown-5m-1783615800,https://polymarket.com/zh/event/btc-updown-5m-1783615800,00:50-00:55,50.00,51.00,49.00,50.00,1267.27,134.81,134.81,1242.27,49.50,50.50,1.00,1.00,20520.08,19014.84,19013.84,20525.08,49,50,50,49,62601.02,62601.01,,
2026-07-10T00:50:12+08:00,btc-updown-5m-1783615800,https://polymarket.com/zh/event/btc-updown-5m-1783615800,00:50-00:55,48.00,54.00,47.00,53.00,2429.77,89.72,32.72,637.67,47.50,53.50,1.00,1.00,21441.11,18683.54,18697.54,21441.11,47,52,53,46,62601.02,62599.84,,
2026-07-10T00:50:14+08:00,btc-updown-5m-1783615800,https://polymarket.com/zh/event/btc-updown-5m-1783615800,00:50-00:55,47.00,54.00,46.00,53.00,2224.49,3.62,9.74,2260.97,46.50,53.50,1.00,1.00,22196.71,17292.54,17307.55,22310.91,46,53,53,46,62601.02,62595.11,,
2026-07-10T00:50:16+08:00,btc-updown-5m-1783615800,https://polymarket.com/zh/event/btc-updown-5m-1783615800,00:50-00:55,46.00,55.00,45.00,54.00,1937.85,51.98,56.13,1937.85,45.50,54.50,1.00,1.00,22365.11,18437.54,18446.55,22365.11,45,54,54,45,62601.02,62595.10,,
2026-07-10T00:50:18+08:00,btc-updown-5m-1783615800,https://polymarket.com/zh/event/btc-updown-5m-1783615800,00:50-00:55,44.00,58.00,42.00,57.00,429.22,258.03,196.78,332.49,43.00,57.50,2.00,1.00,22365.11,17861.55,17846.55,22375.11,42,56,57,42,62601.02,62586.52,,
2026-07-10T00:50:20+08:00,btc-updown-5m-1783615800,https://polymarket.com/zh/event/btc-updown-5m-1783615800,00:50-00:55,43.00,58.00,42.00,57.00,1471.76,293.40,313.40,1471.76,42.50,57.50,1.00,1.00,22385.11,17855.55,17855.55,22385.11,42,57,57,42,62601.02,62589.32,,
2026-07-10T00:50:22+08:00,btc-updown-5m-1783615800,https://polymarket.com/zh/event/btc-updown-5m-1783615800,00:50-00:55,43.00,58.00,42.00,57.00,829.92,1463.88,1463.88,829.92,42.50,57.50,1.00,1.00,22577.77,17998.20,18250.81,22577.77,42,57,57,42,62601.02,62592.80,,
2026-07-10T00:50:24+08:00,btc-updown-5m-1783615800,https://polymarket.com/zh/event/btc-updown-5m-1783615800,00:50-00:55,44.00,56.00,43.00,53.00,117.95,588.07,1714.65,568.31,43.50,54.50,1.00,3.00,23312.66,18651.10,18661.10,23372.36,43,56,53,44,62601.02,62596.47,,
2026-07-10T00:50:26+08:00,btc-updown-5m-1783615800,https://polymarket.com/zh/event/btc-updown-5m-1783615800,00:50-00:55,46.00,55.00,45.00,54.00,1759.24,65.00,65.00,1851.24,45.50,54.50,1.00,1.00,23669.35,19196.18,19811.19,23679.35,45,54,54,45,62601.02,62593.35,,
2026-07-10T00:50:28+08:00,btc-updown-5m-1783615800,https://polymarket.com/zh/event/btc-updown-5m-1783615800,00:50-00:55,46.00,55.00,45.00,54.00,869.99,2043.23,2043.23,865.49,45.50,54.50,1.00,1.00,23991.75,19731.18,19726.18,24001.75,45,54,54,45,62601.02,62596.04,,
2026-07-10T00:50:30+08:00,btc-updown-5m-1783615800,https://polymarket.com/zh/event/btc-updown-5m-1783615800,00:50-00:55,42.00,59.00,41.00,58.00,131.53,311.00,311.00,356.53,41.50,58.50,1.00,1.00,23936.75,19146.19,19136.19,23941.75,41,58,58,41,62601.02,62586.19,,
2026-07-10T00:50:33+08:00,btc-updown-5m-1783615800,https://polymarket.com/zh/event/btc-updown-5m-1783615800,00:50-00:55,41.00,67.00,40.00,61.00,49.00,561.06,267.45,10.00,40.50,64.00,1.00,6.00,23946.75,19142.19,18767.19,23461.75,40,59,61,33,62601.02,62578.92,,
2026-07-10T00:50:35+08:00,btc-updown-5m-1783615800,https://polymarket.com/zh/event/btc-updown-5m-1783615800,00:50-00:55,36.00,65.00,35.00,64.00,1421.75,77.66,77.66,1543.09,35.50,64.50,1.00,1.00,23251.76,18908.18,18913.18,23146.76,35,64,64,35,62601.02,62578.29,,
2026-07-10T00:50:37+08:00,btc-updown-5m-1783615800,https://polymarket.com/zh/event/btc-updown-5m-1783615800,00:50-00:55,33.00,68.00,32.00,67.00,1568.10,902.45,1502.45,1552.94,32.50,67.50,1.00,1.00,23267.88,18928.18,18908.18,25267.88,32,67,67,32,62601.02,62574.39,,
2026-07-10T00:50:39+08:00,btc-updown-5m-1783615800,https://polymarket.com/zh/event/btc-updown-5m-1783615800,00:50-00:55,33.00,68.00,32.00,67.00,1381.49,892.69,892.69,1381.49,32.50,67.50,1.00,1.00,25287.88,18923.18,18922.18,25292.88,32,67,67,32,62601.02,62574.38,,
2026-07-10T00:50:41+08:00,btc-updown-5m-1783615800,https://polymarket.com/zh/event/btc-updown-5m-1783615800,00:50-00:55,34.00,65.00,33.00,62.00,249.00,18.91,1818.76,576.36,33.50,63.50,1.00,3.00,25272.88,18933.18,18952.20,25272.88,33,66,62,35,62601.02,62582.16,,
2026-07-10T00:50:43+08:00,btc-updown-5m-1783615800,https://polymarket.com/zh/event/btc-updown-5m-1783615800,00:50-00:55,38.00,63.00,37.00,62.00,1245.33,214.52,234.42,1238.26,37.50,62.50,1.00,1.00,25362.88,18857.18,18843.18,25352.88,37,62,62,37,62601.02,62582.17,,
2026-07-10T00:50:45+08:00,btc-updown-5m-1783615800,https://polymarket.com/zh/event/btc-updown-5m-1783615800,00:50-00:55,38.00,63.00,37.00,62.00,66.15,959.51,841.69,46.94,37.50,62.50,1.00,1.00,25347.88,18847.18,18857.19,25357.88,37,62,62,37,62601.02,62586.49,,
2026-07-10T00:50:47+08:00,btc-updown-5m-1783615800,https://polymarket.com/zh/event/btc-updown-5m-1783615800,00:50-00:55,41.00,60.00,40.00,59.00,139.48,1720.70,1294.69,34.48,40.50,59.50,1.00,1.00,25357.88,18862.18,18867.19,25352.88,40,59,59,40,62601.02,62586.49,,
2026-07-10T00:50:49+08:00,btc-updown-5m-1783615800,https://polymarket.com/zh/event/btc-updown-5m-1783615800,00:50-00:55,40.00,61.00,39.00,60.00,1376.81,186.87,210.80,1448.81,39.50,60.50,1.00,1.00,25382.88,18922.18,18927.19,25382.88,39,60,60,39,62601.02,62581.35,,
2026-07-10T00:50:51+08:00,btc-updown-5m-1783615800,https://polymarket.com/zh/event/btc-updown-5m-1783615800,00:50-00:55,38.00,63.00,37.00,62.00,2120.45,207.13,257.13,2164.75,37.50,62.50,1.00,1.00,24647.88,18238.18,18232.18,24667.88,37,62,62,37,62601.02,62581.35,,
2026-07-10T00:50:53+08:00,btc-updown-5m-1783615800,https://polymarket.com/zh/event/btc-updown-5m-1783615800,00:50-00:55,38.00,63.00,37.00,62.00,1476.73,304.66,304.66,1460.10,37.50,62.50,1.00,1.00,24667.88,18243.18,18227.18,24652.88,37,62,62,37,62601.02,62581.35,,
2026-07-10T00:50:55+08:00,btc-updown-5m-1783615800,https://polymarket.com/zh/event/btc-updown-5m-1783615800,00:50-00:55,38.00,63.00,37.00,62.00,1556.54,98.70,104.70,1556.54,37.50,62.50,1.00,1.00,24652.88,18227.18,18221.18,24652.88,37,62,62,37,62601.02,62581.35,,
2026-07-10T00:50:57+08:00,btc-updown-5m-1783615800,https://polymarket.com/zh/event/btc-updown-5m-1783615800,00:50-00:55,35.00,65.00,34.00,64.00,5.00,99.44,51.11,182.81,34.50,64.50,1.00,1.00,24647.88,18241.19,18251.18,24672.88,33,65,64,35,62601.02,62581.33,,
2026-07-10T00:51:00+08:00,btc-updown-5m-1783615800,https://polymarket.com/zh/event/btc-updown-5m-1783615800,00:50-00:55,34.00,67.00,33.00,66.00,1348.97,973.32,973.32,1248.98,33.50,66.50,1.00,1.00,29477.88,25038.18,25048.18,29477.88,33,66,66,33,62601.02,62578.19,,
2026-07-10T00:51:02+08:00,btc-updown-5m-1783615800,https://polymarket.com/zh/event/btc-updown-5m-1783615800,00:50-00:55,34.00,67.00,33.00,66.00,924.46,675.01,1794.07,1113.09,33.50,66.50,1.00,1.00,29529.88,25014.19,25025.18,29539.88,33,66,66,33,62601.02,62577.86,,
2026-07-10T00:51:04+08:00,btc-updown-5m-1783615800,https://polymarket.com/zh/event/btc-updown-5m-1783615800,00:50-00:55,33.00,68.00,32.00,66.00,821.99,439.89,339.89,1005.68,32.50,67.00,1.00,2.00,29489.88,25020.18,25015.18,29489.88,32,67,66,32,62601.02,62572.83,,
2026-07-10T00:51:06+08:00,btc-updown-5m-1783615800,https://polymarket.com/zh/event/btc-updown-5m-1783615800,00:50-00:55,33.00,68.00,32.00,67.00,118.26,1394.05,1399.05,109.82,32.50,67.50,1.00,1.00,29318.11,24865.18,24870.19,29308.11,32,67,67,32,62601.02,62572.83,,
2026-07-10T00:51:09+08:00,btc-updown-5m-1783615800,https://polymarket.com/zh/event/btc-updown-5m-1783615800,00:50-00:55,30.00,71.00,28.00,70.00,24.66,40.71,175.03,24.66,29.00,70.50,2.00,1.00,24869.11,24700.19,24715.19,24824.11,28,69,69,29,62601.02,62565.01,,
2026-07-10T00:51:11+08:00,btc-updown-5m-1783615800,https://polymarket.com/zh/event/btc-updown-5m-1783615800,00:50-00:55,27.00,74.00,26.00,73.00,828.24,881.67,936.52,853.24,26.50,73.50,1.00,1.00,25224.11,24470.18,24449.18,25224.11,26,73,73,26,62601.02,62565.00,,
2026-07-10T00:51:13+08:00,btc-updown-5m-1783615800,https://polymarket.com/zh/event/btc-updown-5m-1783615800,00:50-00:55,27.00,74.00,26.00,73.00,1476.44,770.19,590.44,698.55,26.50,73.50,1.00,1.00,24952.11,24188.19,24204.18,24967.11,26,73,73,26,62601.02,62565.01,,
2026-07-10T00:51:15+08:00,btc-updown-5m-1783615800,https://polymarket.com/zh/event/btc-updown-5m-1783615800,00:50-00:55,27.00,74.00,26.00,73.00,646.43,42.06,654.74,974.70,26.50,73.50,1.00,1.00,24967.11,24199.18,24203.19,24972.11,26,73,73,26,62601.02,62563.69,,
2026-07-10T00:51:17+08:00,btc-updown-5m-1783615800,https://polymarket.com/zh/event/btc-updown-5m-1783615800,00:50-00:55,25.00,76.00,24.00,75.00,1487.90,832.71,833.79,1372.58,24.50,75.50,1.00,1.00,24967.11,24115.18,24116.19,24894.11,24,75,75,24,62601.02,62561.88,,
2026-07-10T00:51:19+08:00,btc-updown-5m-1783615800,https://polymarket.com/zh/event/btc-updown-5m-1783615800,00:50-00:55,27.00,74.00,26.00,73.00,1561.06,553.56,553.56,1588.58,26.50,73.50,1.00,1.00,24904.11,24100.18,24131.19,24904.11,26,73,73,26,62601.02,62561.88,,
2026-07-10T00:51:21+08:00,btc-updown-5m-1783615800,https://polymarket.com/zh/event/btc-updown-5m-1783615800,00:50-00:55,26.00,75.00,25.00,74.00,1139.32,439.01,416.51,1179.32,25.50,74.50,1.00,1.00,25349.11,24115.18,24121.18,25354.11,25,74,74,25,62601.02,62561.87,,
2026-07-10T00:51:23+08:00,btc-updown-5m-1783615800,https://polymarket.com/zh/event/btc-updown-5m-1783615800,00:50-00:55,25.00,76.00,24.00,75.00,1150.19,722.63,660.90,1106.39,24.50,75.50,1.00,1.00,25343.11,24115.18,24115.18,25343.11,24,75,75,24,62601.02,62558.75,,
2026-07-10T00:51:25+08:00,btc-updown-5m-1783615800,https://polymarket.com/zh/event/btc-updown-5m-1783615800,00:50-00:55,25.00,76.00,24.00,75.00,1554.46,740.20,740.20,1512.83,24.50,75.50,1.00,1.00,26475.71,24100.18,24126.18,26475.71,24,75,75,24,62601.02,62558.75,,
2026-07-10T00:51:27+08:00,btc-updown-5m-1783615800,https://polymarket.com/zh/event/btc-updown-5m-1783615800,00:50-00:55,25.00,76.00,24.00,75.00,727.19,982.16,1041.02,727.19,24.50,75.50,1.00,1.00,23795.71,23956.18,23950.20,23785.71,24,75,75,24,62601.02,62558.76,,
2026-07-10T00:51:29+08:00,btc-updown-5m-1783615800,https://polymarket.com/zh/event/btc-updown-5m-1783615800,00:50-00:55,22.00,79.00,21.00,78.00,90.12,1182.35,1163.45,1335.41,21.50,78.50,1.00,1.00,24926.11,23965.48,23955.48,25084.23,21,78,78,21,62601.02,62548.95,,
2026-07-10T00:51:31+08:00,btc-updown-5m-1783615800,https://polymarket.com/zh/event/btc-updown-5m-1783615800,00:50-00:55,22.00,79.00,21.00,78.00,1845.22,983.63,984.90,1828.99,21.50,78.50,1.00,1.00,25427.23,23484.48,23499.49,25227.23,21,78,78,21,62601.02,62548.95,,
2026-07-10T00:51:33+08:00,btc-updown-5m-1783615800,https://polymarket.com/zh/event/btc-updown-5m-1783615800,00:50-00:55,22.00,79.00,21.00,78.00,2035.07,1756.90,826.48,1737.19,21.50,78.50,1.00,1.00,24502.23,23489.48,23509.49,24447.23,21,78,78,21,62601.02,62548.95,,
2026-07-10T00:51:35+08:00,btc-updown-5m-1783615800,https://polymarket.com/zh/event/btc-updown-5m-1783615800,00:50-00:55,27.00,74.00,26.00,73.00,780.59,719.56,780.40,780.59,26.50,73.50,1.00,1.00,25327.01,23420.48,23429.48,25327.01,26,73,73,26,62601.02,62564.01,,
2026-07-10T00:51:37+08:00,btc-updown-5m-1783615800,https://polymarket.com/zh/event/btc-updown-5m-1783615800,00:50-00:55,30.00,70.00,29.00,69.00,62.41,15.00,1045.78,288.00,29.50,69.50,1.00,1.00,26683.11,23419.49,23420.49,26661.11,29,70,69,30,62601.02,62570.04,,
2026-07-10T00:51:39+08:00,btc-updown-5m-1783615800,https://polymarket.com/zh/event/btc-updown-5m-1783615800,00:50-00:55,31.00,70.00,30.00,69.00,90.54,2227.10,2232.10,90.54,30.50,69.50,1.00,1.00,26611.11,23415.48,23425.48,26621.11,30,69,69,30,62601.02,62571.91,,
2026-07-10T00:51:41+08:00,btc-updown-5m-1783615800,https://polymarket.com/zh/event/btc-updown-5m-1783615800,00:50-00:55,30.00,71.00,29.00,70.00,632.97,958.94,808.37,427.20,29.50,70.50,1.00,1.00,26501.11,23414.49,23395.48,26586.11,29,70,70,29,62601.02,62561.40,,
2026-07-10T00:51:43+08:00,btc-updown-5m-1783615800,https://polymarket.com/zh/event/btc-updown-5m-1783615800,00:50-00:55,32.00,69.00,31.00,68.00,875.44,55.61,538.86,1537.99,31.50,68.50,1.00,1.00,26486.11,23315.49,23309.48,26481.11,31,68,68,31,62601.02,62573.59,,
2026-07-10T00:51:45+08:00,btc-updown-5m-1783615800,https://polymarket.com/zh/event/btc-updown-5m-1783615800,00:50-00:55,29.00,72.00,28.00,71.00,1273.01,150.61,163.61,1270.01,28.50,71.50,1.00,1.00,26496.11,23399.49,23389.48,26496.11,28,71,71,28,62601.02,62568.41,,
2026-07-10T00:51:47+08:00,btc-updown-5m-1783615800,https://polymarket.com/zh/event/btc-updown-5m-1783615800,00:50-00:55,29.00,72.00,28.00,71.00,1318.26,10.00,10.00,1366.07,28.50,71.50,1.00,1.00,26496.11,23395.48,23389.48,26496.11,28,71,71,28,62601.02,62568.41,,
2026-07-10T00:51:49+08:00,btc-updown-5m-1783615800,https://polymarket.com/zh/event/btc-updown-5m-1783615800,00:50-00:55,28.00,73.00,27.00,72.00,356.14,1269.91,1259.63,361.14,27.50,72.50,1.00,1.00,26496.11,23384.48,23395.48,26491.11,27,72,72,27,62601.02,62568.41,,
2026-07-10T00:51:52+08:00,btc-updown-5m-1783615800,https://polymarket.com/zh/event/btc-updown-5m-1783615800,00:50-00:55,29.00,72.00,28.00,71.00,94.27,1693.00,1671.45,91.64,28.50,71.50,1.00,1.00,26596.11,23413.91,23349.91,26586.11,28,71,71,28,62601.02,62573.58,,
2026-07-10T00:51:54+08:00,btc-updown-5m-1783615800,https://polymarket.com/zh/event/btc-updown-5m-1783615800,00:50-00:55,31.00,70.00,30.00,69.00,897.25,790.97,834.97,944.92,30.50,69.50,1.00,1.00,26576.11,23343.92,23354.91,26586.11,30,69,69,30,62601.02,62574.38,,
2026-07-10T00:51:56+08:00,btc-updown-5m-1783615800,https://polymarket.com/zh/event/btc-updown-5m-1783615800,00:50-00:55,36.00,68.00,31.00,63.00,13.93,30.00,286.00,25.00,33.50,65.50,5.00,5.00,31482.96,23445.92,23440.92,31487.96,31,64,63,32,62601.02,62582.10,,
2026-07-10T00:51:58+08:00,btc-updown-5m-1783615800,https://polymarket.com/zh/event/btc-updown-5m-1783615800,00:50-00:55,38.00,63.00,37.00,62.00,365.27,305.46,305.46,373.30,37.50,62.50,1.00,1.00,31297.96,23455.92,23455.92,31302.96,37,62,62,37,62601.02,62579.42,,
2026-07-10T00:52:04+08:00,btc-updown-5m-1783615800,https://polymarket.com/zh/event/btc-updown-5m-1783615800,00:50-00:55,27.00,74.00,26.00,73.00,309.00,515.60,506.39,307.60,26.50,73.50,1.00,1.00,26249.19,23386.91,23370.91,26344.19,26,73,73,26,62601.02,62567.69,,
2026-07-10T00:52:06+08:00,btc-updown-5m-1783615800,https://polymarket.com/zh/event/btc-updown-5m-1783615800,00:50-00:55,27.00,74.00,26.00,73.00,577.70,612.75,636.15,730.05,26.50,73.50,1.00,1.00,26315.19,23370.91,23371.91,26315.19,26,73,73,26,62601.02,62567.69,,
2026-07-10T00:52:08+08:00,btc-updown-5m-1783615800,https://polymarket.com/zh/event/btc-updown-5m-1783615800,00:50-00:55,23.00,78.00,22.00,77.00,295.67,1254.68,1287.72,321.67,22.50,77.50,1.00,1.00,24815.73,23380.91,23391.92,24810.73,22,77,77,22,62601.02,62560.78,,
2026-07-10T00:52:10+08:00,btc-updown-5m-1783615800,https://polymarket.com/zh/event/btc-updown-5m-1783615800,00:50-00:55,20.00,82.00,18.00,81.00,34.67,464.25,617.24,113.00,19.00,81.50,2.00,1.00,23615.73,23380.92,23405.92,23749.73,18,80,81,18,62601.02,62552.11,,
2026-07-10T00:52:12+08:00,btc-updown-5m-1783615800,https://polymarket.com/zh/event/btc-updown-5m-1783615800,00:50-00:55,19.00,82.00,18.00,81.00,951.28,1024.90,885.28,840.19,18.50,81.50,1.00,1.00,24546.54,23391.91,23370.91,24546.54,18,81,81,18,62601.02,62552.10,,
2026-07-10T00:52:14+08:00,btc-updown-5m-1783615800,https://polymarket.com/zh/event/btc-updown-5m-1783615800,00:50-00:55,17.00,84.00,16.00,83.00,671.51,1064.39,1039.78,700.51,16.50,83.50,1.00,1.00,23947.54,23370.91,23370.91,23952.54,16,83,83,16,62601.02,62551.36,,
2026-07-10T00:52:16+08:00,btc-updown-5m-1783615800,https://polymarket.com/zh/event/btc-updown-5m-1783615800,00:50-00:55,17.00,84.00,16.00,83.00,997.69,776.77,776.77,1062.12,16.50,83.50,1.00,1.00,24715.46,23391.91,23376.91,24710.46,16,83,83,16,62601.02,62550.00,,
2026-07-10T00:52:18+08:00,btc-updown-5m-1783615800,https://polymarket.com/zh/event/btc-updown-5m-1783615800,00:50-00:55,17.00,84.00,16.00,83.00,1000.44,697.63,697.63,974.89,16.50,83.50,1.00,1.00,25413.46,23376.91,23391.91,25413.46,16,83,83,16,62601.02,62548.54,,
2026-07-10T00:52:20+08:00,btc-updown-5m-1783615800,https://polymarket.com/zh/event/btc-updown-5m-1783615800,00:50-00:55,16.00,85.00,15.00,84.00,217.74,1293.98,1412.06,163.11,15.50,84.50,1.00,1.00,24320.46,23381.91,23386.91,24337.46,15,84,84,15,62601.02,62548.54,,
2026-07-10T00:52:22+08:00,btc-updown-5m-1783615800,https://polymarket.com/zh/event/btc-updown-5m-1783615800,00:50-00:55,25.00,76.00,24.00,75.00,121.31,867.90,523.66,115.53,24.50,75.50,1.00,1.00,24062.11,23310.92,23311.91,24132.11,24,75,75,24,62601.02,62569.31,,
2026-07-10T00:52:25+08:00,btc-updown-5m-1783615800,https://polymarket.com/zh/event/btc-updown-5m-1783615800,00:50-00:55,26.00,76.00,25.00,75.00,867.19,566.30,425.35,97.11,25.50,75.50,1.00,1.00,23787.11,23306.91,23316.91,23787.11,25,74,75,24,62601.02,62568.77,,
2026-07-10T00:52:27+08:00,btc-updown-5m-1783615800,https://polymarket.com/zh/event/btc-updown-5m-1783615800,00:50-00:55,22.00,84.00,16.00,83.00,43.00,591.30,603.30,22.16,19.00,83.50,6.00,1.00,22977.11,23310.91,23351.93,23512.71,16,77,82,16,62601.02,62556.40,,
2026-07-10T00:52:29+08:00,btc-updown-5m-1783615800,https://polymarket.com/zh/event/btc-updown-5m-1783615800,00:50-00:55,21.00,80.00,20.00,79.00,1351.06,248.42,248.42,1451.54,20.50,79.50,1.00,1.00,24121.71,23311.91,23305.91,24126.71,20,79,79,20,62601.02,62562.16,,
2026-07-10T00:52:31+08:00,btc-updown-5m-1783615800,https://polymarket.com/zh/event/btc-updown-5m-1783615800,00:50-00:55,21.00,80.00,20.00,79.00,377.19,1678.50,1671.31,1477.19,20.50,79.50,1.00,1.00,24111.11,23305.91,23315.92,24121.11,20,79,79,20,62601.02,62560.22,,
2026-07-10T00:52:33+08:00,btc-updown-5m-1783615800,https://polymarket.com/zh/event/btc-updown-5m-1783615800,00:50-00:55,23.00,78.00,22.00,77.00,452.65,1835.45,1898.12,578.99,22.50,77.50,1.00,1.00,24106.11,23310.91,23305.92,24116.11,22,77,77,22,62601.02,62569.22,,
2026-07-10T00:52:35+08:00,btc-updown-5m-1783615800,https://polymarket.com/zh/event/btc-updown-5m-1783615800,00:50-00:55,24.00,77.00,23.00,76.00,610.00,1795.39,1784.66,610.00,23.50,76.50,1.00,1.00,23672.11,23331.91,23306.91,23677.11,23,76,76,23,62601.02,62569.22,,
2026-07-10T00:52:37+08:00,btc-updown-5m-1783615800,https://polymarket.com/zh/event/btc-updown-5m-1783615800,00:50-00:55,24.00,75.00,23.00,74.00,660.78,239.10,1343.21,609.61,23.50,74.50,1.00,1.00,23641.80,23315.91,23326.91,23656.80,23,76,74,25,62601.02,62568.27,,
2026-07-10T00:52:39+08:00,btc-updown-5m-1783615800,https://polymarket.com/zh/event/btc-updown-5m-1783615800,00:50-00:55,31.00,70.00,30.00,69.00,1085.36,457.80,510.32,1070.11,30.50,69.50,1.00,1.00,30621.80,23391.91,23385.91,30606.80,30,69,69,30,62601.02,62582.00,,
2026-07-10T00:52:41+08:00,btc-updown-5m-1783615800,https://polymarket.com/zh/event/btc-updown-5m-1783615800,00:50-00:55,31.00,70.00,30.00,69.00,186.65,618.25,658.25,669.06,30.50,69.50,1.00,1.00,30571.80,23305.92,23300.91,30621.80,30,69,69,30,62601.02,62580.99,,
2026-07-10T00:52:43+08:00,btc-updown-5m-1783615800,https://polymarket.com/zh/event/btc-updown-5m-1783615800,00:50-00:55,31.00,70.00,30.00,69.00,1031.12,249.81,251.81,1031.12,30.50,69.50,1.00,1.00,30566.80,23385.92,23370.91,30556.80,30,69,69,30,62601.02,62580.99,,
2026-07-10T00:52:45+08:00,btc-updown-5m-1783615800,https://polymarket.com/zh/event/btc-updown-5m-1783615800,00:50-00:55,32.00,69.00,31.00,68.00,903.48,1035.55,1041.80,815.43,31.50,68.50,1.00,1.00,30611.80,23316.91,23305.91,30581.80,31,68,68,31,62601.02,62582.19,,
2026-07-10T00:52:47+08:00,btc-updown-5m-1783615800,https://polymarket.com/zh/event/btc-updown-5m-1783615800,00:50-00:55,35.00,66.00,33.00,63.00,34.69,540.28,2521.12,111.69,34.00,64.50,2.00,3.00,31786.80,23310.91,23311.91,31791.80,33,65,63,34,62601.02,62582.19,,
2026-07-10T00:52:49+08:00,btc-updown-5m-1783615800,https://polymarket.com/zh/event/btc-updown-5m-1783615800,00:50-00:55,38.00,63.00,37.00,62.00,1415.16,129.76,187.67,1725.16,37.50,62.50,1.00,1.00,32008.50,23542.61,23513.61,32008.50,37,62,62,37,62601.02,62590.15,,
2026-07-10T00:52:51+08:00,btc-updown-5m-1783615800,https://polymarket.com/zh/event/btc-updown-5m-1783615800,00:50-00:55,37.00,64.00,36.00,63.00,838.31,467.27,482.29,185.00,36.50,63.50,1.00,1.00,31593.50,23587.61,23582.61,31618.50,36,63,63,36,62601.02,62587.30,,
2026-07-10T00:52:53+08:00,btc-updown-5m-1783615800,https://polymarket.com/zh/event/btc-updown-5m-1783615800,00:50-00:55,37.00,64.00,36.00,63.00,1158.95,55.00,40.00,1108.24,36.50,63.50,1.00,1.00,31598.50,23598.61,23598.61,31603.50,36,63,63,36,62601.02,62588.43,,
2026-07-10T00:52:55+08:00,btc-updown-5m-1783615800,https://polymarket.com/zh/event/btc-updown-5m-1783615800,00:50-00:55,37.00,64.00,36.00,63.00,143.00,1337.55,1234.40,138.00,36.50,63.50,1.00,1.00,31598.50,23598.61,23582.61,31598.50,36,63,63,36,62601.02,62588.44,,
2026-07-10T00:52:57+08:00,btc-updown-5m-1783615800,https://polymarket.com/zh/event/btc-updown-5m-1783615800,00:50-00:55,44.00,57.00,43.00,56.00,365.74,397.30,342.30,280.45,43.50,56.50,1.00,1.00,32213.50,23532.62,23537.62,32218.50,43,56,56,43,62601.02,62597.57,,
2026-07-10T00:52:59+08:00,btc-updown-5m-1783615800,https://polymarket.com/zh/event/btc-updown-5m-1783615800,00:50-00:55,44.00,57.00,43.00,56.00,1238.58,352.74,352.74,1240.35,43.50,56.50,1.00,1.00,31991.80,23365.91,23370.91,32001.80,43,56,56,43,62601.02,62597.57,,
2026-07-10T00:53:01+08:00,btc-updown-5m-1783615800,https://polymarket.com/zh/event/btc-updown-5m-1783615800,00:50-00:55,50.00,51.00,49.00,50.00,108.90,49.00,49.00,88.90,49.50,50.50,1.00,1.00,32001.80,26320.92,26320.92,32006.80,49,50,50,49,62601.02,62600.71,,
2026-07-10T00:53:03+08:00,btc-updown-5m-1783615800,https://polymarket.com/zh/event/btc-updown-5m-1783615800,00:50-00:55,52.00,49.00,51.00,48.00,287.13,1583.04,1563.04,287.13,51.50,48.50,1.00,1.00,30830.14,26419.91,26419.91,30825.13,51,48,48,51,62601.02,62603.70,,
2026-07-10T00:53:05+08:00,btc-updown-5m-1783615800,https://polymarket.com/zh/event/btc-updown-5m-1783615800,00:50-00:55,60.00,39.00,59.00,38.00,2.41,160.00,2430.82,15.00,59.50,38.50,1.00,1.00,26847.90,28299.91,28299.91,26842.90,59,39,38,61,62601.02,62612.76,,
2026-07-10T00:53:07+08:00,btc-updown-5m-1783615800,https://polymarket.com/zh/event/btc-updown-5m-1783615800,00:50-00:55,63.00,39.00,61.00,37.00,36.00,883.94,883.94,36.00,62.00,38.00,2.00,2.00,26842.90,28112.91,28112.91,26842.90,61,37,37,61,62601.02,62628.33,,
2026-07-10T00:53:09+08:00,btc-updown-5m-1783615800,https://polymarket.com/zh/event/btc-updown-5m-1783615800,00:50-00:55,66.00,37.00,63.00,34.00,14.50,586.62,586.62,14.50,64.50,35.50,3.00,3.00,26832.90,27915.91,27915.91,26832.90,62,34,34,62,62601.02,62622.06,,
2026-07-10T00:53:11+08:00,btc-updown-5m-1783615800,https://polymarket.com/zh/event/btc-updown-5m-1783615800,00:50-00:55,71.00,31.00,69.00,29.00,6.63,35.10,118.00,11.63,70.00,30.00,2.00,2.00,26734.58,28184.91,28194.91,26734.58,67,28,29,68,62601.02,62618.13,,
2026-07-10T00:53:13+08:00,btc-updown-5m-1783615800,https://polymarket.com/zh/event/btc-updown-5m-1783615800,00:50-00:55,71.00,29.00,69.00,28.00,22.84,100.08,275.42,134.95,70.00,28.50,2.00,1.00,26701.58,27543.91,27558.91,26716.58,69,29,28,71,62601.02,62625.53,,
2026-07-10T00:53:15+08:00,btc-updown-5m-1783615800,https://polymarket.com/zh/event/btc-updown-5m-1783615800,00:50-00:55,73.00,28.00,72.00,27.00,1142.64,281.02,302.02,1201.07,72.50,27.50,1.00,1.00,26686.57,27928.91,27933.91,26696.58,72,27,27,72,62601.02,62625.53,,
2026-07-10T00:53:18+08:00,btc-updown-5m-1783615800,https://polymarket.com/zh/event/btc-updown-5m-1783615800,00:50-00:55,73.00,28.00,72.00,27.00,1174.48,204.03,207.61,1137.07,72.50,27.50,1.00,1.00,26701.57,27928.91,27933.91,26691.57,72,27,27,72,62601.02,62622.09,,
2026-07-10T00:53:20+08:00,btc-updown-5m-1783615800,https://polymarket.com/zh/event/btc-updown-5m-1783615800,00:50-00:55,65.00,36.00,64.00,35.00,359.15,115.00,193.04,572.73,64.50,35.50,1.00,1.00,26606.58,27983.91,27780.57,26373.23,64,35,35,64,62601.02,62616.61,,
2026-07-10T00:53:22+08:00,btc-updown-5m-1783615800,https://polymarket.com/zh/event/btc-updown-5m-1783615800,00:50-00:55,64.00,37.00,63.00,36.00,129.32,1294.13,1314.47,119.32,63.50,36.50,1.00,1.00,26373.23,27760.56,27775.56,26383.24,63,36,36,63,62601.02,62616.61,,
2026-07-10T00:53:24+08:00,btc-updown-5m-1783615800,https://polymarket.com/zh/event/btc-updown-5m-1783615800,00:50-00:55,66.00,35.00,64.00,34.00,887.78,335.11,796.73,930.31,65.00,34.50,2.00,1.00,26453.23,27695.56,27695.56,26448.23,64,34,34,65,62601.02,62616.61,,
2026-07-10T00:53:26+08:00,btc-updown-5m-1783615800,https://polymarket.com/zh/event/btc-updown-5m-1783615800,00:50-00:55,66.00,35.00,65.00,34.00,957.09,106.96,27.96,1035.41,65.50,34.50,1.00,1.00,26448.23,27685.56,27685.56,26453.23,65,34,34,65,62601.02,62616.44,,
2026-07-10T00:53:28+08:00,btc-updown-5m-1783615800,https://polymarket.com/zh/event/btc-updown-5m-1783615800,00:50-00:55,66.00,35.00,65.00,34.00,184.14,597.53,622.53,151.00,65.50,34.50,1.00,1.00,26463.24,27685.56,27690.56,26453.23,65,34,34,65,62601.02,62616.44,,
2026-07-10T00:53:30+08:00,btc-updown-5m-1783615800,https://polymarket.com/zh/event/btc-updown-5m-1783615800,00:50-00:55,72.00,29.00,71.00,28.00,79.98,755.33,763.77,79.98,71.50,28.50,1.00,1.00,26453.23,28030.56,28025.56,26443.23,71,28,28,71,62601.02,62626.42,,
2026-07-10T00:53:32+08:00,btc-updown-5m-1783615800,https://polymarket.com/zh/event/btc-updown-5m-1783615800,00:50-00:55,73.00,28.00,72.00,27.00,161.50,1013.20,953.21,115.00,72.50,27.50,1.00,1.00,26438.23,27978.74,27968.74,26443.23,72,27,27,72,62601.02,62626.41,,
2026-07-10T00:53:34+08:00,btc-updown-5m-1783615800,https://polymarket.com/zh/event/btc-updown-5m-1783615800,00:50-00:55,73.00,28.00,72.00,27.00,1367.02,42.69,154.09,1193.99,72.50,27.50,1.00,1.00,26433.23,27918.74,27983.74,26438.23,72,27,27,72,62601.02,62621.65,,
2026-07-10T00:53:36+08:00,btc-updown-5m-1783615800,https://polymarket.com/zh/event/btc-updown-5m-1783615800,00:50-00:55,72.00,29.00,71.00,28.00,1368.96,188.36,193.36,1318.79,71.50,28.50,1.00,1.00,26443.24,31641.28,31636.28,26443.23,71,28,28,71,62601.02,62620.71,,
2026-07-10T00:53:38+08:00,btc-updown-5m-1783615800,https://polymarket.com/zh/event/btc-updown-5m-1783615800,00:50-00:55,72.00,29.00,71.00,28.00,959.14,340.33,293.95,790.32,71.50,28.50,1.00,1.00,26448.23,31716.28,31711.28,26438.23,71,28,28,71,62601.02,62620.52,,
2026-07-10T00:53:40+08:00,btc-updown-5m-1783615800,https://polymarket.com/zh/event/btc-updown-5m-1783615800,00:50-00:55,82.00,19.00,81.00,18.00,665.62,580.20,580.20,665.62,81.50,18.50,1.00,1.00,26453.24,30876.28,30876.28,26453.24,81,18,18,81,62601.02,62628.01,,
2026-07-10T00:53:42+08:00,btc-updown-5m-1783615800,https://polymarket.com/zh/event/btc-updown-5m-1783615800,00:50-00:55,82.00,19.00,81.00,18.00,5.67,790.87,968.96,138.48,81.50,18.50,1.00,1.00,26438.23,31466.28,31466.28,26488.24,81,18,18,81,62601.02,62629.79,,
2026-07-10T00:53:44+08:00,btc-updown-5m-1783615800,https://polymarket.com/zh/event/btc-updown-5m-1783615800,00:50-00:55,84.00,17.00,83.00,16.00,1017.94,400.70,460.70,980.35,83.50,16.50,1.00,1.00,26723.23,31486.28,31486.28,26703.23,83,16,16,83,62601.02,62629.79,,
2026-07-10T00:53:46+08:00,btc-updown-5m-1783615800,https://polymarket.com/zh/event/btc-updown-5m-1783615800,00:50-00:55,87.00,15.00,85.00,13.00,35.40,47.27,11.98,20.05,86.00,14.00,2.00,2.00,26703.24,23398.23,23366.28,26703.24,85,13,13,85,62601.02,62633.49,,
2026-07-10T00:53:48+08:00,btc-updown-5m-1783615800,https://polymarket.com/zh/event/btc-updown-5m-1783615800,00:50-00:55,90.00,11.00,89.00,9.00,10.90,826.27,229.21,384.24,89.50,10.00,1.00,2.00,26696.58,23749.43,24281.93,26711.59,89,10,9,89,62601.02,62637.59,,
2026-07-10T00:53:50+08:00,btc-updown-5m-1783615800,https://polymarket.com/zh/event/btc-updown-5m-1783615800,00:50-00:55,91.00,10.00,90.00,9.00,1120.59,849.13,360.22,210.73,90.50,9.50,1.00,1.00,26670.45,26951.93,26951.93,26680.45,90,9,9,90,62601.02,62637.22,,
2026-07-10T00:53:52+08:00,btc-updown-5m-1783615800,https://polymarket.com/zh/event/btc-updown-5m-1783615800,00:50-00:55,93.00,8.00,92.00,7.00,99.26,865.31,887.55,30.22,92.50,7.50,1.00,1.00,26680.45,24023.35,24153.35,26675.45,92,7,7,92,62601.02,62640.36,,
2026-07-10T00:53:54+08:00,btc-updown-5m-1783615800,https://polymarket.com/zh/event/btc-updown-5m-1783615800,00:50-00:55,96.00,5.00,95.00,4.00,684.14,1030.79,1030.79,684.14,95.50,4.50,1.00,1.00,26560.46,17590.34,17590.34,26560.46,95,4,4,95,62601.02,62655.04,,
2026-07-10T00:53:56+08:00,btc-updown-5m-1783615800,https://polymarket.com/zh/event/btc-updown-5m-1783615800,00:50-00:55,94.00,7.00,93.00,6.00,842.19,107.78,158.95,1145.12,93.50,6.50,1.00,1.00,25957.45,20775.29,20806.71,25952.46,93,6,6,93,62601.02,62651.66,,
2026-07-10T00:53:58+08:00,btc-updown-5m-1783615800,https://polymarket.com/zh/event/btc-updown-5m-1783615800,00:50-00:55,94.00,7.00,93.00,6.00,375.29,523.71,472.31,373.86,93.50,6.50,1.00,1.00,26002.46,20624.62,20734.62,25972.45,93,6,6,93,62601.02,62642.79,,
2026-07-10T00:54:00+08:00,btc-updown-5m-1783615800,https://polymarket.com/zh/event/btc-updown-5m-1783615800,00:50-00:55,96.00,5.00,95.00,4.00,983.89,110.48,92.39,1159.59,95.50,4.50,1.00,1.00,26485.45,18345.37,18436.77,26460.46,95,4,4,95,62601.02,62642.80,,
2026-07-10T00:54:02+08:00,btc-updown-5m-1783615800,https://polymarket.com/zh/event/btc-updown-5m-1783615800,00:50-00:55,93.00,10.00,92.00,9.00,200.00,28.22,43.66,345.55,92.50,9.50,1.00,1.00,28395.45,20400.74,20116.07,28380.45,92,7,9,90,62601.02,62642.40,,
2026-07-10T00:54:04+08:00,btc-updown-5m-1783615800,https://polymarket.com/zh/event/btc-updown-5m-1783615800,00:50-00:55,80.00,19.00,79.00,18.00,27.03,123.00,438.98,68.78,79.50,18.50,1.00,1.00,26097.45,29526.09,30083.59,26097.45,79,19,18,81,62601.02,62624.61,,
2026-07-10T00:54:06+08:00,btc-updown-5m-1783615800,https://polymarket.com/zh/event/btc-updown-5m-1783615800,00:50-00:55,90.00,11.00,89.00,10.00,5.00,231.90,503.08,31.74,89.50,10.50,1.00,1.00,26138.12,23624.52,23844.52,26103.11,89,10,10,89,62601.02,62632.42,,
2026-07-10T00:54:08+08:00,btc-updown-5m-1783615800,https://polymarket.com/zh/event/btc-updown-5m-1783615800,00:50-00:55,91.00,10.00,90.00,9.00,912.16,391.51,396.51,886.28,90.50,9.50,1.00,1.00,26103.11,23945.68,22735.68,26123.11,90,9,9,90,62601.02,62631.95,,
2026-07-10T00:54:10+08:00,btc-updown-5m-1783615800,https://polymarket.com/zh/event/btc-updown-5m-1783615800,00:50-00:55,92.00,9.00,91.00,8.00,240.75,324.02,324.39,372.39,91.50,8.50,1.00,1.00,23084.11,20347.98,20352.98,23069.11,91,8,8,91,62601.02,62631.96,,
2026-07-10T00:54:12+08:00,btc-updown-5m-1783615800,https://polymarket.com/zh/event/btc-updown-5m-1783615800,00:50-00:55,92.00,9.00,91.00,8.00,326.49,147.07,147.07,291.18,91.50,8.50,1.00,1.00,23077.11,20039.10,20049.10,23087.11,91,8,8,91,62601.02,62628.02,,
2026-07-10T00:54:15+08:00,btc-updown-5m-1783615800,https://polymarket.com/zh/event/btc-updown-5m-1783615800,00:50-00:55,97.00,4.00,96.00,3.00,692.16,333.61,510.25,475.43,96.50,3.50,1.00,1.00,23059.11,13298.80,13271.13,23074.11,96,3,3,96,62601.02,62642.01,,
2026-07-10T00:54:17+08:00,btc-updown-5m-1783615800,https://polymarket.com/zh/event/btc-updown-5m-1783615800,00:50-00:55,96.00,5.00,95.00,4.00,417.86,46.05,166.05,417.86,95.50,4.50,1.00,1.00,23069.11,15698.46,15698.46,23064.11,95,4,4,95,62601.02,62636.13,,
2026-07-10T00:54:19+08:00,btc-updown-5m-1783615800,https://polymarket.com/zh/event/btc-updown-5m-1783615800,00:50-00:55,96.00,5.00,95.00,4.00,255.80,137.47,157.70,255.80,95.50,4.50,1.00,1.00,23064.11,14939.38,14944.38,23079.12,95,4,4,95,62601.02,62636.57,,
2026-07-10T00:54:21+08:00,btc-updown-5m-1783615800,https://polymarket.com/zh/event/btc-updown-5m-1783615800,00:50-00:55,95.00,6.00,94.00,5.00,362.98,46.96,46.96,341.98,94.50,5.50,1.00,1.00,23054.11,15788.66,15653.16,22546.11,94,5,5,94,62601.02,62634.99,,
2026-07-10T00:54:23+08:00,btc-updown-5m-1783615800,https://polymarket.com/zh/event/btc-updown-5m-1783615800,00:50-00:55,97.00,4.00,96.00,3.00,207.52,1162.26,1423.23,192.21,96.50,3.50,1.00,1.00,33069.11,22350.93,22350.63,33069.12,96,3,3,96,62601.02,62633.38,,
2026-07-10T00:54:25+08:00,btc-updown-5m-1783615800,https://polymarket.com/zh/event/btc-updown-5m-1783615800,00:50-00:55,97.00,4.00,96.00,3.00,44.82,1077.30,1071.36,31.61,96.50,3.50,1.00,1.00,33059.11,22193.23,22185.02,33064.11,96,3,3,96,62601.02,62646.35,,
2026-07-10T00:54:27+08:00,btc-updown-5m-1783615800,https://polymarket.com/zh/event/btc-updown-5m-1783615800,00:50-00:55,98.00,3.00,97.00,2.00,1761.24,106.87,106.87,1728.82,97.50,2.50,1.00,1.00,33059.11,23067.01,22989.59,33059.11,97,2,2,97,62601.02,62643.59,,
2026-07-10T00:54:29+08:00,btc-updown-5m-1783615800,https://polymarket.com/zh/event/btc-updown-5m-1783615800,00:50-00:55,99.00,2.00,98.00,1.00,12196.52,2828.50,2653.83,12151.52,98.50,1.50,1.00,1.00,32533.25,12196.52,12151.52,32543.25,98,1,1,98,62601.02,62659.40,,
2026-07-10T00:54:31+08:00,btc-updown-5m-1783615800,https://polymarket.com/zh/event/btc-updown-5m-1783615800,00:50-00:55,99.00,2.00,98.00,1.00,7702.30,2788.08,2817.08,7700.27,98.50,1.50,1.00,1.00,32318.26,7702.30,7700.27,32333.25,98,1,1,98,62601.02,62668.19,,
2026-07-10T00:54:33+08:00,btc-updown-5m-1783615800,https://polymarket.com/zh/event/btc-updown-5m-1783615800,00:50-00:55,99.00,2.00,98.00,1.00,6554.54,2651.05,2680.05,6446.50,98.50,1.50,1.00,1.00,32353.26,6554.54,6446.50,32343.25,98,1,1,98,62601.02,62664.78,,
2026-07-10T00:54:35+08:00,btc-updown-5m-1783615800,https://polymarket.com/zh/event/btc-updown-5m-1783615800,00:50-00:55,99.00,2.00,98.00,1.00,1169.01,2171.38,2200.38,754.01,98.50,1.50,1.00,1.00,31244.27,1169.01,754.01,31158.26,98,1,1,98,62601.02,62664.78,,
2026-07-10T00:54:37+08:00,btc-updown-5m-1783615800,https://polymarket.com/zh/event/btc-updown-5m-1783615800,00:50-00:55,,1.00,99.00,,,5349.59,5449.59,,,,,,31107.26,,,31107.26,99,0,0,99,62601.02,62666.07,,
2026-07-10T00:54:39+08:00,btc-updown-5m-1783615800,https://polymarket.com/zh/event/btc-updown-5m-1783615800,00:50-00:55,,1.00,99.00,,,8223.75,8123.75,,,,,,31107.26,,,31117.27,99,0,0,99,62601.02,62664.39,,
2026-07-10T00:54:41+08:00,btc-updown-5m-1783615800,https://polymarket.com/zh/event/btc-updown-5m-1783615800,00:50-00:55,,1.00,99.00,,,10629.08,10624.08,,,,,,30574.26,,,30584.27,99,0,0,99,62601.02,62662.36,,
2026-07-10T00:54:43+08:00,btc-updown-5m-1783615800,https://polymarket.com/zh/event/btc-updown-5m-1783615800,00:50-00:55,,1.00,99.00,,,7761.46,7761.46,,,,,,31127.26,,,31107.26,99,0,0,99,62601.02,62659.60,,
2026-07-10T00:54:45+08:00,btc-updown-5m-1783615800,https://polymarket.com/zh/event/btc-updown-5m-1783615800,00:50-00:55,,1.00,99.00,,,7955.71,7955.71,,,,,,29709.67,,,29614.67,99,0,0,99,62601.02,62655.31,,
2026-07-10T00:54:47+08:00,btc-updown-5m-1783615800,https://polymarket.com/zh/event/btc-updown-5m-1783615800,00:50-00:55,,1.00,99.00,,,7267.76,7267.76,,,,,,29902.67,,,29897.67,99,0,0,99,62601.02,62658.44,,
2026-07-10T00:54:49+08:00,btc-updown-5m-1783615800,https://polymarket.com/zh/event/btc-updown-5m-1783615800,00:50-00:55,,1.00,99.00,,,8614.76,8614.76,,,,,,28857.67,,,28852.67,81,0,0,81,62601.02,62652.57,,
2026-07-10T00:54:51+08:00,btc-updown-5m-1783615800,https://polymarket.com/zh/event/btc-updown-5m-1783615800,00:50-00:55,,1.00,99.00,,,14539.35,13524.35,,,,,,22357.67,,,22367.67,81,0,0,81,62601.02,62650.09,,
2026-07-10T00:54:53+08:00,btc-updown-5m-1783615800,https://polymarket.com/zh/event/btc-updown-5m-1783615800,00:50-00:55,,1.00,99.00,,,15091.63,15091.63,,,,,,22282.67,,,22282.67,81,0,0,81,62601.02,62652.01,,
2026-07-10T00:54:55+08:00,btc-updown-5m-1783615800,https://polymarket.com/zh/event/btc-updown-5m-1783615800,00:50-00:55,,1.00,99.00,,,15667.48,15496.94,,,,,,21992.68,,,22992.67,81,0,0,81,62601.02,62649.66,,
2026-07-10T00:54:57+08:00,btc-updown-5m-1783615800,https://polymarket.com/zh/event/btc-updown-5m-1783615800,00:50-00:55,,1.00,99.00,,,19653.32,19591.32,,,,,,22987.67,,,22967.67,81,0,0,81,62601.02,62648.07,,
2026-07-10T00:54:59+08:00,btc-updown-5m-1783615800,https://polymarket.com/zh/event/btc-updown-5m-1783615800,00:50-00:55,,1.00,99.00,,,36187.14,32337.14,,,,,,23401.32,,,23396.32,87,0,0,87,62601.02,62648.06,,
2026-07-10T00:55:01+08:00,btc-updown-5m-1783616100,https://polymarket.com/zh/event/btc-updown-5m-1783616100,00:55-01:00,46.00,55.00,45.00,54.00,241.03,291.44,286.44,401.03,45.50,54.50,1.00,1.00,17440.96,15908.59,15973.59,17430.96,45,54,54,45,62639.50,62639.50,,
2026-07-10T00:55:03+08:00,btc-updown-5m-1783616100,https://polymarket.com/zh/event/btc-updown-5m-1783616100,00:55-01:00,43.00,58.00,42.00,57.00,919.54,779.37,774.20,1009.54,42.50,57.50,1.00,1.00,17654.96,16051.59,16061.59,17664.96,42,57,57,42,62639.50,62633.80,,
2026-07-10T00:55:06+08:00,btc-updown-5m-1783616100,https://polymarket.com/zh/event/btc-updown-5m-1783616100,00:55-01:00,43.00,58.00,42.00,57.00,2741.61,99.41,147.02,2740.28,42.50,57.50,1.00,1.00,21636.64,17138.28,17159.28,21646.64,42,57,57,42,62639.50,62634.90,,
2026-07-10T00:55:08+08:00,btc-updown-5m-1783616100,https://polymarket.com/zh/event/btc-updown-5m-1783616100,00:55-01:00,41.00,60.00,40.00,59.00,655.40,108.06,189.96,1059.96,40.50,59.50,1.00,1.00,21667.64,17176.28,17181.28,21657.64,40,59,59,40,62639.50,62634.90,,
2026-07-10T00:55:10+08:00,btc-updown-5m-1783616100,https://polymarket.com/zh/event/btc-updown-5m-1783616100,00:55-01:00,39.00,62.00,38.00,61.00,1547.14,368.29,392.32,2725.45,38.50,61.50,1.00,1.00,20662.64,16200.30,16180.28,20662.64,38,61,61,38,62639.50,62628.46,,
2026-07-10T00:55:12+08:00,btc-updown-5m-1783616100,https://polymarket.com/zh/event/btc-updown-5m-1783616100,00:55-01:00,39.00,62.00,38.00,61.00,3228.85,32.02,37.61,3152.05,38.50,61.50,1.00,1.00,21226.34,16749.99,16748.99,21221.34,38,61,61,38,62639.50,62628.46,,
2026-07-10T00:55:14+08:00,btc-updown-5m-1783616100,https://polymarket.com/zh/event/btc-updown-5m-1783616100,00:55-01:00,36.00,65.00,35.00,64.00,2046.58,67.00,95.01,2134.58,35.50,64.50,1.00,1.00,21939.44,17172.99,17363.08,21714.44,35,64,64,35,62639.50,62625.33,,
2026-07-10T00:55:16+08:00,btc-updown-5m-1783616100,https://polymarket.com/zh/event/btc-updown-5m-1783616100,00:55-01:00,31.00,70.00,30.00,69.00,2247.50,49.48,75.20,2247.50,30.50,69.50,1.00,1.00,22966.04,17467.98,17462.98,22961.04,30,69,69,30,62639.50,62616.61,,
2026-07-10T00:55:18+08:00,btc-updown-5m-1783616100,https://polymarket.com/zh/event/btc-updown-5m-1783616100,00:55-01:00,35.00,66.00,34.00,65.00,1121.90,1198.76,1238.76,1121.90,34.50,65.50,1.00,1.00,23056.04,17677.99,17682.98,23051.04,34,65,65,34,62639.50,62620.29,,
2026-07-10T00:55:20+08:00,btc-updown-5m-1783616100,https://polymarket.com/zh/event/btc-updown-5m-1783616100,00:55-01:00,35.00,66.00,34.00,65.00,401.42,911.71,982.50,1384.97,34.50,65.50,1.00,1.00,23046.04,17682.98,17657.99,23046.04,34,65,65,34,62639.50,62626.41,,
2026-07-10T00:55:22+08:00,btc-updown-5m-1783616100,https://polymarket.com/zh/event/btc-updown-5m-1783616100,00:55-01:00,32.00,69.00,31.00,68.00,1947.42,887.66,793.32,1947.42,31.50,68.50,1.00,1.00,24942.04,17797.64,17812.65,24942.04,31,68,68,31,62639.50,62623.00,,
2026-07-10T00:55:24+08:00,btc-updown-5m-1783616100,https://polymarket.com/zh/event/btc-updown-5m-1783616100,00:55-01:00,32.00,69.00,31.00,68.00,1731.20,763.46,763.46,1731.20,31.50,68.50,1.00,1.00,25142.04,18286.23,18276.23,25142.04,31,68,68,31,62639.50,62622.00,,
2026-07-10T00:55:26+08:00,btc-updown-5m-1783616100,https://polymarket.com/zh/event/btc-updown-5m-1783616100,00:55-01:00,36.00,65.00,35.00,64.00,246.35,372.93,50.00,245.40,35.50,64.50,1.00,1.00,25809.93,18338.64,18343.64,25809.93,35,64,64,35,62639.50,62627.50,,
2026-07-10T00:55:28+08:00,btc-updown-5m-1783616100,https://polymarket.com/zh/event/btc-updown-5m-1783616100,00:55-01:00,36.00,65.00,35.00,64.00,1276.96,1055.58,1060.58,1260.35,35.50,64.50,1.00,1.00,26314.32,18875.92,18876.92,26304.32,35,64,64,35,62639.50,62624.81,,
2026-07-10T00:55:30+08:00,btc-updown-5m-1783616100,https://polymarket.com/zh/event/btc-updown-5m-1783616100,00:55-01:00,33.00,68.00,32.00,67.00,1965.47,918.90,918.90,1960.47,32.50,67.50,1.00,1.00,26341.02,19005.63,19020.62,26356.02,32,67,67,32,62639.50,62619.20,,
2026-07-10T00:55:32+08:00,btc-updown-5m-1783616100,https://polymarket.com/zh/event/btc-updown-5m-1783616100,00:55-01:00,33.00,68.00,32.00,67.00,2940.53,306.62,402.62,2937.49,32.50,67.50,1.00,1.00,25901.02,18540.62,18536.62,25901.02,32,67,67,32,62639.50,62619.19,,
2026-07-10T00:55:34+08:00,btc-updown-5m-1783616100,https://polymarket.com/zh/event/btc-updown-5m-1783616100,00:55-01:00,32.00,69.00,31.00,68.00,1984.82,15.09,10.09,1979.62,31.50,68.50,1.00,1.00,25896.02,18540.63,18550.63,25896.02,31,68,68,31,62639.50,62616.86,,
2026-07-10T00:55:37+08:00,btc-updown-5m-1783616100,https://polymarket.com/zh/event/btc-updown-5m-1783616100,00:55-01:00,31.00,70.00,30.00,69.00,815.97,900.75,902.46,815.97,30.50,69.50,1.00,1.00,25901.02,18545.62,18545.62,25891.02,30,69,69,30,62639.50,62616.01,,
2026-07-10T00:55:39+08:00,btc-updown-5m-1783616100,https://polymarket.com/zh/event/btc-updown-5m-1783616100,00:55-01:00,32.00,69.00,31.00,68.00,907.15,340.96,488.42,1435.52,31.50,68.50,1.00,1.00,25921.02,18486.62,18505.63,25931.02,31,68,68,31,62639.50,62624.01,,
2026-07-10T00:55:41+08:00,btc-updown-5m-1783616100,https://polymarket.com/zh/event/btc-updown-5m-1783616100,00:55-01:00,31.00,70.00,30.00,69.00,1205.12,581.07,581.07,1254.51,30.50,69.50,1.00,1.00,25961.02,18566.62,18555.62,25916.02,30,69,69,30,62639.50,62618.38,,
2026-07-10T00:55:43+08:00,btc-updown-5m-1783616100,https://polymarket.com/zh/event/btc-updown-5m-1783616100,00:55-01:00,29.00,72.00,28.00,71.00,1723.45,397.13,605.00,1822.18,28.50,71.50,1.00,1.00,26056.02,18561.62,18566.62,26046.02,28,71,71,28,62639.50,62614.26,,
2026-07-10T00:55:45+08:00,btc-updown-5m-1783616100,https://polymarket.com/zh/event/btc-updown-5m-1783616100,00:55-01:00,27.00,74.00,26.00,73.00,1381.58,914.75,846.24,1395.58,26.50,73.50,1.00,1.00,26051.02,18551.62,18560.63,26046.02,26,73,73,26,62639.50,62612.30,,
2026-07-10T00:55:47+08:00,btc-updown-5m-1783616100,https://polymarket.com/zh/event/btc-updown-5m-1783616100,00:55-01:00,27.00,74.00,26.00,73.00,715.19,1747.75,1581.16,490.96,26.50,73.50,1.00,1.00,26075.02,18550.62,18555.63,26075.02,26,73,73,26,62639.50,62620.94,,
2026-07-10T00:55:49+08:00,btc-updown-5m-1783616100,https://polymarket.com/zh/event/btc-updown-5m-1783616100,00:55-01:00,30.00,71.00,29.00,70.00,35.06,1340.41,1388.19,35.06,29.50,70.50,1.00,1.00,25966.02,18496.62,18505.63,25961.02,29,70,70,29,62639.50,62620.82,,
2026-07-10T00:55:51+08:00,btc-updown-5m-1783616100,https://polymarket.com/zh/event/btc-updown-5m-1783616100,00:55-01:00,30.00,71.00,29.00,70.00,1184.93,979.36,989.74,1390.11,29.50,70.50,1.00,1.00,25350.02,17874.62,17874.62,25285.02,29,70,70,29,62639.50,62620.05,,
2026-07-10T00:55:53+08:00,btc-updown-5m-1783616100,https://polymarket.com/zh/event/btc-updown-5m-1783616100,00:55-01:00,29.00,72.00,28.00,71.00,1455.75,800.07,800.07,1503.46,28.50,71.50,1.00,1.00,25304.02,17944.62,17950.62,25299.02,28,71,71,28,62639.50,62616.55,,
2026-07-10T00:55:55+08:00,btc-updown-5m-1783616100,https://polymarket.com/zh/event/btc-updown-5m-1783616100,00:55-01:00,27.00,74.00,26.00,73.00,2274.12,716.05,721.05,2263.42,26.50,73.50,1.00,1.00,27602.02,17934.62,17939.62,27602.02,26,73,73,26,62639.50,62612.86,,
2026-07-10T00:55:57+08:00,btc-updown-5m-1783616100,https://polymarket.com/zh/event/btc-updown-5m-1783616100,00:55-01:00,27.00,74.00,26.00,73.00,2247.77,113.69,113.69,2239.77,26.50,73.50,1.00,1.00,27640.72,17934.62,17935.62,25635.72,26,73,73,26,62639.50,62612.86,,
2026-07-10T00:55:59+08:00,btc-updown-5m-1783616100,https://polymarket.com/zh/event/btc-updown-5m-1783616100,00:55-01:00,27.00,74.00,26.00,73.00,1864.21,1048.54,1031.54,1119.23,26.50,73.50,1.00,1.00,25610.72,17930.62,17934.62,25605.72,26,73,73,26,62639.50,62612.86,,
2026-07-10T00:56:01+08:00,btc-updown-5m-1783616100,https://polymarket.com/zh/event/btc-updown-5m-1783616100,00:55-01:00,32.00,69.00,31.00,68.00,349.19,2556.44,2022.61,300.00,31.50,68.50,1.00,1.00,27500.72,24674.62,24690.62,27515.72,31,68,68,31,62639.50,62625.17,,
2026-07-10T00:56:03+08:00,btc-updown-5m-1783616100,https://polymarket.com/zh/event/btc-updown-5m-1783616100,00:55-01:00,33.00,68.00,32.00,67.00,2212.63,10.00,261.68,2947.81,32.50,67.50,1.00,1.00,27562.38,24743.62,24739.63,27525.72,32,67,67,32,62639.50,62618.23,,
2026-07-10T00:56:05+08:00,btc-updown-5m-1783616100,https://polymarket.com/zh/event/btc-updown-5m-1783616100,00:55-01:00,28.00,73.00,27.00,72.00,2055.44,117.04,150.08,2065.30,27.50,72.50,1.00,1.00,26995.72,24293.62,24278.62,26995.72,27,72,72,27,62639.50,62615.68,,
2026-07-10T00:56:07+08:00,btc-updown-5m-1783616100,https://polymarket.com/zh/event/btc-updown-5m-1783616100,00:55-01:00,28.00,73.00,27.00,72.00,2387.69,158.38,158.38,2387.69,27.50,72.50,1.00,1.00,26659.72,23916.62,23916.62,26659.72,27,72,72,27,62639.50,62615.68,,
2026-07-10T00:56:09+08:00,btc-updown-5m-1783616100,https://polymarket.com/zh/event/btc-updown-5m-1783616100,00:55-01:00,28.00,73.00,27.00,72.00,2039.59,1091.27,939.69,1880.45,27.50,72.50,1.00,1.00,26659.72,23931.63,23926.63,26654.72,27,72,72,27,62639.50,62615.69,,
2026-07-10T00:56:11+08:00,btc-updown-5m-1783616100,https://polymarket.com/zh/event/btc-updown-5m-1783616100,00:55-01:00,28.00,73.00,27.00,72.00,2388.27,313.53,300.23,2376.55,27.50,72.50,1.00,1.00,25459.72,23541.63,23525.62,25449.72,27,72,72,27,62639.50,62618.70,,
2026-07-10T00:56:13+08:00,btc-updown-5m-1783616100,https://polymarket.com/zh/event/btc-updown-5m-1783616100,00:55-01:00,28.00,73.00,27.00,72.00,2356.31,188.81,83.81,2352.27,27.50,72.50,1.00,1.00,25357.72,23433.62,23448.63,25352.72,27,72,72,27,62639.50,62618.71,,
2026-07-10T00:56:15+08:00,btc-updown-5m-1783616100,https://polymarket.com/zh/event/btc-updown-5m-1783616100,00:55-01:00,28.00,73.00,27.00,72.00,2340.17,54.81,54.81,2344.27,27.50,72.50,1.00,1.00,25387.72,23428.62,23443.63,25382.72,27,72,72,27,62639.50,62618.31,,
2026-07-10T00:56:18+08:00,btc-updown-5m-1783616100,https://polymarket.com/zh/event/btc-updown-5m-1783616100,00:55-01:00,28.00,73.00,27.00,72.00,2696.44,28.17,28.17,2696.44,27.50,72.50,1.00,1.00,25243.72,23334.62,23334.62,25248.72,27,72,72,27,62639.50,62617.21,,
2026-07-10T00:56:20+08:00,btc-updown-5m-1783616100,https://polymarket.com/zh/event/btc-updown-5m-1783616100,00:55-01:00,27.00,74.00,26.00,73.00,128.00,1708.06,2219.20,115.00,26.50,73.50,1.00,1.00,25348.72,23270.62,23264.62,25343.72,26,73,73,26,62639.50,62618.67,,
2026-07-10T00:56:22+08:00,btc-updown-5m-1783616100,https://polymarket.com/zh/event/btc-updown-5m-1783616100,00:55-01:00,25.00,76.00,24.00,75.00,1867.85,66.62,66.62,1869.48,24.50,75.50,1.00,1.00,25318.72,23334.62,23339.63,25308.72,24,75,75,24,62639.50,62611.81,,
2026-07-10T00:56:24+08:00,btc-updown-5m-1783616100,https://polymarket.com/zh/event/btc-updown-5m-1783616100,00:55-01:00,24.00,77.00,23.00,76.00,408.65,1524.78,1524.78,408.65,23.50,76.50,1.00,1.00,25228.72,23336.62,23350.62,25218.72,23,76,76,23,62639.50,62614.98,,
2026-07-10T00:56:26+08:00,btc-updown-5m-1783616100,https://polymarket.com/zh/event/btc-updown-5m-1783616100,00:55-01:00,24.00,77.00,23.00,76.00,99.78,1681.78,1676.78,36.00,23.50,76.50,1.00,1.00,25063.72,23180.62,23180.62,25058.72,23,76,76,23,62639.50,62618.11,,
2026-07-10T00:56:28+08:00,btc-updown-5m-1783616100,https://polymarket.com/zh/event/btc-updown-5m-1783616100,00:55-01:00,26.00,75.00,25.00,74.00,1804.21,978.40,978.40,1804.21,25.50,74.50,1.00,1.00,25208.72,23191.63,23190.62,25208.72,25,74,74,25,62639.50,62618.11,,
2026-07-10T00:56:30+08:00,btc-updown-5m-1783616100,https://polymarket.com/zh/event/btc-updown-5m-1783616100,00:55-01:00,26.00,75.00,25.00,74.00,609.75,2170.13,2120.85,19.00,25.50,74.50,1.00,1.00,25228.72,23116.62,23106.62,25233.72,25,74,74,25,62639.50,62618.52,,
2026-07-10T00:56:32+08:00,btc-updown-5m-1783616100,https://polymarket.com/zh/event/btc-updown-5m-1783616100,00:55-01:00,27.00,74.00,26.00,73.00,40.51,2009.54,1744.50,15.51,26.50,73.50,1.00,1.00,24743.72,22640.62,22635.62,24743.72,26,73,73,26,62639.50,62618.52,,
2026-07-10T00:56:34+08:00,btc-updown-5m-1783616100,https://polymarket.com/zh/event/btc-updown-5m-1783616100,00:55-01:00,34.00,67.00,33.00,66.00,100.42,906.11,1028.61,153.02,33.50,66.50,1.00,1.00,24678.72,22656.63,22640.63,24668.72,33,66,66,33,62639.50,62627.71,,
2026-07-10T00:56:36+08:00,btc-updown-5m-1783616100,https://polymarket.com/zh/event/btc-updown-5m-1783616100,00:55-01:00,34.00,67.00,33.00,66.00,235.96,1468.36,1468.36,235.96,33.50,66.50,1.00,1.00,24678.72,22650.62,22635.62,24668.72,33,66,66,33,62639.50,62629.49,,
2026-07-10T00:56:38+08:00,btc-updown-5m-1783616100,https://polymarket.com/zh/event/btc-updown-5m-1783616100,00:55-01:00,34.00,67.00,33.00,66.00,10.68,1460.05,1318.49,236.25,33.50,66.50,1.00,1.00,24683.72,22655.63,22636.62,24673.72,33,66,66,33,62639.50,62629.49,,
2026-07-10T00:56:40+08:00,btc-updown-5m-1783616100,https://polymarket.com/zh/event/btc-updown-5m-1783616100,00:55-01:00,34.00,67.00,33.00,66.00,152.81,1480.32,2005.74,234.53,33.50,66.50,1.00,1.00,24668.72,22646.62,22630.62,24668.72,33,66,66,33,62639.50,62631.85,,
2026-07-10T00:56:42+08:00,btc-updown-5m-1783616100,https://polymarket.com/zh/event/btc-updown-5m-1783616100,00:55-01:00,34.00,67.00,33.00,66.00,334.53,1351.55,1344.74,326.11,33.50,66.50,1.00,1.00,24573.72,22545.63,22545.62,24588.72,33,66,66,33,62639.50,62631.86,,
2026-07-10T00:56:44+08:00,btc-updown-5m-1783616100,https://polymarket.com/zh/event/btc-updown-5m-1783616100,00:55-01:00,41.00,60.00,40.00,59.00,671.00,707.57,596.00,675.14,40.50,59.50,1.00,1.00,31110.42,22645.36,22757.06,31090.42,40,59,59,40,62639.50,62640.02,,
2026-07-10T00:56:46+08:00,btc-updown-5m-1783616100,https://polymarket.com/zh/event/btc-updown-5m-1783616100,00:55-01:00,43.00,58.00,42.00,57.00,13.78,1821.86,2016.44,18.78,42.50,57.50,1.00,1.00,31395.42,23387.07,23402.06,31410.42,42,57,57,42,62639.50,62642.03,,
2026-07-10T00:56:48+08:00,btc-updown-5m-1783616100,https://polymarket.com/zh/event/btc-updown-5m-1783616100,00:55-01:00,45.00,56.00,44.00,55.00,85.77,1670.43,1670.43,85.77,44.50,55.50,1.00,1.00,31405.42,23403.07,23387.06,31395.42,44,55,55,44,62639.50,62642.03,,
2026-07-10T00:56:50+08:00,btc-updown-5m-1783616100,https://polymarket.com/zh/event/btc-updown-5m-1783616100,00:55-01:00,45.00,56.00,44.00,55.00,237.95,1424.46,1432.37,237.95,44.50,55.50,1.00,1.00,31410.42,23397.06,23392.06,31395.42,44,55,55,44,62639.50,62642.39,,
2026-07-10T00:56:52+08:00,btc-updown-5m-1783616100,https://polymarket.com/zh/event/btc-updown-5m-1783616100,00:55-01:00,45.00,56.00,44.00,55.00,200.04,1081.62,1138.97,365.63,44.50,55.50,1.00,1.00,31395.42,23388.06,23402.06,31410.42,44,55,55,44,62639.50,62644.04,,
2026-07-10T00:56:54+08:00,btc-updown-5m-1783616100,https://polymarket.com/zh/event/btc-updown-5m-1783616100,00:55-01:00,43.00,58.00,42.00,57.00,1257.04,423.00,428.00,1346.75,42.50,57.50,1.00,1.00,31320.42,22787.06,22792.06,31198.72,42,57,57,42,62639.50,62639.40,,
2026-07-10T00:56:56+08:00,btc-updown-5m-1783616100,https://polymarket.com/zh/event/btc-updown-5m-1783616100,00:55-01:00,43.00,58.00,42.00,57.00,1404.96,364.30,364.30,1404.96,42.50,57.50,1.00,1.00,31059.72,22560.36,22581.36,31012.72,42,57,57,42,62639.50,62639.40,,
2026-07-10T00:56:58+08:00,btc-updown-5m-1783616100,https://polymarket.com/zh/event/btc-updown-5m-1783616100,00:55-01:00,48.00,53.00,46.00,52.00,565.20,813.65,362.46,519.36,47.00,52.50,2.00,1.00,31073.72,24386.36,24412.37,31063.72,46,52,52,47,62639.50,62641.91,,
2026-07-10T00:57:00+08:00,btc-updown-5m-1783616100,https://polymarket.com/zh/event/btc-updown-5m-1783616100,00:55-01:00,46.00,55.00,45.00,54.00,1016.82,788.15,788.15,1029.93,45.50,54.50,1.00,1.00,31288.72,23786.36,23778.36,31173.72,45,54,54,45,62639.50,62646.58,,
2026-07-10T00:57:02+08:00,btc-updown-5m-1783616100,https://polymarket.com/zh/event/btc-updown-5m-1783616100,00:55-01:00,46.00,55.00,45.00,54.00,869.19,586.36,586.36,858.32,45.50,54.50,1.00,1.00,31332.05,23581.36,23581.36,31312.05,45,54,54,45,62639.50,62646.57,,
2026-07-10T00:57:04+08:00,btc-updown-5m-1783616100,https://polymarket.com/zh/event/btc-updown-5m-1783616100,00:55-01:00,46.00,55.00,45.00,54.00,905.10,15.00,519.79,1666.46,45.50,54.50,1.00,1.00,31332.05,23571.36,22971.36,31312.05,45,54,54,45,62639.50,62646.57,,
2026-07-10T00:57:06+08:00,btc-updown-5m-1783616100,https://polymarket.com/zh/event/btc-updown-5m-1783616100,00:55-01:00,45.00,56.00,44.00,55.00,883.55,874.02,846.95,560.25,44.50,55.50,1.00,1.00,31312.05,22966.36,22987.36,31322.05,44,55,55,44,62639.50,62643.77,,
2026-07-10T00:57:08+08:00,btc-updown-5m-1783616100,https://polymarket.com/zh/event/btc-updown-5m-1783616100,00:55-01:00,44.00,57.00,43.00,56.00,2312.75,353.30,365.42,2312.75,43.50,56.50,1.00,1.00,31307.05,22377.36,22386.36,31327.05,43,56,56,43,62639.50,62643.77,,
2026-07-10T00:57:10+08:00,btc-updown-5m-1783616100,https://polymarket.com/zh/event/btc-updown-5m-1783616100,00:55-01:00,44.00,57.00,43.00,56.00,2153.41,1151.47,1156.47,2153.41,43.50,56.50,1.00,1.00,31387.05,22312.37,22386.36,31322.05,43,56,56,43,62639.50,62643.77,,
2026-07-10T00:57:12+08:00,btc-updown-5m-1783616100,https://polymarket.com/zh/event/btc-updown-5m-1783616100,00:55-01:00,44.00,57.00,43.00,56.00,472.88,1260.88,1219.76,446.86,43.50,56.50,1.00,1.00,31387.05,22291.36,22312.36,31402.05,43,56,56,43,62639.50,62644.28,,
2026-07-10T00:57:14+08:00,btc-updown-5m-1783616100,https://polymarket.com/zh/event/btc-updown-5m-1783616100,00:55-01:00,44.00,58.00,43.00,56.00,1797.84,458.44,218.00,1671.65,43.50,57.00,1.00,2.00,31107.05,22297.36,22316.37,31402.05,43,56,56,42,62639.50,62645.20,,
2026-07-10T00:57:17+08:00,btc-updown-5m-1783616100,https://polymarket.com/zh/event/btc-updown-5m-1783616100,00:55-01:00,48.00,53.00,47.00,52.00,117.00,123.86,123.86,95.00,47.50,52.50,1.00,1.00,31347.05,23521.37,23521.37,31347.05,47,52,52,47,62639.50,62655.56,,
2026-07-10T00:57:19+08:00,btc-updown-5m-1783616100,https://polymarket.com/zh/event/btc-updown-5m-1783616100,00:55-01:00,48.00,53.00,46.00,52.00,40.00,5.88,11.98,68.84,47.00,52.50,2.00,1.00,30238.05,23500.37,23505.37,30238.05,46,51,52,47,62639.50,62648.37,,
2026-07-10T00:57:21+08:00,btc-updown-5m-1783616100,https://polymarket.com/zh/event/btc-updown-5m-1783616100,00:55-01:00,50.00,51.00,49.00,50.00,849.16,27.74,47.54,846.35,49.50,50.50,1.00,1.00,31948.06,25295.36,25375.37,31948.06,49,50,50,49,62639.50,62651.50,,
2026-07-10T00:57:23+08:00,btc-updown-5m-1783616100,https://polymarket.com/zh/event/btc-updown-5m-1783616100,00:55-01:00,46.00,55.00,45.00,54.00,90.49,985.16,1146.67,100.23,45.50,54.50,1.00,1.00,31438.05,24181.36,24176.36,31433.05,45,54,54,45,62639.50,62647.98,,
2026-07-10T00:57:25+08:00,btc-updown-5m-1783616100,https://polymarket.com/zh/event/btc-updown-5m-1783616100,00:55-01:00,41.00,60.00,40.00,59.00,686.16,1219.32,1212.83,676.16,40.50,59.50,1.00,1.00,30978.05,22381.37,22381.36,30993.05,40,59,59,40,62639.50,62643.91,,
2026-07-10T00:57:27+08:00,btc-updown-5m-1783616100,https://polymarket.com/zh/event/btc-updown-5m-1783616100,00:55-01:00,34.00,67.00,33.00,66.00,223.41,146.49,146.49,233.41,33.50,66.50,1.00,1.00,30683.05,22375.36,22390.37,30683.05,33,66,66,33,62639.50,62633.22,,
2026-07-10T00:57:29+08:00,btc-updown-5m-1783616100,https://polymarket.com/zh/event/btc-updown-5m-1783616100,00:55-01:00,32.00,69.00,31.00,68.00,922.50,149.17,163.42,1302.74,31.50,68.50,1.00,1.00,30422.05,22400.38,22411.38,30422.05,31,68,68,31,62639.50,62630.00,,
2026-07-10T00:57:31+08:00,btc-updown-5m-1783616100,https://polymarket.com/zh/event/btc-updown-5m-1783616100,00:55-01:00,25.00,76.00,24.00,75.00,823.51,67.93,94.46,1050.84,24.50,75.50,1.00,1.00,29332.05,22376.36,22361.36,29337.05,24,75,75,24,62639.50,62624.59,,
2026-07-10T00:57:33+08:00,btc-updown-5m-1783616100,https://polymarket.com/zh/event/btc-updown-5m-1783616100,00:55-01:00,32.00,69.00,31.00,68.00,165.96,1449.19,1468.40,170.96,31.50,68.50,1.00,1.00,29385.42,22326.36,22389.06,29375.42,31,68,68,31,62639.50,62635.30,,
2026-07-10T00:57:35+08:00,btc-updown-5m-1783616100,https://polymarket.com/zh/event/btc-updown-5m-1783616100,00:55-01:00,32.00,69.00,31.00,68.00,203.54,1299.30,1185.14,226.54,31.50,68.50,1.00,1.00,29365.42,22698.06,22694.06,29385.42,31,68,68,31,62639.50,62631.80,,
2026-07-10T00:57:37+08:00,btc-updown-5m-1783616100,https://polymarket.com/zh/event/btc-updown-5m-1783616100,00:55-01:00,34.00,67.00,33.00,66.00,1295.51,370.03,365.03,1283.93,33.50,66.50,1.00,1.00,29290.42,22704.06,22694.06,29300.42,33,66,66,33,62639.50,62634.68,,
2026-07-10T00:57:39+08:00,btc-updown-5m-1783616100,https://polymarket.com/zh/event/btc-updown-5m-1783616100,00:55-01:00,34.00,67.00,33.00,66.00,978.63,407.02,420.81,930.08,33.50,66.50,1.00,1.00,29290.42,22693.06,22689.06,29385.42,33,66,66,33,62639.50,62634.67,,
2026-07-10T00:57:41+08:00,btc-updown-5m-1783616100,https://polymarket.com/zh/event/btc-updown-5m-1783616100,00:55-01:00,38.00,66.00,37.00,64.00,1879.14,321.97,10.03,640.65,37.50,65.00,1.00,2.00,30680.42,22699.06,22683.06,30670.42,37,62,64,34,62639.50,62638.01,,
2026-07-10T00:57:43+08:00,btc-updown-5m-1783616100,https://polymarket.com/zh/event/btc-updown-5m-1783616100,00:55-01:00,41.00,60.00,40.00,59.00,1046.50,1253.19,617.12,235.35,40.50,59.50,1.00,1.00,30955.42,22709.06,22684.06,30900.42,40,59,59,40,62639.50,62642.76,,
2026-07-10T00:57:45+08:00,btc-updown-5m-1783616100,https://polymarket.com/zh/event/btc-updown-5m-1783616100,00:55-01:00,42.00,59.00,41.00,58.00,1070.73,589.08,584.08,1082.20,41.50,58.50,1.00,1.00,30673.72,22461.36,22461.36,30668.72,41,58,58,41,62639.50,62642.76,,
2026-07-10T00:57:47+08:00,btc-updown-5m-1783616100,https://polymarket.com/zh/event/btc-updown-5m-1783616100,00:55-01:00,42.00,59.00,41.00,58.00,1134.22,540.90,580.90,1173.99,41.50,58.50,1.00,1.00,30658.72,22467.36,22481.36,30668.72,41,58,58,41,62639.50,62642.00,,
2026-07-10T00:57:49+08:00,btc-updown-5m-1783616100,https://polymarket.com/zh/event/btc-updown-5m-1783616100,00:55-01:00,42.00,59.00,41.00,58.00,1054.04,781.90,798.90,1079.04,41.50,58.50,1.00,1.00,30748.53,22477.37,22466.36,30748.53,41,58,58,41,62639.50,62642.00,,
2026-07-10T00:57:51+08:00,btc-updown-5m-1783616100,https://polymarket.com/zh/event/btc-updown-5m-1783616100,00:55-01:00,43.00,58.00,42.00,57.00,1146.83,262.42,262.42,1191.63,42.50,57.50,1.00,1.00,30428.53,22466.36,22472.36,30433.53,42,57,57,42,62639.50,62645.13,,
2026-07-10T00:57:54+08:00,btc-updown-5m-1783616100,https://polymarket.com/zh/event/btc-updown-5m-1783616100,00:55-01:00,42.00,59.00,41.00,58.00,921.69,46.70,36.70,941.81,41.50,58.50,1.00,1.00,30353.53,22472.36,22482.36,30373.53,41,58,58,41,62639.50,62645.12,,
2026-07-10T00:57:56+08:00,btc-updown-5m-1783616100,https://polymarket.com/zh/event/btc-updown-5m-1783616100,00:55-01:00,39.00,62.00,38.00,61.00,445.01,1519.21,1426.68,196.35,38.50,61.50,1.00,1.00,30433.53,22546.36,22536.36,30423.53,38,61,61,38,62639.50,62641.99,,
2026-07-10T00:57:58+08:00,btc-updown-5m-1783616100,https://polymarket.com/zh/event/btc-updown-5m-1783616100,00:55-01:00,39.00,62.00,38.00,61.00,15.45,1890.19,1890.19,15.45,38.50,61.50,1.00,1.00,30733.53,22547.36,22541.36,30738.53,38,61,61,38,62639.50,62646.47,,
2026-07-10T00:58:00+08:00,btc-updown-5m-1783616100,https://polymarket.com/zh/event/btc-updown-5m-1783616100,00:55-01:00,40.00,61.00,39.00,60.00,224.73,1325.58,1347.06,99.50,39.50,60.50,1.00,1.00,30723.53,22472.36,22471.37,30728.53,39,60,60,39,62639.50,62644.01,,
2026-07-10T00:58:02+08:00,btc-updown-5m-1783616100,https://polymarket.com/zh/event/btc-updown-5m-1783616100,00:55-01:00,40.00,61.00,39.00,60.00,561.42,153.79,105.43,654.09,39.50,60.50,1.00,1.00,30718.53,22291.36,22306.36,30733.53,39,60,60,39,62639.50,62642.29,,
2026-07-10T00:58:04+08:00,btc-updown-5m-1783616100,https://polymarket.com/zh/event/btc-updown-5m-1783616100,00:55-01:00,39.00,62.00,38.00,61.00,496.10,1181.55,1183.17,496.10,38.50,61.50,1.00,1.00,30648.53,22296.36,22316.36,30663.53,38,61,61,38,62639.50,62641.44,,
2026-07-10T00:58:06+08:00,btc-updown-5m-1783616100,https://polymarket.com/zh/event/btc-updown-5m-1783616100,00:55-01:00,39.00,62.00,38.00,61.00,428.53,1432.39,1350.55,202.29,38.50,61.50,1.00,1.00,30658.53,22261.36,22271.36,30648.53,38,61,61,38,62639.50,62641.44,,
2026-07-10T00:58:08+08:00,btc-updown-5m-1783616100,https://polymarket.com/zh/event/btc-updown-5m-1783616100,00:55-01:00,39.00,62.00,38.00,61.00,1671.54,235.99,638.25,2043.74,38.50,61.50,1.00,1.00,30643.53,22266.36,22276.36,30683.53,38,61,61,38,62639.50,62641.44,,
2026-07-10T00:58:10+08:00,btc-updown-5m-1783616100,https://polymarket.com/zh/event/btc-updown-5m-1783616100,00:55-01:00,37.00,64.00,36.00,63.00,603.73,1048.07,1060.42,739.48,36.50,63.50,1.00,1.00,30718.53,22275.36,22260.36,30708.53,36,63,63,36,62639.50,62641.44,,
2026-07-10T00:58:12+08:00,btc-updown-5m-1783616100,https://polymarket.com/zh/event/btc-updown-5m-1783616100,00:55-01:00,32.00,69.00,31.00,68.00,944.60,487.72,437.96,936.56,31.50,68.50,1.00,1.00,30733.53,22270.36,22265.36,30723.53,31,68,68,31,62639.50,62641.44,,
2026-07-10T00:58:14+08:00,btc-updown-5m-1783616100,https://polymarket.com/zh/event/btc-updown-5m-1783616100,00:55-01:00,31.00,71.00,29.00,70.00,115.00,108.21,214.40,594.65,30.00,70.50,2.00,1.00,30423.53,22276.72,22286.73,30428.53,29,69,70,29,62639.50,62636.56,,
2026-07-10T00:58:16+08:00,btc-updown-5m-1783616100,https://polymarket.com/zh/event/btc-updown-5m-1783616100,00:55-01:00,26.00,75.00,25.00,74.00,736.18,54.40,60.00,1522.84,25.50,74.50,1.00,1.00,29948.53,22181.73,22186.72,30028.53,25,74,74,25,62639.50,62635.79,,
2026-07-10T00:58:18+08:00,btc-updown-5m-1783616100,https://polymarket.com/zh/event/btc-updown-5m-1783616100,00:55-01:00,26.00,75.00,25.00,74.00,67.86,1230.47,1234.31,160.86,25.50,74.50,1.00,1.00,29958.53,22176.73,22176.72,29958.53,25,74,74,25,62639.50,62633.73,,
2026-07-10T00:58:20+08:00,btc-updown-5m-1783616100,https://polymarket.com/zh/event/btc-updown-5m-1783616100,00:55-01:00,26.00,75.00,25.00,74.00,45.75,1121.82,1102.50,26.51,25.50,74.50,1.00,1.00,29700.19,21919.93,21924.93,29695.19,25,74,74,25,62639.50,62633.72,,
2026-07-10T00:58:22+08:00,btc-updown-5m-1783616100,https://polymarket.com/zh/event/btc-updown-5m-1783616100,00:55-01:00,26.00,75.00,25.00,74.00,97.26,1116.13,1116.13,97.26,25.50,74.50,1.00,1.00,29730.19,21934.93,21919.93,29730.19,25,74,74,25,62639.50,62633.72,,
2026-07-10T00:58:24+08:00,btc-updown-5m-1783616100,https://polymarket.com/zh/event/btc-updown-5m-1783616100,00:55-01:00,26.00,75.00,25.00,74.00,509.15,854.59,204.59,305.51,25.50,74.50,1.00,1.00,29765.19,21939.94,21919.93,29755.19,25,74,74,25,62639.50,62633.72,,
2026-07-10T00:58:26+08:00,btc-updown-5m-1783616100,https://polymarket.com/zh/event/btc-updown-5m-1783616100,00:55-01:00,26.00,75.00,25.00,74.00,387.26,783.65,133.65,218.62,25.50,74.50,1.00,1.00,29780.19,21929.93,21924.93,29760.19,25,74,74,25,62639.50,62633.72,,
2026-07-10T00:58:28+08:00,btc-updown-5m-1783616100,https://polymarket.com/zh/event/btc-updown-5m-1783616100,00:55-01:00,26.00,75.00,25.00,74.00,22.00,1031.51,1058.79,15.07,25.50,74.50,1.00,1.00,29780.19,21859.93,21854.94,29780.19,25,74,74,25,62639.50,62633.72,,
2026-07-10T00:58:30+08:00,btc-updown-5m-1783616100,https://polymarket.com/zh/event/btc-updown-5m-1783616100,00:55-01:00,26.00,75.00,25.00,74.00,708.10,89.70,89.70,713.56,25.50,74.50,1.00,1.00,29794.19,21853.93,21933.93,29794.19,25,74,74,25,62639.50,62633.72,,
2026-07-10T00:58:32+08:00,btc-updown-5m-1783616100,https://polymarket.com/zh/event/btc-updown-5m-1783616100,00:55-01:00,25.00,76.00,24.00,75.00,780.68,867.88,875.78,814.04,24.50,75.50,1.00,1.00,29868.19,21928.93,21933.93,29863.19,24,75,75,24,62639.50,62633.72,,
2026-07-10T00:58:34+08:00,btc-updown-5m-1783616100,https://polymarket.com/zh/event/btc-updown-5m-1783616100,00:55-01:00,25.00,76.00,24.00,75.00,192.85,1183.73,1190.16,192.85,24.50,75.50,1.00,1.00,29858.19,21934.93,21919.93,29863.19,24,75,75,24,62639.50,62632.51,,
2026-07-10T00:58:36+08:00,btc-updown-5m-1783616100,https://polymarket.com/zh/event/btc-updown-5m-1783616100,00:55-01:00,26.00,75.00,25.00,74.00,749.63,49.37,49.37,763.13,25.50,74.50,1.00,1.00,29858.19,21939.93,21919.93,29858.19,25,74,74,25,62639.50,62632.51,,
2026-07-10T00:58:38+08:00,btc-updown-5m-1783616100,https://polymarket.com/zh/event/btc-updown-5m-1783616100,00:55-01:00,32.00,69.00,31.00,68.00,164.94,616.20,175.45,30.66,31.50,68.50,1.00,1.00,29788.19,21849.93,21864.93,29883.19,31,68,68,31,62639.50,62638.64,,
2026-07-10T00:58:40+08:00,btc-updown-5m-1783616100,https://polymarket.com/zh/event/btc-updown-5m-1783616100,00:55-01:00,31.00,70.00,30.00,69.00,1204.72,94.42,101.57,2014.48,30.50,69.50,1.00,1.00,29888.19,21929.93,21919.93,29878.19,30,69,69,30,62639.50,62639.16,,
2026-07-10T00:58:42+08:00,btc-updown-5m-1783616100,https://polymarket.com/zh/event/btc-updown-5m-1783616100,00:55-01:00,27.00,74.00,26.00,73.00,103.04,309.41,309.41,103.04,26.50,73.50,1.00,1.00,29873.19,21924.93,21929.94,29873.19,26,73,73,26,62639.50,62639.16,,
2026-07-10T00:58:44+08:00,btc-updown-5m-1783616100,https://polymarket.com/zh/event/btc-updown-5m-1783616100,00:55-01:00,27.00,74.00,26.00,73.00,701.81,23.58,23.58,696.81,26.50,73.50,1.00,1.00,29878.19,21939.93,21919.93,29878.19,26,73,73,26,62639.50,62639.16,,
2026-07-10T00:58:46+08:00,btc-updown-5m-1783616100,https://polymarket.com/zh/event/btc-updown-5m-1783616100,00:55-01:00,27.00,74.00,26.00,73.00,732.90,1.80,1.80,685.29,26.50,73.50,1.00,1.00,29857.19,21903.93,21908.93,29857.19,26,73,73,26,62639.50,62639.17,,
2026-07-10T00:58:48+08:00,btc-updown-5m-1783616100,https://polymarket.com/zh/event/btc-updown-5m-1783616100,00:55-01:00,26.00,75.00,25.00,74.00,513.43,7.32,2.32,572.25,25.50,74.50,1.00,1.00,29862.19,21903.93,21908.93,29862.19,25,74,74,25,62639.50,62639.16,,
2026-07-10T00:58:50+08:00,btc-updown-5m-1783616100,https://polymarket.com/zh/event/btc-updown-5m-1783616100,00:55-01:00,32.00,69.00,31.00,68.00,267.88,611.87,147.29,123.00,31.50,68.50,1.00,1.00,30143.19,21913.93,21908.93,30156.19,30,68,68,31,62639.50,62638.39,,
2026-07-10T00:58:52+08:00,btc-updown-5m-1783616100,https://polymarket.com/zh/event/btc-updown-5m-1783616100,00:55-01:00,55.00,46.00,54.00,45.00,288.08,654.50,332.50,418.08,54.50,45.50,1.00,1.00,28066.19,21833.93,21817.93,27978.20,54,44,44,54,62639.50,62658.28,,
2026-07-10T00:58:54+08:00,btc-updown-5m-1783616100,https://polymarket.com/zh/event/btc-updown-5m-1783616100,00:55-01:00,56.00,45.00,55.00,44.00,1404.36,87.82,140.07,1640.74,55.50,44.50,1.00,1.00,29700.19,24743.93,24748.93,29705.19,55,44,44,55,62639.50,62656.10,,
2026-07-10T00:58:57+08:00,btc-updown-5m-1783616100,https://polymarket.com/zh/event/btc-updown-5m-1783616100,00:55-01:00,53.00,48.00,52.00,47.00,931.03,65.90,65.90,897.03,52.50,47.50,1.00,1.00,30310.19,24838.93,24838.93,30310.19,52,47,47,52,62639.50,62652.00,,
2026-07-10T00:58:59+08:00,btc-updown-5m-1783616100,https://polymarket.com/zh/event/btc-updown-5m-1783616100,00:55-01:00,52.00,49.00,51.00,48.00,51.29,1543.29,1783.51,38.67,51.50,48.50,1.00,1.00,29110.19,24818.93,24789.93,29061.19,51,48,48,51,62639.50,62654.51,,
2026-07-10T00:59:01+08:00,btc-updown-5m-1783616100,https://polymarket.com/zh/event/btc-updown-5m-1783616100,00:55-01:00,51.00,50.00,50.00,49.00,509.02,27.18,27.18,509.02,50.50,49.50,1.00,1.00,30286.19,24714.93,24699.93,30266.19,50,49,49,50,62639.50,62653.10,,
2026-07-10T00:59:03+08:00,btc-updown-5m-1783616100,https://polymarket.com/zh/event/btc-updown-5m-1783616100,00:55-01:00,50.00,52.00,49.00,51.00,474.47,665.16,44.84,175.00,49.50,51.50,1.00,1.00,29245.19,23854.94,23844.93,29235.19,49,50,51,48,62639.50,62653.11,,
2026-07-10T00:59:05+08:00,btc-updown-5m-1783616100,https://polymarket.com/zh/event/btc-updown-5m-1783616100,00:55-01:00,55.00,46.00,54.00,45.00,1032.91,203.54,219.54,1022.63,54.50,45.50,1.00,1.00,29026.85,23816.59,23806.59,29011.85,54,45,45,54,62639.50,62653.10,,
2026-07-10T00:59:07+08:00,btc-updown-5m-1783616100,https://polymarket.com/zh/event/btc-updown-5m-1783616100,00:55-01:00,58.00,43.00,57.00,42.00,160.78,344.57,344.57,160.78,57.50,42.50,1.00,1.00,29091.86,24075.59,24075.59,29091.86,57,41,40,57,62639.50,62653.11,,
2026-07-10T00:59:09+08:00,btc-updown-5m-1783616100,https://polymarket.com/zh/event/btc-updown-5m-1783616100,00:55-01:00,63.00,38.00,62.00,36.00,1.67,154.66,124.66,60.51,62.50,37.00,1.00,2.00,29126.86,24193.59,24178.59,29126.86,62,37,36,62,62639.50,62661.46,,
2026-07-10T00:59:11+08:00,btc-updown-5m-1783616100,https://polymarket.com/zh/event/btc-updown-5m-1783616100,00:55-01:00,68.00,31.00,67.00,30.00,29.48,201.00,271.92,1885.20,67.50,30.50,1.00,1.00,29339.85,26358.59,26368.59,29349.86,67,32,30,69,62639.50,62662.03,,
2026-07-10T00:59:13+08:00,btc-updown-5m-1783616100,https://polymarket.com/zh/event/btc-updown-5m-1783616100,00:55-01:00,75.00,26.00,74.00,25.00,68.72,229.09,229.09,57.00,74.50,25.50,1.00,1.00,27339.85,26381.59,26381.59,27344.85,74,25,25,74,62639.50,62666.01,,
2026-07-10T00:59:15+08:00,btc-updown-5m-1783616100,https://polymarket.com/zh/event/btc-updown-5m-1783616100,00:55-01:00,76.00,25.00,75.00,24.00,3.65,283.65,283.02,0.17,75.50,24.50,1.00,1.00,57339.85,56886.59,56881.59,57334.85,75,24,24,75,62639.50,62666.01,,
2026-07-10T00:59:17+08:00,btc-updown-5m-1783616100,https://polymarket.com/zh/event/btc-updown-5m-1783616100,00:55-01:00,78.00,23.00,77.00,22.00,618.55,67.32,67.32,546.20,77.50,22.50,1.00,1.00,57339.85,56971.85,56966.85,57349.85,77,22,22,77,62639.50,62662.94,,
2026-07-10T00:59:19+08:00,btc-updown-5m-1783616100,https://polymarket.com/zh/event/btc-updown-5m-1783616100,00:55-01:00,78.00,23.00,77.00,22.00,536.49,53.17,53.17,564.33,77.50,22.50,1.00,1.00,57339.85,56476.85,56476.85,57344.85,77,22,22,77,62639.50,62663.52,,
2026-07-10T00:59:21+08:00,btc-updown-5m-1783616100,https://polymarket.com/zh/event/btc-updown-5m-1783616100,00:55-01:00,79.00,22.00,78.00,21.00,803.83,268.70,110.00,942.12,78.50,21.50,1.00,1.00,57344.85,58039.35,58039.35,57349.85,78,21,21,78,62639.50,62663.47,,
2026-07-10T00:59:23+08:00,btc-updown-5m-1783616100,https://polymarket.com/zh/event/btc-updown-5m-1783616100,00:55-01:00,76.00,23.00,74.00,22.00,5.00,146.53,284.60,44.11,75.00,22.50,2.00,1.00,57339.85,58514.35,58589.35,57344.85,74,23,22,77,62639.50,62663.45,,
2026-07-10T00:59:25+08:00,btc-updown-5m-1783616100,https://polymarket.com/zh/event/btc-updown-5m-1783616100,00:55-01:00,76.00,33.00,75.00,31.00,1387.89,18.10,65.00,113.00,75.50,32.00,1.00,2.00,57346.85,58164.35,58164.35,57271.85,72,24,31,67,62639.50,62661.34,,
2026-07-10T00:59:27+08:00,btc-updown-5m-1783616100,https://polymarket.com/zh/event/btc-updown-5m-1783616100,00:55-01:00,57.00,44.00,56.00,43.00,61.43,509.49,416.51,49.39,56.50,43.50,1.00,1.00,56858.85,56962.85,56961.85,56883.86,56,42,42,56,62639.50,62655.30,,
2026-07-10T00:59:29+08:00,btc-updown-5m-1783616100,https://polymarket.com/zh/event/btc-updown-5m-1783616100,00:55-01:00,61.00,40.00,60.00,39.00,56.34,102.43,284.02,53.68,60.50,39.50,1.00,1.00,56863.86,56941.85,56956.85,56873.85,60,39,39,60,62639.50,62657.32,,
2026-07-10T00:59:31+08:00,btc-updown-5m-1783616100,https://polymarket.com/zh/event/btc-updown-5m-1783616100,00:55-01:00,64.00,37.00,63.00,36.00,60.90,205.70,250.70,10.90,63.50,36.50,1.00,1.00,53622.86,54674.52,54689.52,53622.85,63,36,36,63,62639.50,62657.32,,
2026-07-10T00:59:33+08:00,btc-updown-5m-1783616100,https://polymarket.com/zh/event/btc-updown-5m-1783616100,00:55-01:00,67.00,34.00,66.00,33.00,52.07,191.66,388.77,52.07,66.50,33.50,1.00,1.00,53622.86,54792.02,54787.02,53622.85,64,33,33,64,62639.50,62657.32,,
2026-07-10T00:59:35+08:00,btc-updown-5m-1783616100,https://polymarket.com/zh/event/btc-updown-5m-1783616100,00:55-01:00,74.00,27.00,73.00,26.00,54.57,208.24,208.24,74.01,73.50,26.50,1.00,1.00,22050.86,23604.03,23604.03,22045.87,72,25,25,72,62639.50,62658.06,,
2026-07-10T00:59:37+08:00,btc-updown-5m-1783616100,https://polymarket.com/zh/event/btc-updown-5m-1783616100,00:55-01:00,74.00,27.00,73.00,26.00,97.00,200.50,200.50,90.00,73.50,26.50,1.00,1.00,22055.86,22467.67,22467.67,22040.86,73,26,26,73,62639.50,62658.07,,
2026-07-10T00:59:39+08:00,btc-updown-5m-1783616100,https://polymarket.com/zh/event/btc-updown-5m-1783616100,00:55-01:00,73.00,28.00,72.00,27.00,93.72,75.34,75.34,93.72,72.50,27.50,1.00,1.00,21748.86,22123.17,22123.17,21738.86,72,27,27,72,62639.50,62658.06,,
2026-07-10T00:59:42+08:00,btc-updown-5m-1783616100,https://polymarket.com/zh/event/btc-updown-5m-1783616100,00:55-01:00,79.00,21.00,78.00,20.00,10.00,197.89,102.74,4.75,78.50,20.50,1.00,1.00,21743.86,21543.17,21247.17,22276.86,74,21,19,77,62639.50,62658.06,,
2026-07-10T00:59:44+08:00,btc-updown-5m-1783616100,https://polymarket.com/zh/event/btc-updown-5m-1783616100,00:55-01:00,21.00,80.00,20.00,79.00,242.45,238.12,113.00,277.07,20.50,79.50,1.00,1.00,24563.00,21338.67,21353.67,24563.86,17,77,79,18,62639.50,62640.21,,
2026-07-10T00:59:46+08:00,btc-updown-5m-1783616100,https://polymarket.com/zh/event/btc-updown-5m-1783616100,00:55-01:00,34.00,67.00,33.00,66.00,19.21,154.78,290.78,43.35,33.50,66.50,1.00,1.00,22758.27,19157.58,19272.25,22841.60,33,63,64,33,62639.50,62647.00,,
2026-07-10T00:59:48+08:00,btc-updown-5m-1783616100,https://polymarket.com/zh/event/btc-updown-5m-1783616100,00:55-01:00,31.00,70.00,30.00,69.00,2.07,104.14,123.86,61.07,30.50,69.50,1.00,1.00,23158.66,18689.25,18704.26,25264.74,30,67,67,27,62639.50,62643.54,,
2026-07-10T00:59:50+08:00,btc-updown-5m-1783616100,https://polymarket.com/zh/event/btc-updown-5m-1783616100,00:55-01:00,14.00,90.00,13.00,87.00,86.52,71.97,0.46,136.22,13.50,88.50,1.00,3.00,15564.66,12602.25,12087.25,15059.66,11,71,70,8,62639.50,62639.04,,
2026-07-10T00:59:52+08:00,btc-updown-5m-1783616100,https://polymarket.com/zh/event/btc-updown-5m-1783616100,00:55-01:00,8.00,93.00,7.00,92.00,27.00,48.59,54.26,27.00,7.50,92.50,1.00,1.00,12972.83,11087.25,11067.25,12972.83,7,71,71,7,62639.50,62639.79,,
2026-07-10T00:59:54+08:00,btc-updown-5m-1783616100,https://polymarket.com/zh/event/btc-updown-5m-1783616100,00:55-01:00,5.00,96.00,4.00,95.00,157.35,1.87,1.87,255.88,4.50,95.50,1.00,1.00,3168.67,10531.25,10516.25,3168.67,4,82,81,4,62639.50,62639.79,,
2026-07-10T00:59:56+08:00,btc-updown-5m-1783616100,https://polymarket.com/zh/event/btc-updown-5m-1783616100,00:55-01:00,2.00,99.00,1.00,98.00,415.00,1399.08,1399.08,427.17,1.50,98.50,1.00,1.00,1399.08,11487.22,11497.22,1399.08,1,91,91,1,62639.50,62629.18,,
2026-07-10T00:59:58+08:00,btc-updown-5m-1783616100,https://polymarket.com/zh/event/btc-updown-5m-1783616100,00:55-01:00,2.00,,,99.00,200.54,,,135.72,,,,,,12494.11,12557.44,,0,90,90,0,62639.50,62633.98,,
2026-07-10T01:00:01+08:00,btc-updown-5m-1783616400,https://polymarket.com/zh/event/btc-updown-5m-1783616400,01:00-01:05,51.00,50.00,50.00,49.00,7.96,442.37,414.53,7.96,50.50,49.50,1.00,1.00,25951.27,24886.13,24881.13,25946.27,50,49,49,50,62635.76,62635.76,,
2026-07-10T01:00:03+08:00,btc-updown-5m-1783616400,https://polymarket.com/zh/event/btc-updown-5m-1783616400,01:00-01:05,55.00,46.00,54.00,45.00,268.90,1983.67,1978.67,318.90,54.50,45.50,1.00,1.00,17735.85,15835.06,15884.06,17887.54,54,45,45,54,62635.76,62645.45,,
2026-07-10T01:00:05+08:00,btc-updown-5m-1783616400,https://polymarket.com/zh/event/btc-updown-5m-1783616400,01:00-01:05,61.00,41.00,59.00,39.00,67.31,6.74,6.74,67.31,60.00,40.00,2.00,2.00,17340.54,16451.40,16451.40,17340.54,59,38,38,59,62635.76,62657.71,,
2026-07-10T01:00:07+08:00,btc-updown-5m-1783616400,https://polymarket.com/zh/event/btc-updown-5m-1783616400,01:00-01:05,69.00,32.00,68.00,31.00,199.37,1546.65,1496.94,194.37,68.50,31.50,1.00,1.00,18211.54,19435.40,19460.40,18211.53,68,31,31,68,62635.76,62667.65,,
2026-07-10T01:00:09+08:00,btc-updown-5m-1783616400,https://polymarket.com/zh/event/btc-updown-5m-1783616400,01:00-01:05,69.00,32.00,68.00,31.00,174.00,1404.51,1437.46,774.00,68.50,31.50,1.00,1.00,17201.53,18435.40,18445.40,16716.53,68,31,31,68,62635.76,62667.29,,
2026-07-10T01:00:11+08:00,btc-updown-5m-1783616400,https://polymarket.com/zh/event/btc-updown-5m-1783616400,01:00-01:05,69.00,32.00,68.00,31.00,1248.61,838.30,838.30,1248.61,68.50,31.50,1.00,1.00,17817.05,19484.10,19474.10,18407.06,68,31,31,68,62635.76,62667.28,,
2026-07-10T01:00:13+08:00,btc-updown-5m-1783616400,https://polymarket.com/zh/event/btc-updown-5m-1783616400,01:00-01:05,69.00,32.00,68.00,31.00,286.55,2046.02,2056.02,279.61,68.50,31.50,1.00,1.00,17757.05,19694.10,19684.10,18272.06,68,31,31,68,62635.76,62667.28,,
2026-07-10T01:00:15+08:00,btc-updown-5m-1783616400,https://polymarket.com/zh/event/btc-updown-5m-1783616400,01:00-01:05,75.00,27.00,72.00,26.00,255.61,158.00,496.74,64.37,73.50,26.50,3.00,1.00,18895.16,19986.10,19926.10,18542.67,72,25,26,73,62635.76,62673.15,,
2026-07-10T01:00:17+08:00,btc-updown-5m-1783616400,https://polymarket.com/zh/event/btc-updown-5m-1783616400,01:00-01:05,68.00,33.00,67.00,32.00,588.36,398.56,268.72,760.34,67.50,32.50,1.00,1.00,19249.06,21132.10,21127.10,19164.05,67,32,32,67,62635.76,62670.00,,
2026-07-10T01:00:19+08:00,btc-updown-5m-1783616400,https://polymarket.com/zh/event/btc-updown-5m-1783616400,01:00-01:05,67.00,34.00,66.00,33.00,321.48,1269.90,1318.09,127.21,66.50,33.50,1.00,1.00,19299.05,21090.10,21070.10,18804.05,66,33,33,66,62635.76,62664.55,,
2026-07-10T01:00:21+08:00,btc-updown-5m-1783616400,https://polymarket.com/zh/event/btc-updown-5m-1783616400,01:00-01:05,67.00,34.00,66.00,33.00,37.21,1677.45,1559.45,37.21,66.50,33.50,1.00,1.00,18915.71,21046.10,21051.10,18900.71,66,33,33,66,62635.76,62664.50,,
2026-07-10T01:00:23+08:00,btc-updown-5m-1783616400,https://polymarket.com/zh/event/btc-updown-5m-1783616400,01:00-01:05,69.00,33.00,68.00,31.00,145.76,2033.61,7.35,157.15,68.50,32.00,1.00,2.00,18915.72,21091.10,21081.10,18905.72,68,31,31,67,62635.76,62667.38,,
2026-07-10T01:00:25+08:00,btc-updown-5m-1783616400,https://polymarket.com/zh/event/btc-updown-5m-1783616400,01:00-01:05,70.00,31.00,69.00,30.00,9.77,2416.75,2421.75,14.77,69.50,30.50,1.00,1.00,18926.72,21378.70,21373.70,18916.71,69,30,30,69,62635.76,62670.00,,
2026-07-10T01:00:27+08:00,btc-updown-5m-1783616400,https://polymarket.com/zh/event/btc-updown-5m-1783616400,01:00-01:05,76.00,25.00,74.00,24.00,175.18,615.20,743.57,437.22,75.00,24.50,2.00,1.00,19597.33,21632.39,21632.39,19112.32,74,24,24,75,62635.76,62672.48,,
2026-07-10T01:00:30+08:00,btc-updown-5m-1783616400,https://polymarket.com/zh/event/btc-updown-5m-1783616400,01:00-01:05,75.00,26.00,74.00,25.00,1811.45,250.83,157.37,1811.45,74.50,25.50,1.00,1.00,18776.00,23742.09,23747.09,19291.00,74,25,25,74,62635.76,62675.61,,
2026-07-10T01:00:32+08:00,btc-updown-5m-1783616400,https://polymarket.com/zh/event/btc-updown-5m-1783616400,01:00-01:05,71.00,30.00,70.00,29.00,993.92,46.75,12.75,1150.22,70.50,29.50,1.00,1.00,19109.61,23534.69,23534.69,19104.61,70,29,29,70,62635.76,62674.07,,
2026-07-10T01:00:34+08:00,btc-updown-5m-1783616400,https://polymarket.com/zh/event/btc-updown-5m-1783616400,01:00-01:05,71.00,30.00,70.00,29.00,797.87,1005.77,1007.70,797.87,70.50,29.50,1.00,1.00,19172.41,24034.38,24029.38,19172.41,70,29,29,70,62635.76,62669.08,,
2026-07-10T01:00:36+08:00,btc-updown-5m-1783616400,https://polymarket.com/zh/event/btc-updown-5m-1783616400,01:00-01:05,71.00,34.00,67.00,29.00,2352.77,187.50,0.69,2401.00,69.00,31.50,4.00,5.00,19177.42,24019.08,24019.08,19177.42,67,29,29,66,62635.76,62663.90,,
2026-07-10T01:00:38+08:00,btc-updown-5m-1783616400,https://polymarket.com/zh/event/btc-updown-5m-1783616400,01:00-01:05,67.00,34.00,66.00,33.00,720.89,1616.55,1495.16,700.89,66.50,33.50,1.00,1.00,19642.48,24095.55,24105.55,19154.41,66,33,33,66,62635.76,62664.00,,
2026-07-10T01:00:40+08:00,btc-updown-5m-1783616400,https://polymarket.com/zh/event/btc-updown-5m-1783616400,01:00-01:05,67.00,34.00,66.00,33.00,702.01,1145.00,1089.63,702.01,66.50,33.50,1.00,1.00,19139.41,24095.55,24100.55,19649.41,66,33,33,66,62635.76,62662.79,,
2026-07-10T01:00:42+08:00,btc-updown-5m-1783616400,https://polymarket.com/zh/event/btc-updown-5m-1783616400,01:00-01:05,67.00,34.00,66.00,33.00,269.17,1461.76,1471.76,269.17,66.50,33.50,1.00,1.00,19729.41,24005.55,24005.55,19744.42,66,33,33,66,62635.76,62662.41,,
2026-07-10T01:00:44+08:00,btc-updown-5m-1783616400,https://polymarket.com/zh/event/btc-updown-5m-1783616400,01:00-01:05,67.00,34.00,66.00,33.00,173.66,1520.70,1541.91,173.66,66.50,33.50,1.00,1.00,19714.41,24050.55,24060.55,19209.41,66,33,33,66,62635.76,62665.53,,
2026-07-10T01:00:46+08:00,btc-updown-5m-1783616400,https://polymarket.com/zh/event/btc-updown-5m-1783616400,01:00-01:05,67.00,34.00,66.00,33.00,72.00,1357.88,1357.88,72.00,66.50,33.50,1.00,1.00,19271.41,24087.55,24087.55,19266.41,66,33,33,66,62635.76,62665.53,,
2026-07-10T01:00:48+08:00,btc-updown-5m-1783616400,https://polymarket.com/zh/event/btc-updown-5m-1783616400,01:00-01:05,68.00,33.00,67.00,32.00,3877.15,1044.37,1020.37,3872.10,67.50,32.50,1.00,1.00,19786.41,24097.55,24092.55,19286.41,67,32,32,67,62635.76,62665.53,,
2026-07-10T01:00:50+08:00,btc-updown-5m-1783616400,https://polymarket.com/zh/event/btc-updown-5m-1783616400,01:00-01:05,68.00,33.00,67.00,32.00,3855.18,918.37,969.10,3855.18,67.50,32.50,1.00,1.00,19276.42,24090.78,24120.78,19271.41,67,32,32,67,62635.76,62665.53,,
2026-07-10T01:00:52+08:00,btc-updown-5m-1783616400,https://polymarket.com/zh/event/btc-updown-5m-1783616400,01:00-01:05,68.00,33.00,67.00,32.00,3752.42,1213.36,1213.36,3744.90,67.50,32.50,1.00,1.00,18491.41,23366.78,23386.78,19071.41,67,32,32,67,62635.76,62665.53,,
2026-07-10T01:00:54+08:00,btc-updown-5m-1783616400,https://polymarket.com/zh/event/btc-updown-5m-1783616400,01:00-01:05,68.00,33.00,67.00,32.00,2677.47,2131.02,2094.00,2612.45,67.50,32.50,1.00,1.00,18570.41,23499.78,23494.78,18560.41,67,32,32,67,62635.76,62665.22,,
2026-07-10T01:00:56+08:00,btc-updown-5m-1783616400,https://polymarket.com/zh/event/btc-updown-5m-1783616400,01:00-01:05,68.00,33.00,67.00,32.00,1419.95,2252.21,2252.21,1419.95,67.50,32.50,1.00,1.00,19080.42,23494.78,23494.78,19080.42,67,32,32,67,62635.76,62670.00,,
2026-07-10T01:00:58+08:00,btc-updown-5m-1783616400,https://polymarket.com/zh/event/btc-updown-5m-1783616400,01:00-01:05,73.00,28.00,72.00,27.00,1219.60,1059.76,1094.76,1194.60,72.50,27.50,1.00,1.00,19070.41,24104.78,24109.78,19050.42,72,27,27,72,62635.76,62672.50,,
2026-07-10T01:01:00+08:00,btc-updown-5m-1783616400,https://polymarket.com/zh/event/btc-updown-5m-1783616400,01:00-01:05,73.00,26.00,72.00,25.00,77.04,340.90,2042.06,760.25,72.50,25.50,1.00,1.00,25955.41,24084.78,23994.78,25375.41,72,27,25,74,62635.76,62676.43,,
2026-07-10T01:01:02+08:00,btc-updown-5m-1783616400,https://polymarket.com/zh/event/btc-updown-5m-1783616400,01:00-01:05,75.00,26.00,74.00,25.00,51.00,2003.21,1887.38,16.89,74.50,25.50,1.00,1.00,25308.42,23964.78,23959.78,25303.41,74,25,25,74,62635.76,62676.42,,
2026-07-10T01:01:04+08:00,btc-updown-5m-1783616400,https://polymarket.com/zh/event/btc-updown-5m-1783616400,01:00-01:05,83.00,17.00,81.00,16.00,112.24,96.00,35.00,12.27,82.00,16.50,2.00,1.00,25296.42,21662.78,21217.78,25326.42,81,17,16,82,62635.76,62702.58,,
2026-07-10T01:01:07+08:00,btc-updown-5m-1783616400,https://polymarket.com/zh/event/btc-updown-5m-1783616400,01:00-01:05,86.00,15.00,85.00,14.00,487.46,1210.28,1210.28,487.46,85.50,14.50,1.00,1.00,25613.41,24580.88,24580.88,25613.41,85,14,14,85,62635.76,62699.57,,
2026-07-10T01:01:09+08:00,btc-updown-5m-1783616400,https://polymarket.com/zh/event/btc-updown-5m-1783616400,01:00-01:05,86.00,15.00,85.00,14.00,589.48,484.98,484.98,587.98,85.50,14.50,1.00,1.00,25618.42,25084.04,24834.04,25618.42,85,14,14,85,62635.76,62714.38,,
2026-07-10T01:01:11+08:00,btc-updown-5m-1783616400,https://polymarket.com/zh/event/btc-updown-5m-1783616400,01:00-01:05,86.00,14.00,85.00,12.00,5.00,7.50,1506.54,629.60,85.50,13.00,1.00,2.00,25113.42,22159.62,21344.62,24493.42,85,13,12,86,62635.76,62722.70,,
2026-07-10T01:01:13+08:00,btc-updown-5m-1783616400,https://polymarket.com/zh/event/btc-updown-5m-1783616400,01:00-01:05,89.00,12.00,88.00,11.00,157.68,411.33,411.33,157.68,88.50,11.50,1.00,1.00,24523.42,21193.99,21193.99,24523.42,88,11,11,88,62635.76,62720.19,,
2026-07-10T01:01:15+08:00,btc-updown-5m-1783616400,https://polymarket.com/zh/event/btc-updown-5m-1783616400,01:00-01:05,89.00,12.00,88.00,11.00,897.86,992.68,948.13,907.86,88.50,11.50,1.00,1.00,24978.41,22528.80,22528.80,24483.42,88,11,11,88,62635.76,62719.01,,
2026-07-10T01:01:17+08:00,btc-updown-5m-1783616400,https://polymarket.com/zh/event/btc-updown-5m-1783616400,01:00-01:05,89.00,12.00,88.00,11.00,295.03,1719.16,1719.16,295.03,88.50,11.50,1.00,1.00,24988.41,23210.62,23210.62,24988.41,88,11,11,88,62635.76,62717.42,,
2026-07-10T01:01:19+08:00,btc-updown-5m-1783616400,https://polymarket.com/zh/event/btc-updown-5m-1783616400,01:00-01:05,89.00,12.00,88.00,11.00,61.09,1828.24,1849.31,5.00,88.50,11.50,1.00,1.00,25089.41,23154.04,23164.04,24584.41,88,11,11,88,62635.76,62715.03,,
2026-07-10T01:01:21+08:00,btc-updown-5m-1783616400,https://polymarket.com/zh/event/btc-updown-5m-1783616400,01:00-01:05,90.00,11.00,89.00,10.00,392.90,1700.79,1717.79,386.78,89.50,10.50,1.00,1.00,24594.41,23283.32,23293.32,24604.41,89,10,10,89,62635.76,62719.31,,
2026-07-10T01:01:23+08:00,btc-updown-5m-1783616400,https://polymarket.com/zh/event/btc-updown-5m-1783616400,01:00-01:05,90.00,11.00,89.00,10.00,129.42,1495.87,1492.39,230.42,89.50,10.50,1.00,1.00,24708.41,23293.32,23298.32,25198.41,89,10,10,89,62635.76,62716.01,,
2026-07-10T01:01:25+08:00,btc-updown-5m-1783616400,https://polymarket.com/zh/event/btc-updown-5m-1783616400,01:00-01:05,89.00,13.00,88.00,11.00,1261.20,1310.12,184.00,744.26,88.50,12.00,1.00,2.00,25148.42,23152.43,20154.91,24698.41,88,11,11,87,62635.76,62712.54,,
2026-07-10T01:01:27+08:00,btc-updown-5m-1783616400,https://polymarket.com/zh/event/btc-updown-5m-1783616400,01:00-01:05,88.00,13.00,87.00,12.00,1188.64,12.64,12.64,1213.24,87.50,12.50,1.00,1.00,24543.41,19687.07,19677.07,24568.42,87,12,12,87,62635.76,62707.95,,
2026-07-10T01:01:29+08:00,btc-updown-5m-1783616400,https://polymarket.com/zh/event/btc-updown-5m-1783616400,01:00-01:05,87.00,14.00,86.00,13.00,1043.09,102.00,62.00,1050.81,86.50,13.50,1.00,1.00,24473.41,22847.44,22847.44,24478.41,86,13,13,86,62635.76,62707.95,,
2026-07-10T01:01:31+08:00,btc-updown-5m-1783616400,https://polymarket.com/zh/event/btc-updown-5m-1783616400,01:00-01:05,87.00,14.00,86.00,13.00,1107.94,218.68,243.68,1138.76,86.50,13.50,1.00,1.00,24978.41,22867.44,22862.44,24968.41,86,13,13,86,62635.76,62710.22,,
2026-07-10T01:01:33+08:00,btc-updown-5m-1783616400,https://polymarket.com/zh/event/btc-updown-5m-1783616400,01:00-01:05,87.00,14.00,86.00,13.00,784.76,801.56,689.85,758.61,86.50,13.50,1.00,1.00,24553.41,22970.36,22930.36,24543.41,86,13,13,86,62635.76,62709.65,,
2026-07-10T01:01:35+08:00,btc-updown-5m-1783616400,https://polymarket.com/zh/event/btc-updown-5m-1783616400,01:00-01:05,87.00,14.00,86.00,13.00,993.77,475.93,475.93,993.77,86.50,13.50,1.00,1.00,24483.41,22855.97,22855.97,24968.41,86,13,13,86,62635.76,62706.90,,
2026-07-10T01:01:37+08:00,btc-updown-5m-1783616400,https://polymarket.com/zh/event/btc-updown-5m-1783616400,01:00-01:05,87.00,14.00,86.00,13.00,645.23,893.37,935.23,694.60,86.50,13.50,1.00,1.00,24538.41,22998.89,22958.89,25048.41,86,13,13,86,62635.76,62705.91,,
2026-07-10T01:01:40+08:00,btc-updown-5m-1783616400,https://polymarket.com/zh/event/btc-updown-5m-1783616400,01:00-01:05,85.00,16.00,84.00,15.00,2186.36,82.68,89.00,2167.45,84.50,15.50,1.00,1.00,24963.42,22575.07,22570.07,24478.41,84,15,15,84,62635.76,62698.81,,
2026-07-10T01:01:42+08:00,btc-updown-5m-1783616400,https://polymarket.com/zh/event/btc-updown-5m-1783616400,01:00-01:05,85.00,16.00,84.00,15.00,1872.32,94.05,84.05,1843.32,84.50,15.50,1.00,1.00,24378.41,22460.07,22470.07,24373.41,84,15,15,84,62635.76,62697.77,,
2026-07-10T01:01:44+08:00,btc-updown-5m-1783616400,https://polymarket.com/zh/event/btc-updown-5m-1783616400,01:00-01:05,87.00,14.00,86.00,13.00,676.75,1111.49,1040.49,491.75,86.50,13.50,1.00,1.00,24876.42,22760.04,22851.27,24866.42,86,13,13,86,62635.76,62704.06,,
2026-07-10T01:01:46+08:00,btc-updown-5m-1783616400,https://polymarket.com/zh/event/btc-updown-5m-1783616400,01:00-01:05,87.00,14.00,86.00,13.00,117.01,1551.54,1510.54,117.01,86.50,13.50,1.00,1.00,24881.68,22665.04,22665.04,24881.68,86,13,13,86,62635.76,62717.01,,
2026-07-10T01:01:48+08:00,btc-updown-5m-1783616400,https://polymarket.com/zh/event/btc-updown-5m-1783616400,01:00-01:05,88.00,13.00,87.00,12.00,876.15,313.00,200.00,803.03,87.50,12.50,1.00,1.00,24896.42,18724.72,18714.72,24896.42,87,12,12,87,62635.76,62729.38,,
2026-07-10T01:01:50+08:00,btc-updown-5m-1783616400,https://polymarket.com/zh/event/btc-updown-5m-1783616400,01:00-01:05,92.00,9.00,91.00,8.00,416.72,349.80,349.80,416.72,91.50,8.50,1.00,1.00,24391.42,18922.59,19232.83,24396.42,88,8,8,90,62635.76,62724.39,,
2026-07-10T01:01:52+08:00,btc-updown-5m-1783616400,https://polymarket.com/zh/event/btc-updown-5m-1783616400,01:00-01:05,92.00,9.00,91.00,8.00,1421.28,465.41,465.41,1418.01,91.50,8.50,1.00,1.00,24871.41,20958.05,20963.05,24891.42,91,8,8,91,62635.76,62724.39,,
2026-07-10T01:01:54+08:00,btc-updown-5m-1783616400,https://polymarket.com/zh/event/btc-updown-5m-1783616400,01:00-01:05,92.00,9.00,91.00,8.00,1369.44,521.66,521.66,1369.44,91.50,8.50,1.00,1.00,24866.41,20963.05,20963.05,24866.41,91,8,8,91,62635.76,62719.83,,
2026-07-10T01:01:56+08:00,btc-updown-5m-1783616400,https://polymarket.com/zh/event/btc-updown-5m-1783616400,01:00-01:05,92.00,9.00,91.00,8.00,1334.65,230.21,230.21,1306.33,91.50,8.50,1.00,1.00,24381.42,20667.87,20667.87,24386.42,91,8,8,91,62635.76,62722.97,,
2026-07-10T01:01:58+08:00,btc-updown-5m-1783616400,https://polymarket.com/zh/event/btc-updown-5m-1783616400,01:00-01:05,92.00,9.00,91.00,8.00,578.83,605.44,612.44,509.96,91.50,8.50,1.00,1.00,24777.42,20992.38,20992.38,24782.42,91,8,8,91,62635.76,62722.97,,
2026-07-10T01:02:00+08:00,btc-updown-5m-1783616400,https://polymarket.com/zh/event/btc-updown-5m-1783616400,01:00-01:05,92.00,9.00,91.00,8.00,138.20,2127.47,2076.66,143.20,91.50,8.50,1.00,1.00,24272.42,20533.49,20304.34,24787.47,91,8,8,91,62635.76,62725.48,,
2026-07-10T01:02:02+08:00,btc-updown-5m-1783616400,https://polymarket.com/zh/event/btc-updown-5m-1783616400,01:00-01:05,92.00,9.00,90.00,8.00,715.05,94.53,161.84,1463.32,91.00,8.50,2.00,1.00,24272.42,21112.25,21270.57,24864.43,90,8,8,91,62635.76,62715.67,,
2026-07-10T01:02:04+08:00,btc-updown-5m-1783616400,https://polymarket.com/zh/event/btc-updown-5m-1783616400,01:00-01:05,91.00,11.00,90.00,10.00,90.00,40.00,26.50,23.50,90.50,10.50,1.00,1.00,24264.41,19540.68,21109.63,24264.42,90,9,10,89,62635.76,62706.77,,
2026-07-10T01:02:06+08:00,btc-updown-5m-1783616400,https://polymarket.com/zh/event/btc-updown-5m-1783616400,01:00-01:05,89.00,12.00,88.00,11.00,1774.74,34.57,34.57,1868.39,88.50,11.50,1.00,1.00,24779.43,22986.98,22893.72,24774.43,88,11,11,88,62635.76,62701.63,,
2026-07-10T01:02:08+08:00,btc-updown-5m-1783616400,https://polymarket.com/zh/event/btc-updown-5m-1783616400,01:00-01:05,87.00,14.00,86.00,13.00,1725.49,146.02,133.87,1700.68,86.50,13.50,1.00,1.00,24269.41,22265.92,21521.22,24749.41,86,13,13,86,62635.76,62694.01,,
2026-07-10T01:02:10+08:00,btc-updown-5m-1783616400,https://polymarket.com/zh/event/btc-updown-5m-1783616400,01:00-01:05,87.00,14.00,86.00,13.00,1845.50,106.92,106.92,1827.22,86.50,13.50,1.00,1.00,24229.41,22495.55,22500.55,24229.41,86,13,13,86,62635.76,62694.01,,
2026-07-10T01:02:12+08:00,btc-updown-5m-1783616400,https://polymarket.com/zh/event/btc-updown-5m-1783616400,01:00-01:05,87.00,14.00,86.00,13.00,1132.03,396.65,396.30,1132.03,86.50,13.50,1.00,1.00,24724.41,22005.52,22015.52,24234.41,86,13,13,86,62635.76,62694.01,,
2026-07-10T01:02:14+08:00,btc-updown-5m-1783616400,https://polymarket.com/zh/event/btc-updown-5m-1783616400,01:00-01:05,87.00,12.00,86.00,10.00,15.00,25.00,1884.19,1134.59,86.50,11.00,1.00,2.00,24794.41,22176.96,22189.96,24799.41,86,13,10,88,62635.76,62702.56,,
2026-07-10T01:02:16+08:00,btc-updown-5m-1783616400,https://polymarket.com/zh/event/btc-updown-5m-1783616400,01:00-01:05,92.00,9.00,91.00,8.00,385.60,1245.01,1245.01,385.60,91.50,8.50,1.00,1.00,24260.42,21534.12,21534.12,24260.42,91,8,8,91,62635.76,62710.00,,
2026-07-10T01:02:18+08:00,btc-updown-5m-1783616400,https://polymarket.com/zh/event/btc-updown-5m-1783616400,01:00-01:05,92.00,9.00,91.00,8.00,385.60,1245.01,1245.01,385.60,91.50,8.50,1.00,1.00,24260.42,21534.12,21534.12,24260.42,91,8,8,91,62635.76,62711.19,,
2026-07-10T01:02:20+08:00,btc-updown-5m-1783616400,https://polymarket.com/zh/event/btc-updown-5m-1783616400,01:00-01:05,92.00,9.00,91.00,8.00,189.94,1151.14,1144.97,189.94,91.50,8.50,1.00,1.00,24805.42,20065.63,20060.63,25305.42,91,8,8,91,62635.76,62711.19,,
2026-07-10T01:02:22+08:00,btc-updown-5m-1783616400,https://polymarket.com/zh/event/btc-updown-5m-1783616400,01:00-01:05,92.00,9.00,91.00,7.00,182.61,234.12,234.12,593.19,91.50,8.00,1.00,2.00,24810.42,21164.72,21164.72,24810.42,91,8,7,91,62635.76,62704.37,,
2026-07-10T01:02:25+08:00,btc-updown-5m-1783616400,https://polymarket.com/zh/event/btc-updown-5m-1783616400,01:00-01:05,90.00,11.00,89.00,10.00,185.90,278.55,80.04,25.90,89.50,10.50,1.00,1.00,24287.42,20078.37,20564.21,24277.42,89,10,10,89,62635.76,62704.57,,
2026-07-10T01:02:27+08:00,btc-updown-5m-1783616400,https://polymarket.com/zh/event/btc-updown-5m-1783616400,01:00-01:05,90.00,11.00,89.00,10.00,111.05,1380.99,1380.99,111.05,89.50,10.50,1.00,1.00,24322.41,21036.71,21036.71,24322.41,89,10,10,89,62635.76,62705.99,,
2026-07-10T01:02:29+08:00,btc-updown-5m-1783616400,https://polymarket.com/zh/event/btc-updown-5m-1783616400,01:00-01:05,89.00,12.00,88.00,11.00,739.85,128.04,128.04,1335.54,88.50,11.50,1.00,1.00,24752.41,22549.03,22429.03,24262.41,88,11,11,88,62635.76,62698.98,,
2026-07-10T01:02:31+08:00,btc-updown-5m-1783616400,https://polymarket.com/zh/event/btc-updown-5m-1783616400,01:00-01:05,89.00,12.00,88.00,11.00,1410.65,81.48,81.48,1555.55,88.50,11.50,1.00,1.00,24752.41,20924.13,20924.13,24737.41,88,11,11,88,62635.76,62698.30,,
2026-07-10T01:02:33+08:00,btc-updown-5m-1783616400,https://polymarket.com/zh/event/btc-updown-5m-1783616400,01:00-01:05,89.00,12.00,88.00,11.00,1364.70,111.09,116.09,1329.70,88.50,11.50,1.00,1.00,24242.41,21299.13,21299.13,24747.42,88,11,11,88,62635.76,62698.30,,
2026-07-10T01:02:35+08:00,btc-updown-5m-1783616400,https://polymarket.com/zh/event/btc-updown-5m-1783616400,01:00-01:05,84.00,17.00,83.00,16.00,1217.92,622.14,642.14,1211.55,83.50,16.50,1.00,1.00,24742.42,23463.54,23463.54,24242.41,83,16,16,83,62635.76,62683.58,,
2026-07-10T01:02:37+08:00,btc-updown-5m-1783616400,https://polymarket.com/zh/event/btc-updown-5m-1783616400,01:00-01:05,84.00,18.00,83.00,17.00,1396.86,1142.41,16.63,585.70,83.50,17.50,1.00,1.00,24242.42,23476.79,23426.79,24752.41,83,16,17,82,62635.76,62680.84,,
2026-07-10T01:02:39+08:00,btc-updown-5m-1783616400,https://polymarket.com/zh/event/btc-updown-5m-1783616400,01:00-01:05,83.00,18.00,82.00,17.00,613.17,831.86,845.60,787.74,82.50,17.50,1.00,1.00,24742.41,23574.77,23574.77,24752.41,82,17,17,82,62635.76,62681.85,,
2026-07-10T01:02:41+08:00,btc-updown-5m-1783616400,https://polymarket.com/zh/event/btc-updown-5m-1783616400,01:00-01:05,83.00,18.00,82.00,17.00,157.87,1397.92,1419.92,144.87,82.50,17.50,1.00,1.00,24742.41,22160.10,22690.10,24252.41,82,17,17,82,62635.76,62679.94,,
2026-07-10T01:02:43+08:00,btc-updown-5m-1783616400,https://polymarket.com/zh/event/btc-updown-5m-1783616400,01:00-01:05,84.00,16.00,83.00,15.00,5.00,801.48,1763.51,340.99,83.50,15.50,1.00,1.00,24812.41,22715.40,22594.77,24275.41,83,16,15,84,62635.76,62685.13,,
2026-07-10T01:02:45+08:00,btc-updown-5m-1783616400,https://polymarket.com/zh/event/btc-updown-5m-1783616400,01:00-01:05,85.00,16.00,84.00,15.00,178.79,2025.14,2030.14,173.59,84.50,15.50,1.00,1.00,24285.41,22572.12,22572.12,24765.41,84,15,15,84,62635.76,62688.26,,
2026-07-10T01:02:47+08:00,btc-updown-5m-1783616400,https://polymarket.com/zh/event/btc-updown-5m-1783616400,01:00-01:05,89.00,12.00,88.00,11.00,240.79,723.90,766.17,183.03,88.50,11.50,1.00,1.00,24775.42,22978.72,22002.79,24275.41,88,11,11,88,62635.76,62692.81,,
2026-07-10T01:02:49+08:00,btc-updown-5m-1783616400,https://polymarket.com/zh/event/btc-updown-5m-1783616400,01:00-01:05,89.00,12.00,88.00,11.00,84.03,1646.23,1503.23,70.00,88.50,11.50,1.00,1.00,24275.41,22943.93,22948.93,24280.42,88,11,11,88,62635.76,62693.98,,
2026-07-10T01:02:51+08:00,btc-updown-5m-1783616400,https://polymarket.com/zh/event/btc-updown-5m-1783616400,01:00-01:05,90.00,11.00,89.00,10.00,1085.61,455.16,522.16,1119.49,89.50,10.50,1.00,1.00,24275.41,22312.98,22285.85,24770.42,89,10,10,89,62635.76,62692.87,,
2026-07-10T01:02:53+08:00,btc-updown-5m-1783616400,https://polymarket.com/zh/event/btc-updown-5m-1783616400,01:00-01:05,90.00,11.00,89.00,10.00,305.49,1398.19,818.19,252.96,89.50,10.50,1.00,1.00,24765.41,23057.96,23062.96,24770.41,89,10,10,89,62635.76,62692.87,,
2026-07-10T01:02:55+08:00,btc-updown-5m-1783616400,https://polymarket.com/zh/event/btc-updown-5m-1783616400,01:00-01:05,90.00,11.00,89.00,10.00,66.85,786.27,786.27,66.85,89.50,10.50,1.00,1.00,24754.41,22388.32,22388.32,24264.41,89,10,10,89,62635.76,62692.03,,
2026-07-10T01:02:57+08:00,btc-updown-5m-1783616400,https://polymarket.com/zh/event/btc-updown-5m-1783616400,01:00-01:05,91.00,10.00,90.00,9.00,481.63,601.95,599.31,405.29,90.50,9.50,1.00,1.00,24343.41,22578.03,22578.03,24343.41,90,9,9,90,62635.76,62693.49,,
2026-07-10T01:02:59+08:00,btc-updown-5m-1783616400,https://polymarket.com/zh/event/btc-updown-5m-1783616400,01:00-01:05,91.00,10.00,90.00,9.00,53.86,873.14,873.14,53.86,90.50,9.50,1.00,1.00,24853.41,22597.03,22597.03,24343.41,90,9,9,90,62635.76,62696.70,,
2026-07-10T01:03:01+08:00,btc-updown-5m-1783616400,https://polymarket.com/zh/event/btc-updown-5m-1783616400,01:00-01:05,93.00,8.00,92.00,7.00,155.34,1594.50,925.10,168.39,92.50,7.50,1.00,1.00,24284.59,20989.05,22325.06,24279.59,92,7,7,92,62635.76,62696.76,,
2026-07-10T01:03:04+08:00,btc-updown-5m-1783616400,https://polymarket.com/zh/event/btc-updown-5m-1783616400,01:00-01:05,94.00,7.00,93.00,6.00,407.42,1033.22,1000.38,371.68,93.50,6.50,1.00,1.00,24284.59,22873.06,22450.72,24279.59,93,6,6,93,62635.76,62702.33,,
2026-07-10T01:03:06+08:00,btc-updown-5m-1783616400,https://polymarket.com/zh/event/btc-updown-5m-1783616400,01:00-01:05,94.00,7.00,93.00,6.00,190.93,1133.37,1088.29,167.89,93.50,6.50,1.00,1.00,24289.59,22284.52,22298.52,24304.60,93,6,6,93,62635.76,62703.00,,
2026-07-10T01:03:08+08:00,btc-updown-5m-1783616400,https://polymarket.com/zh/event/btc-updown-5m-1783616400,01:00-01:05,95.00,6.00,94.00,5.00,1241.31,640.61,640.61,1302.42,94.50,5.50,1.00,1.00,24208.59,23175.99,23209.60,24218.59,94,5,5,94,62635.76,62703.00,,
2026-07-10T01:03:10+08:00,btc-updown-5m-1783616400,https://polymarket.com/zh/event/btc-updown-5m-1783616400,01:00-01:05,95.00,6.00,94.00,5.00,860.49,961.93,925.52,860.49,94.50,5.50,1.00,1.00,24260.59,22741.17,22741.17,24270.59,94,5,5,94,62635.76,62703.01,,
2026-07-10T01:03:12+08:00,btc-updown-5m-1783616400,https://polymarket.com/zh/event/btc-updown-5m-1783616400,01:00-01:05,95.00,6.00,94.00,5.00,1029.87,454.17,380.62,937.29,94.50,5.50,1.00,1.00,24275.59,23040.36,22360.45,24213.59,94,5,5,94,62635.76,62699.95,,
2026-07-10T01:03:14+08:00,btc-updown-5m-1783616400,https://polymarket.com/zh/event/btc-updown-5m-1783616400,01:00-01:05,95.00,6.00,94.00,5.00,882.22,422.16,358.95,854.27,94.50,5.50,1.00,1.00,24218.59,22205.87,22785.25,24208.59,94,5,5,94,62635.76,62694.87,,
2026-07-10T01:03:16+08:00,btc-updown-5m-1783616400,https://polymarket.com/zh/event/btc-updown-5m-1783616400,01:00-01:05,95.00,6.00,94.00,5.00,1085.75,237.16,237.16,1085.75,94.50,5.50,1.00,1.00,24205.59,22699.09,22720.09,24195.59,94,5,5,94,62635.76,62694.87,,
2026-07-10T01:03:18+08:00,btc-updown-5m-1783616400,https://polymarket.com/zh/event/btc-updown-5m-1783616400,01:00-01:05,95.00,6.00,94.00,5.00,1442.54,307.36,307.36,1522.12,94.50,5.50,1.00,1.00,24185.59,23680.21,23754.79,24185.59,94,5,5,94,62635.76,62694.87,,
2026-07-10T01:03:20+08:00,btc-updown-5m-1783616400,https://polymarket.com/zh/event/btc-updown-5m-1783616400,01:00-01:05,95.00,6.00,94.00,5.00,835.46,482.87,511.88,834.45,94.50,5.50,1.00,1.00,24013.26,22994.13,22974.12,24008.25,94,5,5,94,62635.76,62692.85,,
